date,sku_id,on_hand_units,on_order_units,lead_time_days,reorder_point
2024-01-01,SKU0001,214,0,4,113
2024-01-08,SKU0001,151,0,4,121
2024-01-15,SKU0001,85,0,4,119
2024-01-22,SKU0001,177,8,4,130
2024-01-29,SKU0001,117,0,4,106
2024-02-05,SKU0001,46,0,4,124
2024-02-12,SKU0001,0,0,4,113
2024-02-19,SKU0001,0,0,4,110
2024-02-26,SKU0001,0,0,4,146
2024-03-04,SKU0001,0,0,4,124
2024-03-11,SKU0001,0,187,4,137
2024-03-18,SKU0001,0,0,4,200
2024-03-25,SKU0001,0,0,4,120
2024-04-01,SKU0001,0,216,4,165
2024-04-08,SKU0001,79,10,4,126
2024-04-15,SKU0001,0,163,4,140
2024-04-22,SKU0001,146,2,4,165
2024-04-29,SKU0001,50,0,4,165
2024-05-06,SKU0001,108,20,4,205
2024-05-13,SKU0001,10,0,4,182
2024-05-20,SKU0001,0,0,4,169
2024-05-27,SKU0001,0,0,4,186
2024-06-03,SKU0001,0,0,4,133
2024-06-10,SKU0001,207,52,4,143
2024-06-17,SKU0001,129,0,4,154
2024-06-24,SKU0001,55,145,4,132
2024-07-01,SKU0001,0,0,4,185
2024-07-08,SKU0001,0,0,4,170
2024-07-15,SKU0001,141,3,4,143
2024-07-22,SKU0001,38,0,4,191
2024-07-29,SKU0001,0,0,4,123
2024-08-05,SKU0001,0,0,4,128
2024-08-12,SKU0001,185,66,4,135
2024-08-19,SKU0001,93,0,4,153
2024-08-26,SKU0001,11,0,4,134
2024-09-02,SKU0001,0,0,4,124
2024-09-09,SKU0001,99,35,4,158
2024-09-16,SKU0001,13,156,4,149
2024-09-23,SKU0001,0,0,4,104
2024-09-30,SKU0001,0,238,4,115
2024-10-07,SKU0001,0,0,4,162
2024-10-14,SKU0001,0,0,4,156
2024-10-21,SKU0001,0,0,4,259
2024-10-28,SKU0001,0,0,4,195
2024-11-04,SKU0001,0,0,4,228
2024-11-11,SKU0001,0,0,4,155
2024-11-18,SKU0001,0,0,4,176
2024-11-25,SKU0001,0,0,4,244
2024-12-02,SKU0001,0,313,4,246
2024-12-09,SKU0001,0,0,4,253
2024-12-16,SKU0001,0,0,4,209
2024-12-23,SKU0001,0,0,4,231
2024-12-30,SKU0001,0,0,4,133
2025-01-06,SKU0001,0,211,4,142
2025-01-13,SKU0001,0,162,4,126
2025-01-20,SKU0001,0,0,4,155
2025-01-27,SKU0001,0,0,4,174
2025-02-03,SKU0001,0,0,4,166
2025-02-10,SKU0001,83,3,4,104
2025-02-17,SKU0001,12,0,4,114
2025-02-24,SKU0001,190,18,4,156
2025-03-03,SKU0001,104,0,4,154
2025-03-10,SKU0001,24,0,4,118
2025-03-17,SKU0001,231,51,4,259
2025-03-24,SKU0001,135,261,4,151
2025-03-31,SKU0001,50,0,4,143
2025-04-07,SKU0001,0,0,4,191
2025-04-14,SKU0001,0,0,4,190
2025-04-21,SKU0001,0,133,4,197
2025-04-28,SKU0001,0,0,4,130
2025-05-05,SKU0001,0,0,4,132
2025-05-12,SKU0001,0,0,4,117
2025-05-19,SKU0001,164,22,4,177
2025-05-26,SKU0001,89,0,4,141
2025-06-02,SKU0001,140,23,4,145
2025-06-09,SKU0001,54,0,4,146
2025-06-16,SKU0001,0,0,4,169
2025-06-23,SKU0001,0,0,4,183
2025-06-30,SKU0001,0,0,4,190
2025-07-07,SKU0001,0,0,4,134
2025-07-14,SKU0001,0,0,4,152
2025-07-21,SKU0001,144,14,4,161
2025-07-28,SKU0001,27,0,4,227
2025-08-04,SKU0001,210,36,4,192
2025-08-11,SKU0001,128,0,4,168
2025-08-18,SKU0001,29,0,4,180
2025-08-25,SKU0001,0,225,4,179
2025-09-01,SKU0001,0,225,4,171
2025-09-08,SKU0001,0,125,4,157
2025-09-15,SKU0001,155,25,4,141
2025-09-22,SKU0001,55,212,4,161
2025-09-29,SKU0001,0,0,4,219
2025-10-06,SKU0001,0,212,4,164
2025-10-13,SKU0001,0,0,4,213
2025-10-20,SKU0001,0,0,4,272
2025-10-27,SKU0001,0,0,4,205
2025-11-03,SKU0001,0,298,4,233
2025-11-10,SKU0001,0,0,4,195
2025-11-17,SKU0001,0,0,4,221
2025-11-24,SKU0001,0,0,4,295
2025-12-01,SKU0001,0,0,4,240
2025-12-08,SKU0001,0,0,4,174
2025-12-15,SKU0001,0,0,4,255
2025-12-22,SKU0001,144,11,4,212
2025-12-29,SKU0001,144,19,4,96
2024-01-01,SKU0002,167,0,6,100
2024-01-08,SKU0002,116,0,6,115
2024-01-15,SKU0002,68,66,6,104
2024-01-22,SKU0002,23,0,6,91
2024-01-29,SKU0002,0,0,6,108
2024-02-05,SKU0002,0,77,6,99
2024-02-12,SKU0002,0,0,6,115
2024-02-19,SKU0002,0,0,6,113
2024-02-26,SKU0002,0,0,6,111
2024-03-04,SKU0002,0,0,6,128
2024-03-11,SKU0002,0,0,6,153
2024-03-18,SKU0002,0,0,6,179
2024-03-25,SKU0002,0,0,6,94
2024-04-01,SKU0002,0,0,6,96
2024-04-08,SKU0002,0,0,6,83
2024-04-15,SKU0002,0,209,6,148
2024-04-22,SKU0002,0,0,6,142
2024-04-29,SKU0002,0,0,6,110
2024-05-06,SKU0002,0,0,6,114
2024-05-13,SKU0002,0,0,6,111
2024-05-20,SKU0002,0,0,6,129
2024-05-27,SKU0002,156,44,6,143
2024-06-03,SKU0002,111,116,6,87
2024-06-10,SKU0002,146,16,6,124
2024-06-17,SKU0002,83,0,6,149
2024-06-24,SKU0002,17,0,6,146
2024-07-01,SKU0002,0,0,6,175
2024-07-08,SKU0002,160,34,6,164
2024-07-15,SKU0002,97,0,6,107
2024-07-22,SKU0002,27,209,6,153
2024-07-29,SKU0002,0,0,6,120
2024-08-05,SKU0002,0,0,6,133
2024-08-12,SKU0002,0,0,6,94
2024-08-19,SKU0002,0,0,6,135
2024-08-26,SKU0002,158,27,6,122
2024-09-02,SKU0002,90,0,6,110
2024-09-09,SKU0002,157,8,6,179
2024-09-16,SKU0002,98,0,6,123
2024-09-23,SKU0002,27,0,6,127
2024-09-30,SKU0002,127,30,6,171
2024-10-07,SKU0002,57,0,6,130
2024-10-14,SKU0002,0,0,6,150
2024-10-21,SKU0002,0,0,6,150
2024-10-28,SKU0002,0,0,6,171
2024-11-04,SKU0002,0,257,6,183
2024-11-11,SKU0002,88,22,6,144
2024-11-18,SKU0002,0,0,6,157
2024-11-25,SKU0002,215,23,6,284
2024-12-02,SKU0002,235,7,6,148
2024-12-09,SKU0002,257,45,6,182
2024-12-16,SKU0002,347,9,6,213
2024-12-23,SKU0002,256,116,6,165
2024-12-30,SKU0002,172,0,6,172
2025-01-06,SKU0002,251,13,6,107
2025-01-13,SKU0002,183,116,6,159
2025-01-20,SKU0002,187,2,6,107
2025-01-27,SKU0002,291,14,6,113
2025-02-03,SKU0002,228,0,6,139
2025-02-10,SKU0002,177,0,6,95
2025-02-17,SKU0002,120,0,6,130
2025-02-24,SKU0002,62,0,6,129
2025-03-03,SKU0002,0,0,6,146
2025-03-10,SKU0002,0,0,6,142
2025-03-17,SKU0002,0,0,6,233
2025-03-24,SKU0002,0,0,6,144
2025-03-31,SKU0002,0,0,6,153
2025-04-07,SKU0002,0,0,6,169
2025-04-14,SKU0002,155,6,6,167
2025-04-21,SKU0002,84,0,6,136
2025-04-28,SKU0002,185,26,6,124
2025-05-05,SKU0002,115,148,6,142
2025-05-12,SKU0002,46,127,6,116
2025-05-19,SKU0002,0,0,6,122
2025-05-26,SKU0002,78,14,6,125
2025-06-02,SKU0002,3,85,6,131
2025-06-09,SKU0002,0,0,6,151
2025-06-16,SKU0002,0,180,6,167
2025-06-23,SKU0002,104,9,6,143
2025-06-30,SKU0002,108,9,6,167
2025-07-07,SKU0002,34,193,6,162
2025-07-14,SKU0002,0,0,6,151
2025-07-21,SKU0002,0,0,6,148
2025-07-28,SKU0002,104,3,6,165
2025-08-04,SKU0002,32,0,6,174
2025-08-11,SKU0002,0,0,6,118
2025-08-18,SKU0002,0,0,6,166
2025-08-25,SKU0002,119,26,6,154
2025-09-01,SKU0002,42,0,6,136
2025-09-08,SKU0002,0,0,6,156
2025-09-15,SKU0002,0,143,6,134
2025-09-22,SKU0002,82,17,6,127
2025-09-29,SKU0002,0,0,6,218
2025-10-06,SKU0002,0,0,6,159
2025-10-13,SKU0002,0,0,6,184
2025-10-20,SKU0002,0,0,6,197
2025-10-27,SKU0002,90,28,6,189
2025-11-03,SKU0002,0,0,6,202
2025-11-10,SKU0002,0,0,6,136
2025-11-17,SKU0002,0,0,6,160
2025-11-24,SKU0002,0,0,6,224
2025-12-01,SKU0002,230,20,6,188
2025-12-08,SKU0002,144,0,6,206
2025-12-15,SKU0002,55,0,6,173
2025-12-22,SKU0002,0,0,6,247
2025-12-29,SKU0002,0,0,6,71
2024-01-01,SKU0003,111,1,6,43
2024-01-08,SKU0003,102,0,6,22
2024-01-15,SKU0003,85,0,6,32
2024-01-22,SKU0003,71,0,6,27
2024-01-29,SKU0003,60,28,6,20
2024-02-05,SKU0003,63,5,6,27
2024-02-12,SKU0003,76,1,6,26
2024-02-19,SKU0003,63,0,6,28
2024-02-26,SKU0003,48,0,6,37
2024-03-04,SKU0003,31,27,6,36
2024-03-11,SKU0003,13,0,6,36
2024-03-18,SKU0003,72,2,6,51
2024-03-25,SKU0003,56,0,6,37
2024-04-01,SKU0003,35,0,6,53
2024-04-08,SKU0003,69,2,6,40
2024-04-15,SKU0003,53,0,6,27
2024-04-22,SKU0003,27,64,6,51
2024-04-29,SKU0003,8,19,6,36
2024-05-06,SKU0003,0,43,6,46
2024-05-13,SKU0003,0,32,6,36
2024-05-20,SKU0003,0,0,6,29
2024-05-27,SKU0003,0,14,6,27
2024-06-03,SKU0003,0,47,6,32
2024-06-10,SKU0003,37,8,6,37
2024-06-17,SKU0003,24,0,6,28
2024-06-24,SKU0003,7,0,6,28
2024-07-01,SKU0003,92,27,6,72
2024-07-08,SKU0003,72,0,6,40
2024-07-15,SKU0003,47,0,6,48
2024-07-22,SKU0003,28,39,6,36
2024-07-29,SKU0003,8,30,6,38
2024-08-05,SKU0003,0,0,6,28
2024-08-12,SKU0003,0,28,6,30
2024-08-19,SKU0003,0,0,6,22
2024-08-26,SKU0003,0,0,6,22
2024-09-02,SKU0003,0,0,6,26
2024-09-09,SKU0003,0,0,6,22
2024-09-16,SKU0003,32,4,6,33
2024-09-23,SKU0003,22,0,6,26
2024-09-30,SKU0003,10,0,6,24
2024-10-07,SKU0003,0,0,6,36
2024-10-14,SKU0003,0,0,6,34
2024-10-21,SKU0003,0,0,6,41
2024-10-28,SKU0003,0,0,6,50
2024-11-04,SKU0003,0,0,6,53
2024-11-11,SKU0003,0,17,6,28
2024-11-18,SKU0003,0,25,6,33
2024-11-25,SKU0003,0,0,6,48
2024-12-02,SKU0003,0,0,6,29
2024-12-09,SKU0003,54,18,6,52
2024-12-16,SKU0003,81,2,6,46
2024-12-23,SKU0003,85,1,6,41
2024-12-30,SKU0003,67,0,6,36
2025-01-06,SKU0003,47,0,6,36
2025-01-13,SKU0003,34,0,6,28
2025-01-20,SKU0003,18,0,6,42
2025-01-27,SKU0003,36,3,6,43
2025-02-03,SKU0003,26,13,6,21
2025-02-10,SKU0003,10,0,6,35
2025-02-17,SKU0003,0,0,6,40
2025-02-24,SKU0003,0,42,6,32
2025-03-03,SKU0003,0,0,6,38
2025-03-10,SKU0003,0,0,6,21
2025-03-17,SKU0003,0,71,6,69
2025-03-24,SKU0003,14,5,6,27
2025-03-31,SKU0003,3,0,6,23
2025-04-07,SKU0003,38,8,6,30
2025-04-14,SKU0003,24,0,6,30
2025-04-21,SKU0003,6,0,6,33
2025-04-28,SKU0003,0,0,6,39
2025-05-05,SKU0003,0,0,6,28
2025-05-12,SKU0003,0,0,6,32
2025-05-19,SKU0003,0,0,6,39
2025-05-26,SKU0003,0,0,6,47
2025-06-02,SKU0003,13,4,6,25
2025-06-09,SKU0003,34,4,6,32
2025-06-16,SKU0003,47,12,6,31
2025-06-23,SKU0003,31,0,6,33
2025-06-30,SKU0003,2,0,6,63
2025-07-07,SKU0003,0,36,6,33
2025-07-14,SKU0003,39,5,6,33
2025-07-21,SKU0003,26,0,6,27
2025-07-28,SKU0003,4,0,6,42
2025-08-04,SKU0003,0,33,6,34
2025-08-11,SKU0003,0,41,6,32
2025-08-18,SKU0003,0,44,6,35
2025-08-25,SKU0003,0,0,6,36
2025-09-01,SKU0003,0,0,6,37
2025-09-08,SKU0003,13,3,6,30
2025-09-15,SKU0003,0,0,6,59
2025-09-22,SKU0003,0,39,6,41
2025-09-29,SKU0003,0,0,6,38
2025-10-06,SKU0003,0,0,6,30
2025-10-13,SKU0003,0,0,6,46
2025-10-20,SKU0003,29,8,6,49
2025-10-27,SKU0003,7,0,6,47
2025-11-03,SKU0003,0,0,6,45
2025-11-10,SKU0003,0,0,6,42
2025-11-17,SKU0003,0,45,6,41
2025-11-24,SKU0003,0,0,6,62
2025-12-01,SKU0003,0,0,6,52
2025-12-08,SKU0003,0,36,6,51
2025-12-15,SKU0003,57,5,6,61
2025-12-22,SKU0003,65,4,6,30
2025-12-29,SKU0003,72,5,6,26
2024-01-01,SKU0004,97,0,13,65
2024-01-08,SKU0004,83,0,13,38
2024-01-15,SKU0004,60,0,13,64
2024-01-22,SKU0004,42,0,13,52
2024-01-29,SKU0004,58,10,13,47
2024-02-05,SKU0004,38,36,13,69
2024-02-12,SKU0004,23,0,13,53
2024-02-19,SKU0004,1,0,13,57
2024-02-26,SKU0004,0,0,13,45
2024-03-04,SKU0004,0,37,13,69
2024-03-11,SKU0004,0,16,13,42
2024-03-18,SKU0004,63,1,13,60
2024-03-25,SKU0004,49,41,13,41
2024-04-01,SKU0004,33,0,13,52
2024-04-08,SKU0004,16,0,13,64
2024-04-15,SKU0004,3,0,13,39
2024-04-22,SKU0004,0,0,13,89
2024-04-29,SKU0004,0,0,13,82
2024-05-06,SKU0004,0,0,13,85
2024-05-13,SKU0004,0,36,13,88
2024-05-20,SKU0004,0,0,13,60
2024-05-27,SKU0004,0,0,13,46
2024-06-03,SKU0004,0,0,13,55
2024-06-10,SKU0004,0,58,13,62
2024-06-17,SKU0004,0,0,13,55
2024-06-24,SKU0004,16,7,13,76
2024-07-01,SKU0004,20,5,13,56
2024-07-08,SKU0004,0,0,13,67
2024-07-15,SKU0004,53,3,13,60
2024-07-22,SKU0004,35,0,13,53
2024-07-29,SKU0004,14,0,13,70
2024-08-05,SKU0004,0,0,13,51
2024-08-12,SKU0004,0,0,13,65
2024-08-19,SKU0004,0,0,13,56
2024-08-26,SKU0004,0,0,13,52
2024-09-02,SKU0004,0,0,13,42
2024-09-09,SKU0004,55,2,13,78
2024-09-16,SKU0004,35,0,13,74
2024-09-23,SKU0004,21,30,13,43
2024-09-30,SKU0004,5,0,13,57
2024-10-07,SKU0004,0,28,13,51
2024-10-14,SKU0004,0,28,13,77
2024-10-21,SKU0004,0,0,13,122
2024-10-28,SKU0004,0,0,13,114
2024-11-04,SKU0004,35,4,13,90
2024-11-11,SKU0004,13,0,13,69
2024-11-18,SKU0004,60,5,13,93
2024-11-25,SKU0004,30,0,13,87
2024-12-02,SKU0004,48,10,13,75
2024-12-09,SKU0004,23,71,13,78
2024-12-16,SKU0004,0,0,13,111
2024-12-23,SKU0004,0,0,13,103
2024-12-30,SKU0004,35,5,13,50
2025-01-06,SKU0004,16,0,13,59
2025-01-13,SKU0004,1,0,13,39
2025-01-20,SKU0004,0,0,13,39
2025-01-27,SKU0004,0,20,13,43
2025-02-03,SKU0004,0,0,13,49
2025-02-10,SKU0004,0,0,13,57
2025-02-17,SKU0004,0,33,13,35
2025-02-24,SKU0004,0,23,13,62
2025-03-03,SKU0004,0,0,13,72
2025-03-10,SKU0004,0,0,13,57
2025-03-17,SKU0004,42,4,13,88
2025-03-24,SKU0004,61,6,13,69
2025-03-31,SKU0004,40,0,13,61
2025-04-07,SKU0004,19,0,13,70
2025-04-14,SKU0004,0,72,13,78
2025-04-21,SKU0004,0,0,13,49
2025-04-28,SKU0004,0,0,13,64
2025-05-05,SKU0004,0,0,13,45
2025-05-12,SKU0004,0,0,13,47
2025-05-19,SKU0004,0,0,13,62
2025-05-26,SKU0004,0,0,13,61
2025-06-02,SKU0004,51,11,13,83
2025-06-09,SKU0004,35,0,13,56
2025-06-16,SKU0004,9,26,13,88
2025-06-23,SKU0004,0,0,13,88
2025-06-30,SKU0004,0,0,13,80
2025-07-07,SKU0004,0,0,13,70
2025-07-14,SKU0004,0,0,13,60
2025-07-21,SKU0004,0,0,13,35
2025-07-28,SKU0004,0,31,13,69
2025-08-04,SKU0004,0,0,13,82
2025-08-11,SKU0004,0,0,13,65
2025-08-18,SKU0004,39,13,13,64
2025-08-25,SKU0004,37,6,13,67
2025-09-01,SKU0004,22,29,13,51
2025-09-08,SKU0004,30,6,13,84
2025-09-15,SKU0004,6,0,13,81
2025-09-22,SKU0004,0,0,13,66
2025-09-29,SKU0004,0,0,13,72
2025-10-06,SKU0004,38,5,13,74
2025-10-13,SKU0004,17,0,13,77
2025-10-20,SKU0004,0,0,13,67
2025-10-27,SKU0004,54,17,13,88
2025-11-03,SKU0004,21,66,13,99
2025-11-10,SKU0004,0,0,13,71
2025-11-17,SKU0004,0,0,13,62
2025-11-24,SKU0004,0,0,13,108
2025-12-01,SKU0004,0,0,13,95
2025-12-08,SKU0004,0,0,13,69
2025-12-15,SKU0004,0,0,13,83
2025-12-22,SKU0004,0,0,13,96
2025-12-29,SKU0004,25,11,13,41
2024-01-01,SKU0005,579,0,6,292
2024-01-08,SKU0005,461,372,6,223
2024-01-15,SKU0005,376,0,6,205
2024-01-22,SKU0005,408,54,6,182
2024-01-29,SKU0005,300,0,6,203
2024-02-05,SKU0005,204,0,6,237
2024-02-12,SKU0005,257,41,6,184
2024-02-19,SKU0005,182,149,6,165
2024-02-26,SKU0005,92,0,6,188
2024-03-04,SKU0005,0,0,6,229
2024-03-11,SKU0005,0,0,6,263
2024-03-18,SKU0005,325,76,6,352
2024-03-25,SKU0005,201,0,6,309
2024-04-01,SKU0005,43,0,6,270
2024-04-08,SKU0005,0,0,6,239
2024-04-15,SKU0005,0,0,6,232
2024-04-22,SKU0005,0,0,6,265
2024-04-29,SKU0005,0,0,6,253
2024-05-06,SKU0005,0,0,6,268
2024-05-13,SKU0005,0,0,6,232
2024-05-20,SKU0005,0,182,6,291
2024-05-27,SKU0005,227,65,6,309
2024-06-03,SKU0005,252,14,6,294
2024-06-10,SKU0005,334,61,6,218
2024-06-17,SKU0005,208,0,6,271
2024-06-24,SKU0005,320,51,6,267
2024-07-01,SKU0005,153,0,6,351
2024-07-08,SKU0005,319,26,6,248
2024-07-15,SKU0005,198,339,6,262
2024-07-22,SKU0005,190,29,6,196
2024-07-29,SKU0005,89,0,6,214
2024-08-05,SKU0005,0,0,6,252
2024-08-12,SKU0005,0,0,6,242
2024-08-19,SKU0005,0,0,6,244
2024-08-26,SKU0005,0,0,6,287
2024-09-02,SKU0005,0,0,6,254
2024-09-09,SKU0005,0,0,6,231
2024-09-16,SKU0005,0,0,6,238
2024-09-23,SKU0005,0,0,6,278
2024-09-30,SKU0005,0,0,6,239
2024-10-07,SKU0005,0,0,6,235
2024-10-14,SKU0005,0,0,6,297
2024-10-21,SKU0005,0,0,6,331
2024-10-28,SKU0005,0,0,6,388
2024-11-04,SKU0005,0,583,6,438
2024-11-11,SKU0005,0,0,6,333
2024-11-18,SKU0005,375,102,6,358
2024-11-25,SKU0005,411,52,6,416
2024-12-02,SKU0005,240,0,6,394
2024-12-09,SKU0005,268,34,6,291
2024-12-16,SKU0005,370,21,6,370
2024-12-23,SKU0005,511,109,6,274
2024-12-30,SKU0005,390,0,6,257
2025-01-06,SKU0005,614,15,6,224
2025-01-13,SKU0005,681,67,6,227
2025-01-20,SKU0005,567,0,6,250
2025-01-27,SKU0005,447,0,6,242
2025-02-03,SKU0005,308,0,6,235
2025-02-10,SKU0005,169,240,6,297
2025-02-17,SKU0005,30,280,6,266
2025-02-24,SKU0005,134,6,6,260
2025-03-03,SKU0005,434,17,6,339
2025-03-10,SKU0005,306,0,6,234
2025-03-17,SKU0005,450,70,6,393
2025-03-24,SKU0005,331,0,6,264
2025-03-31,SKU0005,198,0,6,244
2025-04-07,SKU0005,82,0,6,221
2025-04-14,SKU0005,0,0,6,293
2025-04-21,SKU0005,0,0,6,208
2025-04-28,SKU0005,240,87,6,289
2025-05-05,SKU0005,437,13,6,300
2025-05-12,SKU0005,275,0,6,331
2025-05-19,SKU0005,129,0,6,328
2025-05-26,SKU0005,0,0,6,353
2025-06-02,SKU0005,0,0,6,288
2025-06-09,SKU0005,0,435,6,258
2025-06-16,SKU0005,0,0,6,281
2025-06-23,SKU0005,0,0,6,222
2025-06-30,SKU0005,0,0,6,316
2025-07-07,SKU0005,0,0,6,347
2025-07-14,SKU0005,0,0,6,247
2025-07-21,SKU0005,244,66,6,242
2025-07-28,SKU0005,68,0,6,348
2025-08-04,SKU0005,0,368,6,324
2025-08-11,SKU0005,0,0,6,317
2025-08-18,SKU0005,0,324,6,290
2025-08-25,SKU0005,181,37,6,283
2025-09-01,SKU0005,63,407,6,258
2025-09-08,SKU0005,0,0,6,304
2025-09-15,SKU0005,0,0,6,205
2025-09-22,SKU0005,0,0,6,276
2025-09-29,SKU0005,0,0,6,273
2025-10-06,SKU0005,143,56,6,339
2025-10-13,SKU0005,0,0,6,450
2025-10-20,SKU0005,311,85,6,442
2025-10-27,SKU0005,94,0,6,423
2025-11-03,SKU0005,207,40,6,326
2025-11-10,SKU0005,41,0,6,312
2025-11-17,SKU0005,0,0,6,362
2025-11-24,SKU0005,251,66,6,404
2025-12-01,SKU0005,39,0,6,368
2025-12-08,SKU0005,0,0,6,394
2025-12-15,SKU0005,0,0,6,324
2025-12-22,SKU0005,0,0,6,404
2025-12-29,SKU0005,179,58,6,214
2024-01-01,SKU0006,34,57,13,95
2024-01-08,SKU0006,16,0,13,58
2024-01-15,SKU0006,0,0,13,75
2024-01-22,SKU0006,0,0,13,80
2024-01-29,SKU0006,0,0,13,74
2024-02-05,SKU0006,0,0,13,100
2024-02-12,SKU0006,0,0,13,93
2024-02-19,SKU0006,0,0,13,79
2024-02-26,SKU0006,45,3,13,82
2024-03-04,SKU0006,61,13,13,103
2024-03-11,SKU0006,24,0,13,134
2024-03-18,SKU0006,0,0,13,80
2024-03-25,SKU0006,0,59,13,108
2024-04-01,SKU0006,33,11,13,61
2024-04-08,SKU0006,13,0,13,62
2024-04-15,SKU0006,0,0,13,114
2024-04-22,SKU0006,0,0,13,99
2024-04-29,SKU0006,0,0,13,69
2024-05-06,SKU0006,0,0,13,85
2024-05-13,SKU0006,0,0,13,93
2024-05-20,SKU0006,35,15,13,117
2024-05-27,SKU0006,9,0,13,79
2024-06-03,SKU0006,68,20,13,81
2024-06-10,SKU0006,47,40,13,60
2024-06-17,SKU0006,16,50,13,81
2024-06-24,SKU0006,0,0,13,73
2024-07-01,SKU0006,0,0,13,112
2024-07-08,SKU0006,0,0,13,99
2024-07-15,SKU0006,0,0,13,84
2024-07-22,SKU0006,0,0,13,76
2024-07-29,SKU0006,0,0,13,74
2024-08-05,SKU0006,65,12,13,98
2024-08-12,SKU0006,39,0,13,99
2024-08-19,SKU0006,8,0,13,85
2024-08-26,SKU0006,0,0,13,97
2024-09-02,SKU0006,0,0,13,63
2024-09-09,SKU0006,0,0,13,62
2024-09-16,SKU0006,0,0,13,62
2024-09-23,SKU0006,0,0,13,104
2024-09-30,SKU0006,0,0,13,111
2024-10-07,SKU0006,0,52,13,99
2024-10-14,SKU0006,0,0,13,125
2024-10-21,SKU0006,0,50,13,94
2024-10-28,SKU0006,0,0,13,126
2024-11-04,SKU0006,0,0,13,100
2024-11-11,SKU0006,0,0,13,118
2024-11-18,SKU0006,0,0,13,113
2024-11-25,SKU0006,0,0,13,157
2024-12-02,SKU0006,0,0,13,133
2024-12-09,SKU0006,0,75,13,76
2024-12-16,SKU0006,0,105,13,164
2024-12-23,SKU0006,0,0,13,171
2024-12-30,SKU0006,0,0,13,91
2025-01-06,SKU0006,0,0,13,84
2025-01-13,SKU0006,30,6,13,65
2025-01-20,SKU0006,2,0,13,93
2025-01-27,SKU0006,0,0,13,91
2025-02-03,SKU0006,35,8,13,101
2025-02-10,SKU0006,20,0,13,60
2025-02-17,SKU0006,0,0,13,88
2025-02-24,SKU0006,0,33,13,70
2025-03-03,SKU0006,0,0,13,117
2025-03-10,SKU0006,0,0,13,82
2025-03-17,SKU0006,45,6,13,88
2025-03-24,SKU0006,10,0,13,114
2025-03-31,SKU0006,0,76,13,81
2025-04-07,SKU0006,44,17,13,63
2025-04-14,SKU0006,16,0,13,77
2025-04-21,SKU0006,0,0,13,127
2025-04-28,SKU0006,55,4,13,75
2025-05-05,SKU0006,24,0,13,92
2025-05-12,SKU0006,0,0,13,93
2025-05-19,SKU0006,0,0,13,81
2025-05-26,SKU0006,0,0,13,107
2025-06-02,SKU0006,0,0,13,99
2025-06-09,SKU0006,0,0,13,119
2025-06-16,SKU0006,0,0,13,71
2025-06-23,SKU0006,0,0,13,54
2025-06-30,SKU0006,0,91,13,128
2025-07-07,SKU0006,0,0,13,105
2025-07-14,SKU0006,0,0,13,103
2025-07-21,SKU0006,0,0,13,134
2025-07-28,SKU0006,0,0,13,117
2025-08-04,SKU0006,0,0,13,111
2025-08-11,SKU0006,0,0,13,136
2025-08-18,SKU0006,0,0,13,102
2025-08-25,SKU0006,50,22,13,104
2025-09-01,SKU0006,87,11,13,87
2025-09-08,SKU0006,53,0,13,94
2025-09-15,SKU0006,16,0,13,130
2025-09-22,SKU0006,0,0,13,87
2025-09-29,SKU0006,0,0,13,109
2025-10-06,SKU0006,0,0,13,103
2025-10-13,SKU0006,114,9,13,141
2025-10-20,SKU0006,71,0,13,131
2025-10-27,SKU0006,26,0,13,145
2025-11-03,SKU0006,0,0,13,137
2025-11-10,SKU0006,121,39,13,177
2025-11-17,SKU0006,69,132,13,164
2025-11-24,SKU0006,6,0,13,204
2025-12-01,SKU0006,0,0,13,131
2025-12-08,SKU0006,0,0,13,142
2025-12-15,SKU0006,0,102,13,153
2025-12-22,SKU0006,64,5,13,130
2025-12-29,SKU0006,61,4,13,37
2024-01-01,SKU0007,117,0,14,85
2024-01-08,SKU0007,142,6,14,105
2024-01-15,SKU0007,112,0,14,117
2024-01-22,SKU0007,71,0,14,151
2024-01-29,SKU0007,108,13,14,144
2024-02-05,SKU0007,69,62,14,118
2024-02-12,SKU0007,26,0,14,153
2024-02-19,SKU0007,0,113,14,109
2024-02-26,SKU0007,0,106,14,136
2024-03-04,SKU0007,0,0,14,99
2024-03-11,SKU0007,0,0,14,149
2024-03-18,SKU0007,113,7,14,160
2024-03-25,SKU0007,77,0,14,120
2024-04-01,SKU0007,46,0,14,107
2024-04-08,SKU0007,12,0,14,122
2024-04-15,SKU0007,0,0,14,155
2024-04-22,SKU0007,0,0,14,110
2024-04-29,SKU0007,0,103,14,133
2024-05-06,SKU0007,0,0,14,145
2024-05-13,SKU0007,0,0,14,129
2024-05-20,SKU0007,0,0,14,172
2024-05-27,SKU0007,0,0,14,106
2024-06-03,SKU0007,115,49,14,167
2024-06-10,SKU0007,68,0,14,175
2024-06-17,SKU0007,94,11,14,172
2024-06-24,SKU0007,52,0,14,163
2024-07-01,SKU0007,0,0,14,163
2024-07-08,SKU0007,0,117,14,162
2024-07-15,SKU0007,150,5,14,148
2024-07-22,SKU0007,104,0,14,147
2024-07-29,SKU0007,63,0,14,117
2024-08-05,SKU0007,62,7,14,132
2024-08-12,SKU0007,26,0,14,141
2024-08-19,SKU0007,0,0,14,85
2024-08-26,SKU0007,0,0,14,153
2024-09-02,SKU0007,43,2,14,101
2024-09-09,SKU0007,7,0,14,109
2024-09-16,SKU0007,94,11,14,127
2024-09-23,SKU0007,119,8,14,169
2024-09-30,SKU0007,78,0,14,118
2024-10-07,SKU0007,132,12,14,147
2024-10-14,SKU0007,90,0,14,141
2024-10-21,SKU0007,29,0,14,207
2024-10-28,SKU0007,108,21,14,233
2024-11-04,SKU0007,48,0,14,198
2024-11-11,SKU0007,0,0,14,185
2024-11-18,SKU0007,0,0,14,159
2024-11-25,SKU0007,86,11,14,197
2024-12-02,SKU0007,26,0,14,206
2024-12-09,SKU0007,0,144,14,227
2024-12-16,SKU0007,0,0,14,209
2024-12-23,SKU0007,0,0,14,259
2024-12-30,SKU0007,0,103,14,121
2025-01-06,SKU0007,0,0,14,151
2025-01-13,SKU0007,0,0,14,99
2025-01-20,SKU0007,0,81,14,87
2025-01-27,SKU0007,0,0,14,125
2025-02-03,SKU0007,0,0,14,157
2025-02-10,SKU0007,0,0,14,160
2025-02-17,SKU0007,85,13,14,143
2025-02-24,SKU0007,36,0,14,166
2025-03-03,SKU0007,0,0,14,195
2025-03-10,SKU0007,0,0,14,144
2025-03-17,SKU0007,0,0,14,178
2025-03-24,SKU0007,33,4,14,129
2025-03-31,SKU0007,2,0,14,106
2025-04-07,SKU0007,0,83,14,140
2025-04-14,SKU0007,0,0,14,137
2025-04-21,SKU0007,0,0,14,119
2025-04-28,SKU0007,0,0,14,146
2025-05-05,SKU0007,143,19,14,194
2025-05-12,SKU0007,100,122,14,146
2025-05-19,SKU0007,54,94,14,134
2025-05-26,SKU0007,71,19,14,169
2025-06-02,SKU0007,31,0,14,142
2025-06-09,SKU0007,0,109,14,131
2025-06-16,SKU0007,57,19,14,94
2025-06-23,SKU0007,23,82,14,136
2025-06-30,SKU0007,78,15,14,201
2025-07-07,SKU0007,28,0,14,154
2025-07-14,SKU0007,0,0,14,163
2025-07-21,SKU0007,0,79,14,121
2025-07-28,SKU0007,0,0,14,138
2025-08-04,SKU0007,92,34,14,125
2025-08-11,SKU0007,41,0,14,203
2025-08-18,SKU0007,0,0,14,181
2025-08-25,SKU0007,0,0,14,175
2025-09-01,SKU0007,0,0,14,179
2025-09-08,SKU0007,63,19,14,132
2025-09-15,SKU0007,23,0,14,122
2025-09-22,SKU0007,0,0,14,103
2025-09-29,SKU0007,0,0,14,149
2025-10-06,SKU0007,0,0,14,119
2025-10-13,SKU0007,0,0,14,174
2025-10-20,SKU0007,0,0,14,234
2025-10-27,SKU0007,0,0,14,254
2025-11-03,SKU0007,0,0,14,232
2025-11-10,SKU0007,0,0,14,191
2025-11-17,SKU0007,0,0,14,161
2025-11-24,SKU0007,0,0,14,235
2025-12-01,SKU0007,0,0,14,234
2025-12-08,SKU0007,0,0,14,214
2025-12-15,SKU0007,0,0,14,156
2025-12-22,SKU0007,62,24,14,185
2025-12-29,SKU0007,40,0,14,73
2024-01-01,SKU0008,65,0,4,14
2024-01-08,SKU0008,59,0,4,12
2024-01-15,SKU0008,53,0,4,12
2024-01-22,SKU0008,62,4,4,10
2024-01-29,SKU0008,52,15,4,18
2024-02-05,SKU0008,46,0,4,9
2024-02-12,SKU0008,35,0,4,25
2024-02-19,SKU0008,28,13,4,14
2024-02-26,SKU0008,17,0,4,18
2024-03-04,SKU0008,11,0,4,12
2024-03-11,SKU0008,0,0,4,21
2024-03-18,SKU0008,0,0,4,24
2024-03-25,SKU0008,13,5,4,19
2024-04-01,SKU0008,0,0,4,27
2024-04-08,SKU0008,0,0,4,21
2024-04-15,SKU0008,0,0,4,13
2024-04-22,SKU0008,0,0,4,17
2024-04-29,SKU0008,0,0,4,25
2024-05-06,SKU0008,0,0,4,27
2024-05-13,SKU0008,0,0,4,26
2024-05-20,SKU0008,0,0,4,33
2024-05-27,SKU0008,0,24,4,19
2024-06-03,SKU0008,0,0,4,21
2024-06-10,SKU0008,40,4,4,22
2024-06-17,SKU0008,31,14,4,17
2024-06-24,SKU0008,21,0,4,14
2024-07-01,SKU0008,9,0,4,18
2024-07-08,SKU0008,1,25,4,18
2024-07-15,SKU0008,0,0,4,22
2024-07-22,SKU0008,24,1,4,29
2024-07-29,SKU0008,7,47,4,35
2024-08-05,SKU0008,0,0,4,11
2024-08-12,SKU0008,0,0,4,20
2024-08-19,SKU0008,0,0,4,26
2024-08-26,SKU0008,8,4,4,17
2024-09-02,SKU0008,0,0,4,21
2024-09-09,SKU0008,0,0,4,20
2024-09-16,SKU0008,0,0,4,22
2024-09-23,SKU0008,0,23,4,29
2024-09-30,SKU0008,0,0,4,16
2024-10-07,SKU0008,12,6,4,16
2024-10-14,SKU0008,1,0,4,18
2024-10-21,SKU0008,0,0,4,16
2024-10-28,SKU0008,39,1,4,30
2024-11-04,SKU0008,48,6,4,31
2024-11-11,SKU0008,34,0,4,23
2024-11-18,SKU0008,15,48,4,35
2024-11-25,SKU0008,0,0,4,37
2024-12-02,SKU0008,34,2,4,21
2024-12-09,SKU0008,16,0,4,29
2024-12-16,SKU0008,0,41,4,29
2024-12-23,SKU0008,28,3,4,26
2024-12-30,SKU0008,18,0,4,19
2025-01-06,SKU0008,23,1,4,18
2025-01-13,SKU0008,11,0,4,20
2025-01-20,SKU0008,2,0,4,15
2025-01-27,SKU0008,0,0,4,20
2025-02-03,SKU0008,17,6,4,29
2025-02-10,SKU0008,8,17,4,15
2025-02-17,SKU0008,0,0,4,23
2025-02-24,SKU0008,0,0,4,18
2025-03-03,SKU0008,0,0,4,24
2025-03-10,SKU0008,0,0,4,16
2025-03-17,SKU0008,20,2,4,29
2025-03-24,SKU0008,11,0,4,19
2025-03-31,SKU0008,18,4,4,27
2025-04-07,SKU0008,36,11,4,21
2025-04-14,SKU0008,27,0,4,16
2025-04-21,SKU0008,18,14,4,16
2025-04-28,SKU0008,5,0,4,27
2025-05-05,SKU0008,0,29,4,31
2025-05-12,SKU0008,16,7,4,28
2025-05-19,SKU0008,0,0,4,25
2025-05-26,SKU0008,0,0,4,23
2025-06-02,SKU0008,0,0,4,24
2025-06-09,SKU0008,0,0,4,25
2025-06-16,SKU0008,0,0,4,14
2025-06-23,SKU0008,0,10,4,10
2025-06-30,SKU0008,0,0,4,41
2025-07-07,SKU0008,0,0,4,22
2025-07-14,SKU0008,0,0,4,21
2025-07-21,SKU0008,0,13,4,12
2025-07-28,SKU0008,13,2,4,18
2025-08-04,SKU0008,38,9,4,27
2025-08-11,SKU0008,20,0,4,31
2025-08-18,SKU0008,17,0,4,10
2025-08-25,SKU0008,4,0,4,22
2025-09-01,SKU0008,0,0,4,29
2025-09-08,SKU0008,0,0,4,14
2025-09-15,SKU0008,0,0,4,22
2025-09-22,SKU0008,0,0,4,12
2025-09-29,SKU0008,0,0,4,43
2025-10-06,SKU0008,0,17,4,26
2025-10-13,SKU0008,0,47,4,31
2025-10-20,SKU0008,0,0,4,35
2025-10-27,SKU0008,0,0,4,37
2025-11-03,SKU0008,0,0,4,38
2025-11-10,SKU0008,0,0,4,28
2025-11-17,SKU0008,0,0,4,17
2025-11-24,SKU0008,36,12,4,53
2025-12-01,SKU0008,13,48,4,37
2025-12-08,SKU0008,2,0,4,19
2025-12-15,SKU0008,0,0,4,30
2025-12-22,SKU0008,0,0,4,28
2025-12-29,SKU0008,0,0,4,23
2024-01-01,SKU0009,145,0,4,46
2024-01-08,SKU0009,108,0,4,63
2024-01-15,SKU0009,126,13,4,40
2024-01-22,SKU0009,109,0,4,32
2024-01-29,SKU0009,116,11,4,41
2024-02-05,SKU0009,139,17,4,65
2024-02-12,SKU0009,174,24,4,58
2024-02-19,SKU0009,242,4,4,71
2024-02-26,SKU0009,207,0,4,60
2024-03-04,SKU0009,179,76,4,51
2024-03-11,SKU0009,143,0,4,51
2024-03-18,SKU0009,172,2,4,51
2024-03-25,SKU0009,143,0,4,60
2024-04-01,SKU0009,116,0,4,43
2024-04-08,SKU0009,83,0,4,52
2024-04-15,SKU0009,46,0,4,67
2024-04-22,SKU0009,71,1,4,60
2024-04-29,SKU0009,79,2,4,67
2024-05-06,SKU0009,37,0,4,73
2024-05-13,SKU0009,74,19,4,62
2024-05-20,SKU0009,32,0,4,73
2024-05-27,SKU0009,35,12,4,52
2024-06-03,SKU0009,7,0,4,49
2024-06-10,SKU0009,0,0,4,63
2024-06-17,SKU0009,68,29,4,49
2024-06-24,SKU0009,89,15,4,46
2024-07-01,SKU0009,46,0,4,69
2024-07-08,SKU0009,18,0,4,51
2024-07-15,SKU0009,79,1,4,59
2024-07-22,SKU0009,40,0,4,57
2024-07-29,SKU0009,14,50,4,43
2024-08-05,SKU0009,0,80,4,71
2024-08-12,SKU0009,40,10,4,50
2024-08-19,SKU0009,8,0,4,66
2024-08-26,SKU0009,0,0,4,53
2024-09-02,SKU0009,0,0,4,60
2024-09-09,SKU0009,37,6,4,45
2024-09-16,SKU0009,2,0,4,62
2024-09-23,SKU0009,0,45,4,52
2024-09-30,SKU0009,0,0,4,75
2024-10-07,SKU0009,0,0,4,60
2024-10-14,SKU0009,0,40,4,57
2024-10-21,SKU0009,0,0,4,73
2024-10-28,SKU0009,142,12,4,85
2024-11-04,SKU0009,98,0,4,90
2024-11-11,SKU0009,54,0,4,74
2024-11-18,SKU0009,9,0,4,69
2024-11-25,SKU0009,0,0,4,88
2024-12-02,SKU0009,0,127,4,86
2024-12-09,SKU0009,75,8,4,69
2024-12-16,SKU0009,72,10,4,65
2024-12-23,SKU0009,114,39,4,76
2024-12-30,SKU0009,83,0,4,51
2025-01-06,SKU0009,49,0,4,52
2025-01-13,SKU0009,60,4,4,58
2025-01-20,SKU0009,10,0,4,88
2025-01-27,SKU0009,77,3,4,54
2025-02-03,SKU0009,54,73,4,44
2025-02-10,SKU0009,17,0,4,65
2025-02-17,SKU0009,0,0,4,57
2025-02-24,SKU0009,0,0,4,56
2025-03-03,SKU0009,0,0,4,52
2025-03-10,SKU0009,0,0,4,74
2025-03-17,SKU0009,63,17,4,93
2025-03-24,SKU0009,24,0,4,71
2025-03-31,SKU0009,0,48,4,51
2025-04-07,SKU0009,0,0,4,74
2025-04-14,SKU0009,0,0,4,77
2025-04-21,SKU0009,0,79,4,64
2025-04-28,SKU0009,0,0,4,66
2025-05-05,SKU0009,0,0,4,60
2025-05-12,SKU0009,33,14,4,59
2025-05-19,SKU0009,0,0,4,65
2025-05-26,SKU0009,51,10,4,60
2025-06-02,SKU0009,27,0,4,44
2025-06-09,SKU0009,7,0,4,40
2025-06-16,SKU0009,0,77,4,80
2025-06-23,SKU0009,55,10,4,45
2025-06-30,SKU0009,22,0,4,64
2025-07-07,SKU0009,0,0,4,91
2025-07-14,SKU0009,0,0,4,57
2025-07-21,SKU0009,0,0,4,59
2025-07-28,SKU0009,0,0,4,74
2025-08-04,SKU0009,98,6,4,76
2025-08-11,SKU0009,126,17,4,81
2025-08-18,SKU0009,86,0,4,66
2025-08-25,SKU0009,144,12,4,70
2025-09-01,SKU0009,111,0,4,55
2025-09-08,SKU0009,82,0,4,52
2025-09-15,SKU0009,48,0,4,56
2025-09-22,SKU0009,12,0,4,62
2025-09-29,SKU0009,0,62,4,51
2025-10-06,SKU0009,118,10,4,76
2025-10-13,SKU0009,72,0,4,84
2025-10-20,SKU0009,13,0,4,85
2025-10-27,SKU0009,111,7,4,75
2025-11-03,SKU0009,66,0,4,87
2025-11-10,SKU0009,27,0,4,64
2025-11-17,SKU0009,0,0,4,83
2025-11-24,SKU0009,0,0,4,100
2025-12-01,SKU0009,0,0,4,95
2025-12-08,SKU0009,0,0,4,70
2025-12-15,SKU0009,142,9,4,91
2025-12-22,SKU0009,195,32,4,76
2025-12-29,SKU0009,172,0,4,45
2024-01-01,SKU0010,86,0,13,238
2024-01-08,SKU0010,136,26,13,163
2024-01-15,SKU0010,80,0,13,191
2024-01-22,SKU0010,15,0,13,180
2024-01-29,SKU0010,0,0,13,288
2024-02-05,SKU0010,0,0,13,208
2024-02-12,SKU0010,0,0,13,205
2024-02-19,SKU0010,0,0,13,224
2024-02-26,SKU0010,0,0,13,222
2024-03-04,SKU0010,0,0,13,244
2024-03-11,SKU0010,0,0,13,292
2024-03-18,SKU0010,0,0,13,279
2024-03-25,SKU0010,0,152,13,219
2024-04-01,SKU0010,0,0,13,203
2024-04-08,SKU0010,0,0,13,255
2024-04-15,SKU0010,187,19,13,206
2024-04-22,SKU0010,184,21,13,257
2024-04-29,SKU0010,121,0,13,195
2024-05-06,SKU0010,37,0,13,230
2024-05-13,SKU0010,0,0,13,273
2024-05-20,SKU0010,0,0,13,273
2024-05-27,SKU0010,0,0,13,291
2024-06-03,SKU0010,0,0,13,231
2024-06-10,SKU0010,184,1,13,217
2024-06-17,SKU0010,193,17,13,256
2024-06-24,SKU0010,103,0,13,313
2024-07-01,SKU0010,0,0,13,364
2024-07-08,SKU0010,0,0,13,372
2024-07-15,SKU0010,0,0,13,239
2024-07-22,SKU0010,0,0,13,289
2024-07-29,SKU0010,0,224,13,246
2024-08-05,SKU0010,0,0,13,267
2024-08-12,SKU0010,0,171,13,342
2024-08-19,SKU0010,170,20,13,265
2024-08-26,SKU0010,107,73,13,219
2024-09-02,SKU0010,180,31,13,247
2024-09-09,SKU0010,89,216,13,313
2024-09-16,SKU0010,168,52,13,321
2024-09-23,SKU0010,270,26,13,193
2024-09-30,SKU0010,190,0,13,237
2024-10-07,SKU0010,95,0,13,326
2024-10-14,SKU0010,9,0,13,226
2024-10-21,SKU0010,178,19,13,361
2024-10-28,SKU0010,43,0,13,398
2024-11-04,SKU0010,0,180,13,273
2024-11-11,SKU0010,0,0,13,309
2024-11-18,SKU0010,0,0,13,381
2024-11-25,SKU0010,0,0,13,473
2024-12-02,SKU0010,0,0,13,388
2024-12-09,SKU0010,0,0,13,323
2024-12-16,SKU0010,139,5,13,385
2024-12-23,SKU0010,26,0,13,315
2024-12-30,SKU0010,0,0,13,224
2025-01-06,SKU0010,0,0,13,203
2025-01-13,SKU0010,0,0,13,297
2025-01-20,SKU0010,0,0,13,212
2025-01-27,SKU0010,164,45,13,239
2025-02-03,SKU0010,98,0,13,192
2025-02-10,SKU0010,30,0,13,231
2025-02-17,SKU0010,0,0,13,154
2025-02-24,SKU0010,0,0,13,303
2025-03-03,SKU0010,0,0,13,241
2025-03-10,SKU0010,0,0,13,258
2025-03-17,SKU0010,0,0,13,386
2025-03-24,SKU0010,0,0,13,233
2025-03-31,SKU0010,0,0,13,251
2025-04-07,SKU0010,0,0,13,288
2025-04-14,SKU0010,0,101,13,232
2025-04-21,SKU0010,132,35,13,276
2025-04-28,SKU0010,54,0,13,246
2025-05-05,SKU0010,0,297,13,288
2025-05-12,SKU0010,168,45,13,246
2025-05-19,SKU0010,65,0,13,308
2025-05-26,SKU0010,0,0,13,245
2025-06-02,SKU0010,0,0,13,238
2025-06-09,SKU0010,0,0,13,253
2025-06-16,SKU0010,152,47,13,288
2025-06-23,SKU0010,81,97,13,285
2025-06-30,SKU0010,146,1,13,400
2025-07-07,SKU0010,51,0,13,281
2025-07-14,SKU0010,103,19,13,299
2025-07-21,SKU0010,270,22,13,258
2025-07-28,SKU0010,182,245,13,232
2025-08-04,SKU0010,77,0,13,282
2025-08-11,SKU0010,0,125,13,265
2025-08-18,SKU0010,116,23,13,311
2025-08-25,SKU0010,39,0,13,301
2025-09-01,SKU0010,0,0,13,214
2025-09-08,SKU0010,0,118,13,256
2025-09-15,SKU0010,0,0,13,218
2025-09-22,SKU0010,267,22,13,301
2025-09-29,SKU0010,170,0,13,266
2025-10-06,SKU0010,222,29,13,307
2025-10-13,SKU0010,232,17,13,344
2025-10-20,SKU0010,95,330,13,358
2025-10-27,SKU0010,0,0,13,478
2025-11-03,SKU0010,0,199,13,405
2025-11-10,SKU0010,0,0,13,343
2025-11-17,SKU0010,0,0,13,283
2025-11-24,SKU0010,363,8,13,416
2025-12-01,SKU0010,227,244,13,495
2025-12-08,SKU0010,110,0,13,411
2025-12-15,SKU0010,1,0,13,427
2025-12-22,SKU0010,0,289,13,415
2025-12-29,SKU0010,0,0,13,236
2024-01-01,SKU0011,89,0,13,28
2024-01-08,SKU0011,81,0,13,24
2024-01-15,SKU0011,71,0,13,37
2024-01-22,SKU0011,60,0,13,35
2024-01-29,SKU0011,51,0,13,29
2024-02-05,SKU0011,47,0,13,19
2024-02-12,SKU0011,52,6,13,26
2024-02-19,SKU0011,60,7,13,27
2024-02-26,SKU0011,55,19,13,22
2024-03-04,SKU0011,56,2,13,19
2024-03-11,SKU0011,49,14,13,20
2024-03-18,SKU0011,38,0,13,37
2024-03-25,SKU0011,29,0,13,27
2024-04-01,SKU0011,15,0,13,46
2024-04-08,SKU0011,9,15,13,20
2024-04-15,SKU0011,17,6,13,23
2024-04-22,SKU0011,15,8,13,21
2024-04-29,SKU0011,16,1,13,21
2024-05-06,SKU0011,13,0,13,20
2024-05-13,SKU0011,4,0,13,27
2024-05-20,SKU0011,0,0,13,21
2024-05-27,SKU0011,0,0,13,39
2024-06-03,SKU0011,0,0,13,37
2024-06-10,SKU0011,17,1,13,24
2024-06-17,SKU0011,11,0,13,20
2024-06-24,SKU0011,1,0,13,35
2024-07-01,SKU0011,0,0,13,23
2024-07-08,SKU0011,0,17,13,25
2024-07-15,SKU0011,0,0,13,22
2024-07-22,SKU0011,0,0,13,25
2024-07-29,SKU0011,0,0,13,22
2024-08-05,SKU0011,0,28,13,52
2024-08-12,SKU0011,13,2,13,18
2024-08-19,SKU0011,17,3,13,34
2024-08-26,SKU0011,12,0,13,20
2024-09-02,SKU0011,0,0,13,41
2024-09-09,SKU0011,27,2,13,50
2024-09-16,SKU0011,21,0,13,18
2024-09-23,SKU0011,15,0,13,21
2024-09-30,SKU0011,26,5,13,43
2024-10-07,SKU0011,14,0,13,42
2024-10-14,SKU0011,3,22,13,42
2024-10-21,SKU0011,0,0,13,36
2024-10-28,SKU0011,21,8,13,48
2024-11-04,SKU0011,3,49,13,50
2024-11-11,SKU0011,0,21,13,56
2024-11-18,SKU0011,0,0,13,39
2024-11-25,SKU0011,0,0,13,61
2024-12-02,SKU0011,0,0,13,54
2024-12-09,SKU0011,15,2,13,46
2024-12-16,SKU0011,17,2,13,40
2024-12-23,SKU0011,0,0,13,79
2024-12-30,SKU0011,0,0,13,33
2025-01-06,SKU0011,0,27,13,30
2025-01-13,SKU0011,0,0,13,20
2025-01-20,SKU0011,30,10,13,40
2025-01-27,SKU0011,24,0,13,20
2025-02-03,SKU0011,23,2,13,22
2025-02-10,SKU0011,13,0,13,33
2025-02-17,SKU0011,22,6,13,37
2025-02-24,SKU0011,17,0,13,22
2025-03-03,SKU0011,10,0,13,20
2025-03-10,SKU0011,0,0,13,37
2025-03-17,SKU0011,0,19,13,33
2025-03-24,SKU0011,0,0,13,22
2025-03-31,SKU0011,0,0,13,19
2025-04-07,SKU0011,0,0,13,27
2025-04-14,SKU0011,0,0,13,30
2025-04-21,SKU0011,12,5,13,36
2025-04-28,SKU0011,27,1,13,27
2025-05-05,SKU0011,16,0,13,35
2025-05-12,SKU0011,14,0,13,23
2025-05-19,SKU0011,4,0,13,32
2025-05-26,SKU0011,0,0,13,28
2025-06-02,SKU0011,11,4,13,30
2025-06-09,SKU0011,0,35,13,47
2025-06-16,SKU0011,0,9,13,23
2025-06-23,SKU0011,0,15,13,19
2025-06-30,SKU0011,16,8,13,30
2025-07-07,SKU0011,2,0,13,36
2025-07-14,SKU0011,0,0,13,39
2025-07-21,SKU0011,0,0,13,41
2025-07-28,SKU0011,0,0,13,45
2025-08-04,SKU0011,8,3,13,18
2025-08-11,SKU0011,1,0,13,21
2025-08-18,SKU0011,0,0,13,34
2025-08-25,SKU0011,0,0,13,28
2025-09-01,SKU0011,0,24,13,30
2025-09-08,SKU0011,11,4,13,34
2025-09-15,SKU0011,16,1,13,34
2025-09-22,SKU0011,30,4,13,46
2025-09-29,SKU0011,20,17,13,33
2025-10-06,SKU0011,33,10,13,32
2025-10-13,SKU0011,21,0,13,39
2025-10-20,SKU0011,4,0,13,50
2025-10-27,SKU0011,0,0,13,51
2025-11-03,SKU0011,0,0,13,35
2025-11-10,SKU0011,0,0,13,53
2025-11-17,SKU0011,0,0,13,21
2025-11-24,SKU0011,0,26,13,42
2025-12-01,SKU0011,10,3,13,30
2025-12-08,SKU0011,3,0,13,23
2025-12-15,SKU0011,0,0,13,26
2025-12-22,SKU0011,0,0,13,41
2025-12-29,SKU0011,0,16,13,25
2024-01-01,SKU0012,79,36,6,37
2024-01-08,SKU0012,88,11,6,50
2024-01-15,SKU0012,64,0,6,47
2024-01-22,SKU0012,41,0,6,45
2024-01-29,SKU0012,30,0,6,21
2024-02-05,SKU0012,12,0,6,35
2024-02-12,SKU0012,0,0,6,70
2024-02-19,SKU0012,0,0,6,48
2024-02-26,SKU0012,0,0,6,44
2024-03-04,SKU0012,0,0,6,67
2024-03-11,SKU0012,0,0,6,56
2024-03-18,SKU0012,0,0,6,78
2024-03-25,SKU0012,0,0,6,67
2024-04-01,SKU0012,0,0,6,47
2024-04-08,SKU0012,0,0,6,78
2024-04-15,SKU0012,0,0,6,56
2024-04-22,SKU0012,0,0,6,43
2024-04-29,SKU0012,47,14,6,53
2024-05-06,SKU0012,12,0,6,78
2024-05-13,SKU0012,0,0,6,51
2024-05-20,SKU0012,0,36,6,52
2024-05-27,SKU0012,0,0,6,47
2024-06-03,SKU0012,0,0,6,55
2024-06-10,SKU0012,0,37,6,28
2024-06-17,SKU0012,0,64,6,61
2024-06-24,SKU0012,0,0,6,39
2024-07-01,SKU0012,56,22,6,66
2024-07-08,SKU0012,19,0,6,84
2024-07-15,SKU0012,0,0,6,63
2024-07-22,SKU0012,0,0,6,43
2024-07-29,SKU0012,0,0,6,47
2024-08-05,SKU0012,0,0,6,50
2024-08-12,SKU0012,0,0,6,50
2024-08-19,SKU0012,0,0,6,59
2024-08-26,SKU0012,18,7,6,41
2024-09-02,SKU0012,3,0,6,33
2024-09-09,SKU0012,76,17,6,66
2024-09-16,SKU0012,93,6,6,34
2024-09-23,SKU0012,65,0,6,57
2024-09-30,SKU0012,28,58,6,68
2024-10-07,SKU0012,0,0,6,74
2024-10-14,SKU0012,0,76,6,83
2024-10-21,SKU0012,38,6,6,82
2024-10-28,SKU0012,13,0,6,56
2024-11-04,SKU0012,0,65,6,59
2024-11-11,SKU0012,0,0,6,57
2024-11-18,SKU0012,0,0,6,81
2024-11-25,SKU0012,0,0,6,87
2024-12-02,SKU0012,50,3,6,83
2024-12-09,SKU0012,20,0,6,71
2024-12-16,SKU0012,0,0,6,66
2024-12-23,SKU0012,0,0,6,59
2024-12-30,SKU0012,0,32,6,52
2025-01-06,SKU0012,0,63,6,46
2025-01-13,SKU0012,0,0,6,39
2025-01-20,SKU0012,0,0,6,46
2025-01-27,SKU0012,0,29,6,47
2025-02-03,SKU0012,0,0,6,48
2025-02-10,SKU0012,0,0,6,45
2025-02-17,SKU0012,0,0,6,43
2025-02-24,SKU0012,48,1,6,44
2025-03-03,SKU0012,14,0,6,58
2025-03-10,SKU0012,0,0,6,45
2025-03-17,SKU0012,79,21,6,72
2025-03-24,SKU0012,143,13,6,75
2025-03-31,SKU0012,173,19,6,64
2025-04-07,SKU0012,137,0,6,85
2025-04-14,SKU0012,107,0,6,67
2025-04-21,SKU0012,73,0,6,77
2025-04-28,SKU0012,48,51,6,47
2025-05-05,SKU0012,23,0,6,60
2025-05-12,SKU0012,0,0,6,62
2025-05-19,SKU0012,0,0,6,65
2025-05-26,SKU0012,0,0,6,58
2025-06-02,SKU0012,0,0,6,70
2025-06-09,SKU0012,0,0,6,63
2025-06-16,SKU0012,0,0,6,50
2025-06-23,SKU0012,0,0,6,68
2025-06-30,SKU0012,0,0,6,60
2025-07-07,SKU0012,0,0,6,64
2025-07-14,SKU0012,64,14,6,51
2025-07-21,SKU0012,42,0,6,44
2025-07-28,SKU0012,19,0,6,54
2025-08-04,SKU0012,0,0,6,65
2025-08-11,SKU0012,0,88,6,62
2025-08-18,SKU0012,73,27,6,66
2025-08-25,SKU0012,45,0,6,59
2025-09-01,SKU0012,15,44,6,58
2025-09-08,SKU0012,42,15,6,63
2025-09-15,SKU0012,12,0,6,60
2025-09-22,SKU0012,0,118,6,81
2025-09-29,SKU0012,0,0,6,74
2025-10-06,SKU0012,59,6,6,56
2025-10-13,SKU0012,105,16,6,88
2025-10-20,SKU0012,58,0,6,103
2025-10-27,SKU0012,33,0,6,48
2025-11-03,SKU0012,0,0,6,86
2025-11-10,SKU0012,0,0,6,82
2025-11-17,SKU0012,75,30,6,86
2025-11-24,SKU0012,109,2,6,99
2025-12-01,SKU0012,71,0,6,86
2025-12-08,SKU0012,38,0,6,62
2025-12-15,SKU0012,4,0,6,71
2025-12-22,SKU0012,0,0,6,67
2025-12-29,SKU0012,0,0,6,36
2024-01-01,SKU0013,135,0,7,47
2024-01-08,SKU0013,128,6,7,57
2024-01-15,SKU0013,103,33,7,63
2024-01-22,SKU0013,79,0,7,67
2024-01-29,SKU0013,61,0,7,40
2024-02-05,SKU0013,40,26,7,46
2024-02-12,SKU0013,9,0,7,67
2024-02-19,SKU0013,46,2,7,58
2024-02-26,SKU0013,19,0,7,56
2024-03-04,SKU0013,3,44,7,42
2024-03-11,SKU0013,0,93,7,78
2024-03-18,SKU0013,85,7,7,93
2024-03-25,SKU0013,61,0,7,53
2024-04-01,SKU0013,85,21,7,46
2024-04-08,SKU0013,52,0,7,70
2024-04-15,SKU0013,25,0,7,72
2024-04-22,SKU0013,0,0,7,78
2024-04-29,SKU0013,0,0,7,77
2024-05-06,SKU0013,22,6,7,52
2024-05-13,SKU0013,0,0,7,58
2024-05-20,SKU0013,0,0,7,56
2024-05-27,SKU0013,0,0,7,59
2024-06-03,SKU0013,0,0,7,69
2024-06-10,SKU0013,0,44,7,56
2024-06-17,SKU0013,0,0,7,60
2024-06-24,SKU0013,0,0,7,52
2024-07-01,SKU0013,0,0,7,71
2024-07-08,SKU0013,66,24,7,70
2024-07-15,SKU0013,34,0,7,78
2024-07-22,SKU0013,7,0,7,62
2024-07-29,SKU0013,0,0,7,59
2024-08-05,SKU0013,64,3,7,91
2024-08-12,SKU0013,44,0,7,41
2024-08-19,SKU0013,17,0,7,74
2024-08-26,SKU0013,49,7,7,63
2024-09-02,SKU0013,17,0,7,68
2024-09-09,SKU0013,0,79,7,60
2024-09-16,SKU0013,0,0,7,95
2024-09-23,SKU0013,98,9,7,84
2024-09-30,SKU0013,61,0,7,87
2024-10-07,SKU0013,33,93,7,74
2024-10-14,SKU0013,0,77,7,100
2024-10-21,SKU0013,0,0,7,76
2024-10-28,SKU0013,0,49,7,104
2024-11-04,SKU0013,0,0,7,102
2024-11-11,SKU0013,0,0,7,116
2024-11-18,SKU0013,69,4,7,68
2024-11-25,SKU0013,15,0,7,136
2024-12-02,SKU0013,0,0,7,84
2024-12-09,SKU0013,62,26,7,66
2024-12-16,SKU0013,89,7,7,75
2024-12-23,SKU0013,41,0,7,90
2024-12-30,SKU0013,12,0,7,72
2025-01-06,SKU0013,0,69,7,64
2025-01-13,SKU0013,0,0,7,49
2025-01-20,SKU0013,0,0,7,47
2025-01-27,SKU0013,0,0,7,42
2025-02-03,SKU0013,45,12,7,67
2025-02-10,SKU0013,18,0,7,56
2025-02-17,SKU0013,0,0,7,73
2025-02-24,SKU0013,0,0,7,53
2025-03-03,SKU0013,44,7,7,62
2025-03-10,SKU0013,5,63,7,85
2025-03-17,SKU0013,0,0,7,81
2025-03-24,SKU0013,0,0,7,80
2025-03-31,SKU0013,0,40,7,77
2025-04-07,SKU0013,0,0,7,72
2025-04-14,SKU0013,0,0,7,76
2025-04-21,SKU0013,60,13,7,68
2025-04-28,SKU0013,33,0,7,75
2025-05-05,SKU0013,0,0,7,79
2025-05-12,SKU0013,0,0,7,73
2025-05-19,SKU0013,58,1,7,80
2025-05-26,SKU0013,59,4,7,59
2025-06-02,SKU0013,34,0,7,63
2025-06-09,SKU0013,70,13,7,74
2025-06-16,SKU0013,35,0,7,61
2025-06-23,SKU0013,10,0,7,64
2025-06-30,SKU0013,59,14,7,66
2025-07-07,SKU0013,105,4,7,83
2025-07-14,SKU0013,75,0,7,74
2025-07-21,SKU0013,49,0,7,60
2025-07-28,SKU0013,21,0,7,73
2025-08-04,SKU0013,0,0,7,83
2025-08-11,SKU0013,0,0,7,60
2025-08-18,SKU0013,0,0,7,100
2025-08-25,SKU0013,0,0,7,57
2025-09-01,SKU0013,0,0,7,73
2025-09-08,SKU0013,0,0,7,118
2025-09-15,SKU0013,0,0,7,56
2025-09-22,SKU0013,0,0,7,66
2025-09-29,SKU0013,0,0,7,49
2025-10-06,SKU0013,0,0,7,77
2025-10-13,SKU0013,0,0,7,104
2025-10-20,SKU0013,0,58,7,85
2025-10-27,SKU0013,0,0,7,98
2025-11-03,SKU0013,0,0,7,88
2025-11-10,SKU0013,0,0,7,50
2025-11-17,SKU0013,0,0,7,90
2025-11-24,SKU0013,0,0,7,107
2025-12-01,SKU0013,59,13,7,89
2025-12-08,SKU0013,24,0,7,91
2025-12-15,SKU0013,0,0,7,99
2025-12-22,SKU0013,0,0,7,130
2025-12-29,SKU0013,0,0,7,52
2024-01-01,SKU0014,91,0,10,121
2024-01-08,SKU0014,32,0,10,171
2024-01-15,SKU0014,0,0,10,155
2024-01-22,SKU0014,0,0,10,193
2024-01-29,SKU0014,0,0,10,204
2024-02-05,SKU0014,0,0,10,130
2024-02-12,SKU0014,0,0,10,150
2024-02-19,SKU0014,0,83,10,188
2024-02-26,SKU0014,0,0,10,195
2024-03-04,SKU0014,143,54,10,188
2024-03-11,SKU0014,68,0,10,193
2024-03-18,SKU0014,0,0,10,249
2024-03-25,SKU0014,0,0,10,157
2024-04-01,SKU0014,0,0,10,193
2024-04-08,SKU0014,0,0,10,189
2024-04-15,SKU0014,0,0,10,259
2024-04-22,SKU0014,0,0,10,160
2024-04-29,SKU0014,100,7,10,196
2024-05-06,SKU0014,24,170,10,192
2024-05-13,SKU0014,0,0,10,159
2024-05-20,SKU0014,0,0,10,165
2024-05-27,SKU0014,0,0,10,184
2024-06-03,SKU0014,191,4,10,207
2024-06-10,SKU0014,274,31,10,161
2024-06-17,SKU0014,211,0,10,191
2024-06-24,SKU0014,144,0,10,181
2024-07-01,SKU0014,36,0,10,262
2024-07-08,SKU0014,188,71,10,278
2024-07-15,SKU0014,123,0,10,180
2024-07-22,SKU0014,45,0,10,199
2024-07-29,SKU0014,0,0,10,192
2024-08-05,SKU0014,0,92,10,133
2024-08-12,SKU0014,0,0,10,200
2024-08-19,SKU0014,0,125,10,204
2024-08-26,SKU0014,148,25,10,194
2024-09-02,SKU0014,69,232,10,181
2024-09-09,SKU0014,14,0,10,153
2024-09-16,SKU0014,0,177,10,197
2024-09-23,SKU0014,71,27,10,197
2024-09-30,SKU0014,0,0,10,184
2024-10-07,SKU0014,66,15,10,149
2024-10-14,SKU0014,0,88,10,226
2024-10-21,SKU0014,0,127,10,334
2024-10-28,SKU0014,0,0,10,375
2024-11-04,SKU0014,0,0,10,281
2024-11-11,SKU0014,0,0,10,243
2024-11-18,SKU0014,0,0,10,263
2024-11-25,SKU0014,318,21,10,334
2024-12-02,SKU0014,226,0,10,201
2024-12-09,SKU0014,128,0,10,241
2024-12-16,SKU0014,14,199,10,294
2024-12-23,SKU0014,0,0,10,248
2024-12-30,SKU0014,0,0,10,214
2025-01-06,SKU0014,54,19,10,163
2025-01-13,SKU0014,0,0,10,155
2025-01-20,SKU0014,0,0,10,159
2025-01-27,SKU0014,0,0,10,213
2025-02-03,SKU0014,0,0,10,190
2025-02-10,SKU0014,0,0,10,201
2025-02-17,SKU0014,0,0,10,179
2025-02-24,SKU0014,0,0,10,201
2025-03-03,SKU0014,0,188,10,221
2025-03-10,SKU0014,0,0,10,151
2025-03-17,SKU0014,158,9,10,215
2025-03-24,SKU0014,100,0,10,168
2025-03-31,SKU0014,26,0,10,198
2025-04-07,SKU0014,0,0,10,146
2025-04-14,SKU0014,0,0,10,250
2025-04-21,SKU0014,0,201,10,243
2025-04-28,SKU0014,0,0,10,128
2025-05-05,SKU0014,179,66,10,243
2025-05-12,SKU0014,81,0,10,231
2025-05-19,SKU0014,7,0,10,190
2025-05-26,SKU0014,0,0,10,228
2025-06-02,SKU0014,0,0,10,152
2025-06-09,SKU0014,0,0,10,199
2025-06-16,SKU0014,0,0,10,206
2025-06-23,SKU0014,212,3,10,207
2025-06-30,SKU0014,268,5,10,247
2025-07-07,SKU0014,193,0,10,180
2025-07-14,SKU0014,121,0,10,206
2025-07-21,SKU0014,43,0,10,222
2025-07-28,SKU0014,147,36,10,186
2025-08-04,SKU0014,72,209,10,248
2025-08-11,SKU0014,148,36,10,228
2025-08-18,SKU0014,56,0,10,235
2025-08-25,SKU0014,0,0,10,204
2025-09-01,SKU0014,0,0,10,149
2025-09-08,SKU0014,0,0,10,179
2025-09-15,SKU0014,0,0,10,238
2025-09-22,SKU0014,0,0,10,183
2025-09-29,SKU0014,156,35,10,277
2025-10-06,SKU0014,54,0,10,239
2025-10-13,SKU0014,0,314,10,287
2025-10-20,SKU0014,0,0,10,343
2025-10-27,SKU0014,0,0,10,289
2025-11-03,SKU0014,0,143,10,286
2025-11-10,SKU0014,173,15,10,247
2025-11-17,SKU0014,82,181,10,227
2025-11-24,SKU0014,0,0,10,298
2025-12-01,SKU0014,0,0,10,337
2025-12-08,SKU0014,151,25,10,298
2025-12-15,SKU0014,48,0,10,283
2025-12-22,SKU0014,0,273,10,305
2025-12-29,SKU0014,0,0,10,110
2024-01-01,SKU0015,257,15,5,67
2024-01-08,SKU0015,214,0,5,76
2024-01-15,SKU0015,174,0,5,75
2024-01-22,SKU0015,132,0,5,66
2024-01-29,SKU0015,88,0,5,90
2024-02-05,SKU0015,54,0,5,54
2024-02-12,SKU0015,14,0,5,70
2024-02-19,SKU0015,0,102,5,81
2024-02-26,SKU0015,0,54,5,51
2024-03-04,SKU0015,0,108,5,71
2024-03-11,SKU0015,111,16,5,71
2024-03-18,SKU0015,50,160,5,120
2024-03-25,SKU0015,9,0,5,67
2024-04-01,SKU0015,43,2,5,78
2024-04-08,SKU0015,1,0,5,99
2024-04-15,SKU0015,0,0,5,115
2024-04-22,SKU0015,0,0,5,78
2024-04-29,SKU0015,0,0,5,96
2024-05-06,SKU0015,0,136,5,84
2024-05-13,SKU0015,0,0,5,102
2024-05-20,SKU0015,0,0,5,98
2024-05-27,SKU0015,0,75,5,106
2024-06-03,SKU0015,0,0,5,79
2024-06-10,SKU0015,0,0,5,102
2024-06-17,SKU0015,0,89,5,77
2024-06-24,SKU0015,87,20,5,92
2024-07-01,SKU0015,29,0,5,99
2024-07-08,SKU0015,0,0,5,123
2024-07-15,SKU0015,0,0,5,48
2024-07-22,SKU0015,88,38,5,98
2024-07-29,SKU0015,27,160,5,121
2024-08-05,SKU0015,0,0,5,106
2024-08-12,SKU0015,0,0,5,95
2024-08-19,SKU0015,0,0,5,122
2024-08-26,SKU0015,0,0,5,96
2024-09-02,SKU0015,0,0,5,54
2024-09-09,SKU0015,0,0,5,107
2024-09-16,SKU0015,0,0,5,97
2024-09-23,SKU0015,0,0,5,77
2024-09-30,SKU0015,0,0,5,72
2024-10-07,SKU0015,0,0,5,95
2024-10-14,SKU0015,0,0,5,85
2024-10-21,SKU0015,0,0,5,134
2024-10-28,SKU0015,160,17,5,101
2024-11-04,SKU0015,98,0,5,118
2024-11-11,SKU0015,43,0,5,95
2024-11-18,SKU0015,0,0,5,108
2024-11-25,SKU0015,0,0,5,157
2024-12-02,SKU0015,0,0,5,150
2024-12-09,SKU0015,0,0,5,111
2024-12-16,SKU0015,0,0,5,110
2024-12-23,SKU0015,0,0,5,147
2024-12-30,SKU0015,0,132,5,85
2025-01-06,SKU0015,0,0,5,54
2025-01-13,SKU0015,0,0,5,85
2025-01-20,SKU0015,0,72,5,104
2025-01-27,SKU0015,0,0,5,74
2025-02-03,SKU0015,68,5,5,114
2025-02-10,SKU0015,14,0,5,102
2025-02-17,SKU0015,0,113,5,94
2025-02-24,SKU0015,107,20,5,77
2025-03-03,SKU0015,46,0,5,114
2025-03-10,SKU0015,0,0,5,126
2025-03-17,SKU0015,0,0,5,139
2025-03-24,SKU0015,0,59,5,71
2025-03-31,SKU0015,0,134,5,77
2025-04-07,SKU0015,0,0,5,90
2025-04-14,SKU0015,0,0,5,89
2025-04-21,SKU0015,103,30,5,100
2025-04-28,SKU0015,100,21,5,101
2025-05-05,SKU0015,61,0,5,90
2025-05-12,SKU0015,132,20,5,90
2025-05-19,SKU0015,74,0,5,137
2025-05-26,SKU0015,0,0,5,123
2025-06-02,SKU0015,0,108,5,101
2025-06-09,SKU0015,0,0,5,75
2025-06-16,SKU0015,0,0,5,101
2025-06-23,SKU0015,0,0,5,89
2025-06-30,SKU0015,0,0,5,99
2025-07-07,SKU0015,0,0,5,106
2025-07-14,SKU0015,0,0,5,78
2025-07-21,SKU0015,0,0,5,122
2025-07-28,SKU0015,0,0,5,81
2025-08-04,SKU0015,0,0,5,90
2025-08-11,SKU0015,101,39,5,101
2025-08-18,SKU0015,51,0,5,87
2025-08-25,SKU0015,0,0,5,108
2025-09-01,SKU0015,0,0,5,94
2025-09-08,SKU0015,0,0,5,109
2025-09-15,SKU0015,0,0,5,157
2025-09-22,SKU0015,0,0,5,94
2025-09-29,SKU0015,0,0,5,122
2025-10-06,SKU0015,0,79,5,75
2025-10-13,SKU0015,0,186,5,160
2025-10-20,SKU0015,0,161,5,139
2025-10-27,SKU0015,0,0,5,148
2025-11-03,SKU0015,0,0,5,121
2025-11-10,SKU0015,56,6,5,102
2025-11-17,SKU0015,111,5,5,120
2025-11-24,SKU0015,8,0,5,186
2025-12-01,SKU0015,0,0,5,109
2025-12-08,SKU0015,229,3,5,142
2025-12-15,SKU0015,246,31,5,119
2025-12-22,SKU0015,170,200,5,131
2025-12-29,SKU0015,142,0,5,45
2024-01-01,SKU0016,239,0,14,118
2024-01-08,SKU0016,194,0,14,140
2024-01-15,SKU0016,149,0,14,131
2024-01-22,SKU0016,105,70,14,127
2024-01-29,SKU0016,68,0,14,119
2024-02-05,SKU0016,13,147,14,178
2024-02-12,SKU0016,0,100,14,134
2024-02-19,SKU0016,0,0,14,122
2024-02-26,SKU0016,0,0,14,157
2024-03-04,SKU0016,0,0,14,203
2024-03-11,SKU0016,0,97,14,166
2024-03-18,SKU0016,0,201,14,220
2024-03-25,SKU0016,0,0,14,218
2024-04-01,SKU0016,0,0,14,174
2024-04-08,SKU0016,0,0,14,213
2024-04-15,SKU0016,0,0,14,170
2024-04-22,SKU0016,0,0,14,206
2024-04-29,SKU0016,0,0,14,221
2024-05-06,SKU0016,0,0,14,222
2024-05-13,SKU0016,0,0,14,165
2024-05-20,SKU0016,0,0,14,212
2024-05-27,SKU0016,0,0,14,155
2024-06-03,SKU0016,0,0,14,175
2024-06-10,SKU0016,0,77,14,170
2024-06-17,SKU0016,0,0,14,178
2024-06-24,SKU0016,0,191,14,185
2024-07-01,SKU0016,0,0,14,208
2024-07-08,SKU0016,0,0,14,207
2024-07-15,SKU0016,34,11,14,132
2024-07-22,SKU0016,0,0,14,176
2024-07-29,SKU0016,0,0,14,231
2024-08-05,SKU0016,0,0,14,181
2024-08-12,SKU0016,0,66,14,203
2024-08-19,SKU0016,0,108,14,179
2024-08-26,SKU0016,73,21,14,225
2024-09-02,SKU0016,41,0,14,121
2024-09-09,SKU0016,0,0,14,170
2024-09-16,SKU0016,0,82,14,236
2024-09-23,SKU0016,0,134,14,149
2024-09-30,SKU0016,0,0,14,226
2024-10-07,SKU0016,0,0,14,195
2024-10-14,SKU0016,0,0,14,197
2024-10-21,SKU0016,0,0,14,303
2024-10-28,SKU0016,109,42,14,330
2024-11-04,SKU0016,48,0,14,245
2024-11-11,SKU0016,0,0,14,196
2024-11-18,SKU0016,0,218,14,238
2024-11-25,SKU0016,0,0,14,273
2024-12-02,SKU0016,0,0,14,277
2024-12-09,SKU0016,0,0,14,331
2024-12-16,SKU0016,122,39,14,229
2024-12-23,SKU0016,48,180,14,237
2024-12-30,SKU0016,1,0,14,193
2025-01-06,SKU0016,0,0,14,127
2025-01-13,SKU0016,0,0,14,153
2025-01-20,SKU0016,0,0,14,174
2025-01-27,SKU0016,0,0,14,222
2025-02-03,SKU0016,126,40,14,160
2025-02-10,SKU0016,75,0,14,208
2025-02-17,SKU0016,21,0,14,190
2025-02-24,SKU0016,0,0,14,174
2025-03-03,SKU0016,0,151,14,174
2025-03-10,SKU0016,139,2,14,222
2025-03-17,SKU0016,66,84,14,216
2025-03-24,SKU0016,16,107,14,166
2025-03-31,SKU0016,0,0,14,133
2025-04-07,SKU0016,0,84,14,199
2025-04-14,SKU0016,0,107,14,189
2025-04-21,SKU0016,0,0,14,185
2025-04-28,SKU0016,125,45,14,190
2025-05-05,SKU0016,62,0,14,254
2025-05-12,SKU0016,0,102,14,267
2025-05-19,SKU0016,0,140,14,233
2025-05-26,SKU0016,0,0,14,192
2025-06-02,SKU0016,0,0,14,161
2025-06-09,SKU0016,51,20,14,238
2025-06-16,SKU0016,0,0,14,187
2025-06-23,SKU0016,0,134,14,232
2025-06-30,SKU0016,112,41,14,231
2025-07-07,SKU0016,29,0,14,253
2025-07-14,SKU0016,131,28,14,244
2025-07-21,SKU0016,78,0,14,192
2025-07-28,SKU0016,8,129,14,225
2025-08-04,SKU0016,0,74,14,152
2025-08-11,SKU0016,0,0,14,206
2025-08-18,SKU0016,0,142,14,185
2025-08-25,SKU0016,0,0,14,215
2025-09-01,SKU0016,0,92,14,227
2025-09-08,SKU0016,0,0,14,190
2025-09-15,SKU0016,0,85,14,172
2025-09-22,SKU0016,0,0,14,158
2025-09-29,SKU0016,0,0,14,237
2025-10-06,SKU0016,0,166,14,210
2025-10-13,SKU0016,0,0,14,212
2025-10-20,SKU0016,0,0,14,300
2025-10-27,SKU0016,0,241,14,294
2025-11-03,SKU0016,0,0,14,279
2025-11-10,SKU0016,0,127,14,153
2025-11-17,SKU0016,150,44,14,255
2025-11-24,SKU0016,41,179,14,357
2025-12-01,SKU0016,0,0,14,279
2025-12-08,SKU0016,0,0,14,268
2025-12-15,SKU0016,0,0,14,260
2025-12-22,SKU0016,74,26,14,277
2025-12-29,SKU0016,45,66,14,98
2024-01-01,SKU0017,35,0,14,67
2024-01-08,SKU0017,11,0,14,80
2024-01-15,SKU0017,0,0,14,67
2024-01-22,SKU0017,42,4,14,66
2024-01-29,SKU0017,23,0,14,70
2024-02-05,SKU0017,5,0,14,71
2024-02-12,SKU0017,0,0,14,78
2024-02-19,SKU0017,0,0,14,69
2024-02-26,SKU0017,0,0,14,60
2024-03-04,SKU0017,0,0,14,29
2024-03-11,SKU0017,0,0,14,98
2024-03-18,SKU0017,60,22,14,92
2024-03-25,SKU0017,40,0,14,65
2024-04-01,SKU0017,19,0,14,86
2024-04-08,SKU0017,0,0,14,75
2024-04-15,SKU0017,0,24,14,59
2024-04-22,SKU0017,0,0,14,79
2024-04-29,SKU0017,0,42,14,64
2024-05-06,SKU0017,0,51,14,65
2024-05-13,SKU0017,0,0,14,86
2024-05-20,SKU0017,0,0,14,59
2024-05-27,SKU0017,0,0,14,72
2024-06-03,SKU0017,0,0,14,57
2024-06-10,SKU0017,17,8,14,62
2024-06-17,SKU0017,0,0,14,91
2024-06-24,SKU0017,40,6,14,66
2024-07-01,SKU0017,14,0,14,84
2024-07-08,SKU0017,0,0,14,96
2024-07-15,SKU0017,0,0,14,127
2024-07-22,SKU0017,72,18,14,102
2024-07-29,SKU0017,52,0,14,75
2024-08-05,SKU0017,80,10,14,75
2024-08-12,SKU0017,52,0,14,81
2024-08-19,SKU0017,32,0,14,64
2024-08-26,SKU0017,13,0,14,62
2024-09-02,SKU0017,0,0,14,68
2024-09-09,SKU0017,0,0,14,94
2024-09-16,SKU0017,0,62,14,81
2024-09-23,SKU0017,0,0,14,71
2024-09-30,SKU0017,0,0,14,101
2024-10-07,SKU0017,0,64,14,92
2024-10-14,SKU0017,0,0,14,54
2024-10-21,SKU0017,0,0,14,103
2024-10-28,SKU0017,0,111,14,142
2024-11-04,SKU0017,34,4,14,108
2024-11-11,SKU0017,12,47,14,66
2024-11-18,SKU0017,67,19,14,102
2024-11-25,SKU0017,33,0,14,125
2024-12-02,SKU0017,94,4,14,109
2024-12-09,SKU0017,62,0,14,93
2024-12-16,SKU0017,19,0,14,147
2024-12-23,SKU0017,0,0,14,98
2024-12-30,SKU0017,0,0,14,75
2025-01-06,SKU0017,0,0,14,49
2025-01-13,SKU0017,0,31,14,73
2025-01-20,SKU0017,40,4,14,67
2025-01-27,SKU0017,19,0,14,72
2025-02-03,SKU0017,2,0,14,53
2025-02-10,SKU0017,0,0,14,64
2025-02-17,SKU0017,0,0,14,61
2025-02-24,SKU0017,0,0,14,74
2025-03-03,SKU0017,0,0,14,70
2025-03-10,SKU0017,0,0,14,57
2025-03-17,SKU0017,0,62,14,114
2025-03-24,SKU0017,0,54,14,89
2025-03-31,SKU0017,0,0,14,46
2025-04-07,SKU0017,0,48,14,108
2025-04-14,SKU0017,0,60,14,75
2025-04-21,SKU0017,0,0,14,92
2025-04-28,SKU0017,18,8,14,42
2025-05-05,SKU0017,0,0,14,104
2025-05-12,SKU0017,0,0,14,101
2025-05-19,SKU0017,0,0,14,76
2025-05-26,SKU0017,45,1,14,104
2025-06-02,SKU0017,29,33,14,48
2025-06-09,SKU0017,8,0,14,69
2025-06-16,SKU0017,0,0,14,60
2025-06-23,SKU0017,0,0,14,66
2025-06-30,SKU0017,0,0,14,107
2025-07-07,SKU0017,0,47,14,99
2025-07-14,SKU0017,0,0,14,73
2025-07-21,SKU0017,37,11,14,102
2025-07-28,SKU0017,12,0,14,89
2025-08-04,SKU0017,0,68,14,69
2025-08-11,SKU0017,0,38,14,74
2025-08-18,SKU0017,0,29,14,67
2025-08-25,SKU0017,0,0,14,43
2025-09-01,SKU0017,0,0,14,110
2025-09-08,SKU0017,0,0,14,92
2025-09-15,SKU0017,0,0,14,57
2025-09-22,SKU0017,0,0,14,56
2025-09-29,SKU0017,0,0,14,94
2025-10-06,SKU0017,0,55,14,78
2025-10-13,SKU0017,0,0,14,90
2025-10-20,SKU0017,41,5,14,104
2025-10-27,SKU0017,2,0,14,131
2025-11-03,SKU0017,70,7,14,137
2025-11-10,SKU0017,43,0,14,111
2025-11-17,SKU0017,18,52,14,70
2025-11-24,SKU0017,0,0,14,145
2025-12-01,SKU0017,82,34,14,133
2025-12-08,SKU0017,53,0,14,118
2025-12-15,SKU0017,21,0,14,100
2025-12-22,SKU0017,0,0,14,153
2025-12-29,SKU0017,0,0,14,74
2024-01-01,SKU0018,167,0,3,55
2024-01-08,SKU0018,123,0,3,56
2024-01-15,SKU0018,65,0,3,95
2024-01-22,SKU0018,10,0,3,97
2024-01-29,SKU0018,0,0,3,79
2024-02-05,SKU0018,48,6,3,71
2024-02-12,SKU0018,0,0,3,114
2024-02-19,SKU0018,0,137,3,82
2024-02-26,SKU0018,0,0,3,61
2024-03-04,SKU0018,126,17,3,100
2024-03-11,SKU0018,55,0,3,101
2024-03-18,SKU0018,0,0,3,164
2024-03-25,SKU0018,126,52,3,96
2024-04-01,SKU0018,142,21,3,94
2024-04-08,SKU0018,74,0,3,107
2024-04-15,SKU0018,110,3,3,94
2024-04-22,SKU0018,56,0,3,99
2024-04-29,SKU0018,0,0,3,109
2024-05-06,SKU0018,0,0,3,125
2024-05-13,SKU0018,0,0,3,113
2024-05-20,SKU0018,0,0,3,103
2024-05-27,SKU0018,0,0,3,86
2024-06-03,SKU0018,0,0,3,108
2024-06-10,SKU0018,0,0,3,111
2024-06-17,SKU0018,0,0,3,98
2024-06-24,SKU0018,93,33,3,89
2024-07-01,SKU0018,0,0,3,157
2024-07-08,SKU0018,0,0,3,115
2024-07-15,SKU0018,0,190,3,108
2024-07-22,SKU0018,0,115,3,120
2024-07-29,SKU0018,0,121,3,110
2024-08-05,SKU0018,142,6,3,108
2024-08-12,SKU0018,73,0,3,111
2024-08-19,SKU0018,4,0,3,101
2024-08-26,SKU0018,0,0,3,99
2024-09-02,SKU0018,94,38,3,109
2024-09-09,SKU0018,38,0,3,76
2024-09-16,SKU0018,0,0,3,84
2024-09-23,SKU0018,0,0,3,95
2024-09-30,SKU0018,0,0,3,107
2024-10-07,SKU0018,0,193,3,104
2024-10-14,SKU0018,0,0,3,127
2024-10-21,SKU0018,79,15,3,141
2024-10-28,SKU0018,0,120,3,137
2024-11-04,SKU0018,0,0,3,144
2024-11-11,SKU0018,0,0,3,114
2024-11-18,SKU0018,0,0,3,102
2024-11-25,SKU0018,0,192,3,124
2024-12-02,SKU0018,0,0,3,131
2024-12-09,SKU0018,0,126,3,136
2024-12-16,SKU0018,192,82,3,126
2024-12-23,SKU0018,80,0,3,163
2024-12-30,SKU0018,0,0,3,132
2025-01-06,SKU0018,0,128,3,81
2025-01-13,SKU0018,0,0,3,83
2025-01-20,SKU0018,0,0,3,109
2025-01-27,SKU0018,95,16,3,74
2025-02-03,SKU0018,105,31,3,89
2025-02-10,SKU0018,56,0,3,81
2025-02-17,SKU0018,0,0,3,81
2025-02-24,SKU0018,0,0,3,105
2025-03-03,SKU0018,90,11,3,98
2025-03-10,SKU0018,16,0,3,119
2025-03-17,SKU0018,0,0,3,168
2025-03-24,SKU0018,0,136,3,131
2025-03-31,SKU0018,0,0,3,102
2025-04-07,SKU0018,0,0,3,84
2025-04-14,SKU0018,0,0,3,93
2025-04-21,SKU0018,0,0,3,116
2025-04-28,SKU0018,0,112,3,110
2025-05-05,SKU0018,0,0,3,99
2025-05-12,SKU0018,198,18,3,118
2025-05-19,SKU0018,124,0,3,99
2025-05-26,SKU0018,48,0,3,126
2025-06-02,SKU0018,0,0,3,132
2025-06-09,SKU0018,0,87,3,95
2025-06-16,SKU0018,0,0,3,134
2025-06-23,SKU0018,0,0,3,95
2025-06-30,SKU0018,0,140,3,120
2025-07-07,SKU0018,0,0,3,129
2025-07-14,SKU0018,0,0,3,99
2025-07-21,SKU0018,0,120,3,97
2025-07-28,SKU0018,0,109,3,129
2025-08-04,SKU0018,0,107,3,95
2025-08-11,SKU0018,0,0,3,109
2025-08-18,SKU0018,0,0,3,116
2025-08-25,SKU0018,0,251,3,123
2025-09-01,SKU0018,0,0,3,96
2025-09-08,SKU0018,0,0,3,142
2025-09-15,SKU0018,0,0,3,106
2025-09-22,SKU0018,0,0,3,91
2025-09-29,SKU0018,0,123,3,110
2025-10-06,SKU0018,0,0,3,113
2025-10-13,SKU0018,0,0,3,142
2025-10-20,SKU0018,0,0,3,183
2025-10-27,SKU0018,0,121,3,184
2025-11-03,SKU0018,0,165,3,153
2025-11-10,SKU0018,0,0,3,146
2025-11-17,SKU0018,158,38,3,163
2025-11-24,SKU0018,42,0,3,167
2025-12-01,SKU0018,0,0,3,142
2025-12-08,SKU0018,0,0,3,152
2025-12-15,SKU0018,0,0,3,166
2025-12-22,SKU0018,0,201,3,155
2025-12-29,SKU0018,0,0,3,42
2024-01-01,SKU0019,36,18,8,36
2024-01-08,SKU0019,42,6,8,28
2024-01-15,SKU0019,28,0,8,34
2024-01-22,SKU0019,19,13,8,18
2024-01-29,SKU0019,7,15,8,33
2024-02-05,SKU0019,0,0,8,29
2024-02-12,SKU0019,0,0,8,34
2024-02-19,SKU0019,0,0,8,22
2024-02-26,SKU0019,0,0,8,26
2024-03-04,SKU0019,0,0,8,27
2024-03-11,SKU0019,0,35,8,37
2024-03-18,SKU0019,0,52,8,38
2024-03-25,SKU0019,49,2,8,48
2024-04-01,SKU0019,82,12,8,54
2024-04-08,SKU0019,93,1,8,33
2024-04-15,SKU0019,80,0,8,25
2024-04-22,SKU0019,60,0,8,49
2024-04-29,SKU0019,79,5,8,37
2024-05-06,SKU0019,90,5,8,23
2024-05-13,SKU0019,68,0,8,44
2024-05-20,SKU0019,82,7,8,25
2024-05-27,SKU0019,101,3,8,30
2024-06-03,SKU0019,93,0,8,23
2024-06-10,SKU0019,78,45,8,32
2024-06-17,SKU0019,62,0,8,33
2024-06-24,SKU0019,46,0,8,37
2024-07-01,SKU0019,27,0,8,52
2024-07-08,SKU0019,9,0,8,42
2024-07-15,SKU0019,15,1,8,33
2024-07-22,SKU0019,0,0,8,33
2024-07-29,SKU0019,0,76,8,59
2024-08-05,SKU0019,0,0,8,39
2024-08-12,SKU0019,0,0,8,45
2024-08-19,SKU0019,0,0,8,33
2024-08-26,SKU0019,0,0,8,25
2024-09-02,SKU0019,0,18,8,28
2024-09-09,SKU0019,0,0,8,43
2024-09-16,SKU0019,0,42,8,46
2024-09-23,SKU0019,0,0,8,22
2024-09-30,SKU0019,0,0,8,48
2024-10-07,SKU0019,37,3,8,34
2024-10-14,SKU0019,29,0,8,22
2024-10-21,SKU0019,27,9,8,69
2024-10-28,SKU0019,0,0,8,59
2024-11-04,SKU0019,0,0,8,50
2024-11-11,SKU0019,0,0,8,53
2024-11-18,SKU0019,0,43,8,37
2024-11-25,SKU0019,0,0,8,58
2024-12-02,SKU0019,0,0,8,42
2024-12-09,SKU0019,0,0,8,58
2024-12-16,SKU0019,0,0,8,33
2024-12-23,SKU0019,0,0,8,31
2024-12-30,SKU0019,0,0,8,31
2025-01-06,SKU0019,0,0,8,41
2025-01-13,SKU0019,21,1,8,18
2025-01-20,SKU0019,5,46,8,42
2025-01-27,SKU0019,0,43,8,32
2025-02-03,SKU0019,0,0,8,25
2025-02-10,SKU0019,16,5,8,29
2025-02-17,SKU0019,7,0,8,22
2025-02-24,SKU0019,0,17,8,27
2025-03-03,SKU0019,0,0,8,18
2025-03-10,SKU0019,26,2,8,25
2025-03-17,SKU0019,10,0,8,38
2025-03-24,SKU0019,0,0,8,50
2025-03-31,SKU0019,24,9,8,45
2025-04-07,SKU0019,42,7,8,39
2025-04-14,SKU0019,27,0,8,29
2025-04-21,SKU0019,7,0,8,40
2025-04-28,SKU0019,0,50,8,33
2025-05-05,SKU0019,27,8,8,44
2025-05-12,SKU0019,11,0,8,48
2025-05-19,SKU0019,1,0,8,29
2025-05-26,SKU0019,0,0,8,49
2025-06-02,SKU0019,0,0,8,28
2025-06-09,SKU0019,0,0,8,32
2025-06-16,SKU0019,0,30,8,36
2025-06-23,SKU0019,24,6,8,34
2025-06-30,SKU0019,0,0,8,61
2025-07-07,SKU0019,0,0,8,67
2025-07-14,SKU0019,14,3,8,31
2025-07-21,SKU0019,0,36,8,44
2025-07-28,SKU0019,0,0,8,28
2025-08-04,SKU0019,12,3,8,28
2025-08-11,SKU0019,2,0,8,21
2025-08-18,SKU0019,30,1,8,29
2025-08-25,SKU0019,16,0,8,43
2025-09-01,SKU0019,1,0,8,37
2025-09-08,SKU0019,0,0,8,51
2025-09-15,SKU0019,0,0,8,37
2025-09-22,SKU0019,0,0,8,33
2025-09-29,SKU0019,0,0,8,53
2025-10-06,SKU0019,0,0,8,21
2025-10-13,SKU0019,0,0,8,44
2025-10-20,SKU0019,18,8,8,55
2025-10-27,SKU0019,26,5,8,50
2025-11-03,SKU0019,33,5,8,32
2025-11-10,SKU0019,17,0,8,36
2025-11-17,SKU0019,5,0,8,29
2025-11-24,SKU0019,73,9,8,76
2025-12-01,SKU0019,99,2,8,33
2025-12-08,SKU0019,77,0,8,65
2025-12-15,SKU0019,100,10,8,61
2025-12-22,SKU0019,82,0,8,55
2025-12-29,SKU0019,74,0,8,20
2024-01-01,SKU0020,110,103,12,140
2024-01-08,SKU0020,173,41,12,174
2024-01-15,SKU0020,190,1,12,74
2024-01-22,SKU0020,192,9,12,63
2024-01-29,SKU0020,157,0,12,110
2024-02-05,SKU0020,119,0,12,113
2024-02-12,SKU0020,67,0,12,167
2024-02-19,SKU0020,109,30,12,148
2024-02-26,SKU0020,61,0,12,133
2024-03-04,SKU0020,63,11,12,108
2024-03-11,SKU0020,73,2,12,120
2024-03-18,SKU0020,15,89,12,168
2024-03-25,SKU0020,61,22,12,123
2024-04-01,SKU0020,26,0,12,104
2024-04-08,SKU0020,0,0,12,140
2024-04-15,SKU0020,0,37,12,92
2024-04-22,SKU0020,0,0,12,189
2024-04-29,SKU0020,58,18,12,105
2024-05-06,SKU0020,4,0,12,158
2024-05-13,SKU0020,0,0,12,142
2024-05-20,SKU0020,0,71,12,162
2024-05-27,SKU0020,87,36,12,160
2024-06-03,SKU0020,32,0,12,163
2024-06-10,SKU0020,62,23,12,124
2024-06-17,SKU0020,104,33,12,124
2024-06-24,SKU0020,67,0,12,104
2024-07-01,SKU0020,6,0,12,182
2024-07-08,SKU0020,0,0,12,132
2024-07-15,SKU0020,129,8,12,124
2024-07-22,SKU0020,132,7,12,122
2024-07-29,SKU0020,85,0,12,145
2024-08-05,SKU0020,46,0,12,112
2024-08-12,SKU0020,3,0,12,125
2024-08-19,SKU0020,0,0,12,124
2024-08-26,SKU0020,0,0,12,99
2024-09-02,SKU0020,0,0,12,159
2024-09-09,SKU0020,0,0,12,115
2024-09-16,SKU0020,0,0,12,142
2024-09-23,SKU0020,0,0,12,133
2024-09-30,SKU0020,54,17,12,178
2024-10-07,SKU0020,17,121,12,129
2024-10-14,SKU0020,0,97,12,197
2024-10-21,SKU0020,0,0,12,263
2024-10-28,SKU0020,152,1,12,147
2024-11-04,SKU0020,86,0,12,167
2024-11-11,SKU0020,30,0,12,193
2024-11-18,SKU0020,0,93,12,170
2024-11-25,SKU0020,0,0,12,308
2024-12-02,SKU0020,0,0,12,182
2024-12-09,SKU0020,0,0,12,173
2024-12-16,SKU0020,0,0,12,173
2024-12-23,SKU0020,0,0,12,185
2024-12-30,SKU0020,0,0,12,175
2025-01-06,SKU0020,0,0,12,158
2025-01-13,SKU0020,0,0,12,147
2025-01-20,SKU0020,0,0,12,165
2025-01-27,SKU0020,0,105,12,173
2025-02-03,SKU0020,0,0,12,149
2025-02-10,SKU0020,0,0,12,106
2025-02-17,SKU0020,73,12,12,135
2025-02-24,SKU0020,31,0,12,110
2025-03-03,SKU0020,96,42,12,137
2025-03-10,SKU0020,32,0,12,206
2025-03-17,SKU0020,0,0,12,171
2025-03-24,SKU0020,0,0,12,159
2025-03-31,SKU0020,0,0,12,105
2025-04-07,SKU0020,57,20,12,172
2025-04-14,SKU0020,127,8,12,172
2025-04-21,SKU0020,73,0,12,167
2025-04-28,SKU0020,32,0,12,126
2025-05-05,SKU0020,109,20,12,127
2025-05-12,SKU0020,139,35,12,162
2025-05-19,SKU0020,159,12,12,179
2025-05-26,SKU0020,108,0,12,154
2025-06-02,SKU0020,57,0,12,163
2025-06-09,SKU0020,13,0,12,137
2025-06-16,SKU0020,0,0,12,171
2025-06-23,SKU0020,72,18,12,153
2025-06-30,SKU0020,0,143,12,193
2025-07-07,SKU0020,0,0,12,159
2025-07-14,SKU0020,0,0,12,152
2025-07-21,SKU0020,0,0,12,134
2025-07-28,SKU0020,0,0,12,145
2025-08-04,SKU0020,0,0,12,137
2025-08-11,SKU0020,109,22,12,139
2025-08-18,SKU0020,63,0,12,144
2025-08-25,SKU0020,10,0,12,147
2025-09-01,SKU0020,0,52,12,129
2025-09-08,SKU0020,119,1,12,134
2025-09-15,SKU0020,67,0,12,148
2025-09-22,SKU0020,107,27,12,167
2025-09-29,SKU0020,57,0,12,182
2025-10-06,SKU0020,5,0,12,142
2025-10-13,SKU0020,0,0,12,221
2025-10-20,SKU0020,0,0,12,252
2025-10-27,SKU0020,0,0,12,239
2025-11-03,SKU0020,0,0,12,194
2025-11-10,SKU0020,0,0,12,238
2025-11-17,SKU0020,0,0,12,198
2025-11-24,SKU0020,0,257,12,250
2025-12-01,SKU0020,0,0,12,199
2025-12-08,SKU0020,0,0,12,238
2025-12-15,SKU0020,0,0,12,222
2025-12-22,SKU0020,0,0,12,235
2025-12-29,SKU0020,0,89,12,87
2024-01-01,SKU0021,220,12,6,144
2024-01-08,SKU0021,229,2,6,161
2024-01-15,SKU0021,174,0,6,136
2024-01-22,SKU0021,97,0,6,169
2024-01-29,SKU0021,8,0,6,206
2024-02-05,SKU0021,0,0,6,162
2024-02-12,SKU0021,0,0,6,145
2024-02-19,SKU0021,0,0,6,202
2024-02-26,SKU0021,0,0,6,200
2024-03-04,SKU0021,0,0,6,192
2024-03-11,SKU0021,0,0,6,221
2024-03-18,SKU0021,212,54,6,198
2024-03-25,SKU0021,130,0,6,173
2024-04-01,SKU0021,49,253,6,182
2024-04-08,SKU0021,249,22,6,237
2024-04-15,SKU0021,167,0,6,171
2024-04-22,SKU0021,94,140,6,139
2024-04-29,SKU0021,144,8,6,154
2024-05-06,SKU0021,33,0,6,256
2024-05-13,SKU0021,0,0,6,199
2024-05-20,SKU0021,92,28,6,194
2024-05-27,SKU0021,14,234,6,149
2024-06-03,SKU0021,0,0,6,199
2024-06-10,SKU0021,0,0,6,196
2024-06-17,SKU0021,0,0,6,169
2024-06-24,SKU0021,0,0,6,162
2024-07-01,SKU0021,0,0,6,251
2024-07-08,SKU0021,0,0,6,239
2024-07-15,SKU0021,0,0,6,215
2024-07-22,SKU0021,152,48,6,172
2024-07-29,SKU0021,59,0,6,206
2024-08-05,SKU0021,0,169,6,204
2024-08-12,SKU0021,0,0,6,204
2024-08-19,SKU0021,0,0,6,199
2024-08-26,SKU0021,0,0,6,172
2024-09-02,SKU0021,0,0,6,178
2024-09-09,SKU0021,0,0,6,226
2024-09-16,SKU0021,0,0,6,241
2024-09-23,SKU0021,0,307,6,206
2024-09-30,SKU0021,0,0,6,233
2024-10-07,SKU0021,193,12,6,221
2024-10-14,SKU0021,61,0,6,283
2024-10-21,SKU0021,242,12,6,315
2024-10-28,SKU0021,106,0,6,304
2024-11-04,SKU0021,0,0,6,239
2024-11-11,SKU0021,0,281,6,236
2024-11-18,SKU0021,0,0,6,262
2024-11-25,SKU0021,0,0,6,361
2024-12-02,SKU0021,0,0,6,252
2024-12-09,SKU0021,0,0,6,310
2024-12-16,SKU0021,124,39,6,248
2024-12-23,SKU0021,0,192,6,208
2024-12-30,SKU0021,0,203,6,198
2025-01-06,SKU0021,0,0,6,135
2025-01-13,SKU0021,0,0,6,132
2025-01-20,SKU0021,0,0,6,214
2025-01-27,SKU0021,0,0,6,207
2025-02-03,SKU0021,0,251,6,164
2025-02-10,SKU0021,0,0,6,189
2025-02-17,SKU0021,0,0,6,223
2025-02-24,SKU0021,0,0,6,163
2025-03-03,SKU0021,0,0,6,202
2025-03-10,SKU0021,0,0,6,243
2025-03-17,SKU0021,0,247,6,250
2025-03-24,SKU0021,0,0,6,226
2025-03-31,SKU0021,0,0,6,207
2025-04-07,SKU0021,143,48,6,188
2025-04-14,SKU0021,60,147,6,163
2025-04-21,SKU0021,0,0,6,260
2025-04-28,SKU0021,0,214,6,192
2025-05-05,SKU0021,186,79,6,285
2025-05-12,SKU0021,82,0,6,234
2025-05-19,SKU0021,199,21,6,236
2025-05-26,SKU0021,89,0,6,210
2025-06-02,SKU0021,0,0,6,188
2025-06-09,SKU0021,0,0,6,245
2025-06-16,SKU0021,0,0,6,253
2025-06-23,SKU0021,0,0,6,206
2025-06-30,SKU0021,0,378,6,230
2025-07-07,SKU0021,0,0,6,233
2025-07-14,SKU0021,82,22,6,175
2025-07-21,SKU0021,0,0,6,236
2025-07-28,SKU0021,0,0,6,184
2025-08-04,SKU0021,0,0,6,183
2025-08-11,SKU0021,183,55,6,162
2025-08-18,SKU0021,212,45,6,187
2025-08-25,SKU0021,251,62,6,242
2025-09-01,SKU0021,147,0,6,213
2025-09-08,SKU0021,58,0,6,179
2025-09-15,SKU0021,0,0,6,235
2025-09-22,SKU0021,0,0,6,210
2025-09-29,SKU0021,0,356,6,273
2025-10-06,SKU0021,211,16,6,217
2025-10-13,SKU0021,406,115,6,280
2025-10-20,SKU0021,555,5,6,341
2025-10-27,SKU0021,389,206,6,333
2025-11-03,SKU0021,247,0,6,325
2025-11-10,SKU0021,128,307,6,285
2025-11-17,SKU0021,0,0,6,283
2025-11-24,SKU0021,0,0,6,363
2025-12-01,SKU0021,0,0,6,287
2025-12-08,SKU0021,0,0,6,301
2025-12-15,SKU0021,0,0,6,324
2025-12-22,SKU0021,0,0,6,298
2025-12-29,SKU0021,0,0,6,146
2024-01-01,SKU0022,138,93,14,162
2024-01-08,SKU0022,96,0,14,143
2024-01-15,SKU0022,55,0,14,111
2024-01-22,SKU0022,11,0,14,151
2024-01-29,SKU0022,0,0,14,130
2024-02-05,SKU0022,53,18,14,176
2024-02-12,SKU0022,10,44,14,128
2024-02-19,SKU0022,0,0,14,138
2024-02-26,SKU0022,61,19,14,146
2024-03-04,SKU0022,90,3,14,117
2024-03-11,SKU0022,37,82,14,181
2024-03-18,SKU0022,0,0,14,244
2024-03-25,SKU0022,74,1,14,187
2024-04-01,SKU0022,84,5,14,133
2024-04-08,SKU0022,26,0,14,189
2024-04-15,SKU0022,0,0,14,181
2024-04-22,SKU0022,0,0,14,160
2024-04-29,SKU0022,63,1,14,184
2024-05-06,SKU0022,7,121,14,156
2024-05-13,SKU0022,0,0,14,170
2024-05-20,SKU0022,0,131,14,172
2024-05-27,SKU0022,0,0,14,169
2024-06-03,SKU0022,0,0,14,147
2024-06-10,SKU0022,0,0,14,129
2024-06-17,SKU0022,152,8,14,191
2024-06-24,SKU0022,102,0,14,161
2024-07-01,SKU0022,45,0,14,236
2024-07-08,SKU0022,0,0,14,210
2024-07-15,SKU0022,0,125,14,197
2024-07-22,SKU0022,0,0,14,158
2024-07-29,SKU0022,0,148,14,169
2024-08-05,SKU0022,0,0,14,170
2024-08-12,SKU0022,0,0,14,120
2024-08-19,SKU0022,0,0,14,149
2024-08-26,SKU0022,75,10,14,216
2024-09-02,SKU0022,20,59,14,171
2024-09-09,SKU0022,0,0,14,139
2024-09-16,SKU0022,0,72,14,161
2024-09-23,SKU0022,0,90,14,169
2024-09-30,SKU0022,104,24,14,185
2024-10-07,SKU0022,46,0,14,192
2024-10-14,SKU0022,0,0,14,189
2024-10-21,SKU0022,0,0,14,240
2024-10-28,SKU0022,0,0,14,283
2024-11-04,SKU0022,0,0,14,259
2024-11-11,SKU0022,0,143,14,244
2024-11-18,SKU0022,0,0,14,223
2024-11-25,SKU0022,0,220,14,295
2024-12-02,SKU0022,0,0,14,278
2024-12-09,SKU0022,0,0,14,198
2024-12-16,SKU0022,0,0,14,316
2024-12-23,SKU0022,0,0,14,275
2024-12-30,SKU0022,0,51,14,146
2025-01-06,SKU0022,0,0,14,161
2025-01-13,SKU0022,0,110,14,124
2025-01-20,SKU0022,149,19,14,194
2025-01-27,SKU0022,99,0,14,174
2025-02-03,SKU0022,55,0,14,146
2025-02-10,SKU0022,12,0,14,171
2025-02-17,SKU0022,0,0,14,155
2025-02-24,SKU0022,61,27,14,154
2025-03-03,SKU0022,0,0,14,226
2025-03-10,SKU0022,49,17,14,193
2025-03-17,SKU0022,0,0,14,201
2025-03-24,SKU0022,0,0,14,160
2025-03-31,SKU0022,0,0,14,171
2025-04-07,SKU0022,0,0,14,201
2025-04-14,SKU0022,0,0,14,158
2025-04-21,SKU0022,0,153,14,242
2025-04-28,SKU0022,84,1,14,158
2025-05-05,SKU0022,38,137,14,165
2025-05-12,SKU0022,0,0,14,221
2025-05-19,SKU0022,49,12,14,174
2025-05-26,SKU0022,0,0,14,146
2025-06-02,SKU0022,0,0,14,174
2025-06-09,SKU0022,0,0,14,155
2025-06-16,SKU0022,0,0,14,157
2025-06-23,SKU0022,0,134,14,155
2025-06-30,SKU0022,157,55,14,254
2025-07-07,SKU0022,109,0,14,172
2025-07-14,SKU0022,53,0,14,163
2025-07-21,SKU0022,107,32,14,135
2025-07-28,SKU0022,57,118,14,187
2025-08-04,SKU0022,102,41,14,165
2025-08-11,SKU0022,47,0,14,182
2025-08-18,SKU0022,0,0,14,137
2025-08-25,SKU0022,0,0,14,181
2025-09-01,SKU0022,0,0,14,160
2025-09-08,SKU0022,0,0,14,180
2025-09-15,SKU0022,0,107,14,163
2025-09-22,SKU0022,154,20,14,222
2025-09-29,SKU0022,106,0,14,164
2025-10-06,SKU0022,56,0,14,155
2025-10-13,SKU0022,114,34,14,231
2025-10-20,SKU0022,35,0,14,262
2025-10-27,SKU0022,0,146,14,261
2025-11-03,SKU0022,0,222,14,285
2025-11-10,SKU0022,185,9,14,311
2025-11-17,SKU0022,113,0,14,288
2025-11-24,SKU0022,10,0,14,347
2025-12-01,SKU0022,0,0,14,320
2025-12-08,SKU0022,217,13,14,254
2025-12-15,SKU0022,135,0,14,293
2025-12-22,SKU0022,155,16,14,219
2025-12-29,SKU0022,112,0,14,132
2024-01-01,SKU0023,172,0,3,32
2024-01-08,SKU0023,154,0,3,23
2024-01-15,SKU0023,173,8,3,23
2024-01-22,SKU0023,153,0,3,32
2024-01-29,SKU0023,128,37,3,38
2024-02-05,SKU0023,118,11,3,14
2024-02-12,SKU0023,96,0,3,32
2024-02-19,SKU0023,76,0,3,38
2024-02-26,SKU0023,53,0,3,33
2024-03-04,SKU0023,34,0,3,26
2024-03-11,SKU0023,56,9,3,28
2024-03-18,SKU0023,20,0,3,55
2024-03-25,SKU0023,51,14,3,36
2024-04-01,SKU0023,23,0,3,46
2024-04-08,SKU0023,0,0,3,39
2024-04-15,SKU0023,0,0,3,41
2024-04-22,SKU0023,0,0,3,47
2024-04-29,SKU0023,0,34,3,23
2024-05-06,SKU0023,0,0,3,38
2024-05-13,SKU0023,31,13,3,32
2024-05-20,SKU0023,7,0,3,36
2024-05-27,SKU0023,0,0,3,24
2024-06-03,SKU0023,24,4,3,29
2024-06-10,SKU0023,3,0,3,28
2024-06-17,SKU0023,0,0,3,37
2024-06-24,SKU0023,0,0,3,29
2024-07-01,SKU0023,0,0,3,56
2024-07-08,SKU0023,0,72,3,35
2024-07-15,SKU0023,0,0,3,49
2024-07-22,SKU0023,23,4,3,29
2024-07-29,SKU0023,29,2,3,39
2024-08-05,SKU0023,6,77,3,41
2024-08-12,SKU0023,28,2,3,43
2024-08-19,SKU0023,74,2,3,60
2024-08-26,SKU0023,50,0,3,45
2024-09-02,SKU0023,51,2,3,27
2024-09-09,SKU0023,31,0,3,35
2024-09-16,SKU0023,4,0,3,42
2024-09-23,SKU0023,0,59,3,28
2024-09-30,SKU0023,0,0,3,55
2024-10-07,SKU0023,0,0,3,25
2024-10-14,SKU0023,0,0,3,47
2024-10-21,SKU0023,0,0,3,48
2024-10-28,SKU0023,0,36,3,28
2024-11-04,SKU0023,0,0,3,59
2024-11-11,SKU0023,0,48,3,60
2024-11-18,SKU0023,0,0,3,48
2024-11-25,SKU0023,0,0,3,52
2024-12-02,SKU0023,0,0,3,38
2024-12-09,SKU0023,0,0,3,40
2024-12-16,SKU0023,48,19,3,39
2024-12-23,SKU0023,12,0,3,61
2024-12-30,SKU0023,0,0,3,47
2025-01-06,SKU0023,32,13,3,26
2025-01-13,SKU0023,57,11,3,39
2025-01-20,SKU0023,35,0,3,28
2025-01-27,SKU0023,12,54,3,34
2025-02-03,SKU0023,0,0,3,42
2025-02-10,SKU0023,0,0,3,40
2025-02-17,SKU0023,56,7,3,34
2025-02-24,SKU0023,28,0,3,38
2025-03-03,SKU0023,0,0,3,47
2025-03-10,SKU0023,0,0,3,41
2025-03-17,SKU0023,0,0,3,64
2025-03-24,SKU0023,0,0,3,46
2025-03-31,SKU0023,0,0,3,37
2025-04-07,SKU0023,0,0,3,41
2025-04-14,SKU0023,0,55,3,33
2025-04-21,SKU0023,0,0,3,27
2025-04-28,SKU0023,0,0,3,42
2025-05-05,SKU0023,0,0,3,37
2025-05-12,SKU0023,0,74,3,39
2025-05-19,SKU0023,0,0,3,31
2025-05-26,SKU0023,51,1,3,38
2025-06-02,SKU0023,24,0,3,42
2025-06-09,SKU0023,0,82,3,44
2025-06-16,SKU0023,0,32,3,19
2025-06-23,SKU0023,29,11,3,35
2025-06-30,SKU0023,0,0,3,51
2025-07-07,SKU0023,0,0,3,44
2025-07-14,SKU0023,34,12,3,58
2025-07-21,SKU0023,45,10,3,44
2025-07-28,SKU0023,14,34,3,44
2025-08-04,SKU0023,0,0,3,41
2025-08-11,SKU0023,40,3,3,37
2025-08-18,SKU0023,7,38,3,48
2025-08-25,SKU0023,0,0,3,43
2025-09-01,SKU0023,0,0,3,46
2025-09-08,SKU0023,39,3,3,33
2025-09-15,SKU0023,88,7,3,47
2025-09-22,SKU0023,70,0,3,32
2025-09-29,SKU0023,51,31,3,37
2025-10-06,SKU0023,56,7,3,48
2025-10-13,SKU0023,65,17,3,58
2025-10-20,SKU0023,27,0,3,62
2025-10-27,SKU0023,0,131,3,77
2025-11-03,SKU0023,0,0,3,57
2025-11-10,SKU0023,0,56,3,63
2025-11-17,SKU0023,0,0,3,44
2025-11-24,SKU0023,0,0,3,54
2025-12-01,SKU0023,0,0,3,44
2025-12-08,SKU0023,0,71,3,62
2025-12-15,SKU0023,74,22,3,65
2025-12-22,SKU0023,42,0,3,50
2025-12-29,SKU0023,23,0,3,30
2024-01-01,SKU0024,133,0,11,63
2024-01-08,SKU0024,104,0,11,71
2024-01-15,SKU0024,84,0,11,61
2024-01-22,SKU0024,57,69,11,62
2024-01-29,SKU0024,39,0,11,50
2024-02-05,SKU0024,20,0,11,64
2024-02-12,SKU0024,0,36,11,63
2024-02-19,SKU0024,0,0,11,50
2024-02-26,SKU0024,0,35,11,87
2024-03-04,SKU0024,0,0,11,80
2024-03-11,SKU0024,0,70,11,68
2024-03-18,SKU0024,0,126,11,128
2024-03-25,SKU0024,31,10,11,80
2024-04-01,SKU0024,0,75,11,94
2024-04-08,SKU0024,0,78,11,91
2024-04-15,SKU0024,0,0,11,77
2024-04-22,SKU0024,0,0,11,84
2024-04-29,SKU0024,34,1,11,80
2024-05-06,SKU0024,7,0,11,77
2024-05-13,SKU0024,0,0,11,80
2024-05-20,SKU0024,0,0,11,87
2024-05-27,SKU0024,0,0,11,69
2024-06-03,SKU0024,0,32,11,68
2024-06-10,SKU0024,0,0,11,66
2024-06-17,SKU0024,0,0,11,38
2024-06-24,SKU0024,0,51,11,68
2024-07-01,SKU0024,0,0,11,128
2024-07-08,SKU0024,53,21,11,119
2024-07-15,SKU0024,19,0,11,79
2024-07-22,SKU0024,0,91,11,94
2024-07-29,SKU0024,0,0,11,84
2024-08-05,SKU0024,0,0,11,98
2024-08-12,SKU0024,0,0,11,67
2024-08-19,SKU0024,0,0,11,119
2024-08-26,SKU0024,0,0,11,102
2024-09-02,SKU0024,32,8,11,71
2024-09-09,SKU0024,47,4,11,76
2024-09-16,SKU0024,14,70,11,85
2024-09-23,SKU0024,0,0,11,72
2024-09-30,SKU0024,0,0,11,75
2024-10-07,SKU0024,0,0,11,86
2024-10-14,SKU0024,0,0,11,76
2024-10-21,SKU0024,0,0,11,114
2024-10-28,SKU0024,0,78,11,138
2024-11-04,SKU0024,0,0,11,124
2024-11-11,SKU0024,0,0,11,71
2024-11-18,SKU0024,0,0,11,75
2024-11-25,SKU0024,0,0,11,146
2024-12-02,SKU0024,0,47,11,96
2024-12-09,SKU0024,0,0,11,96
2024-12-16,SKU0024,0,0,11,110
2024-12-23,SKU0024,0,0,11,129
2024-12-30,SKU0024,0,0,11,87
2025-01-06,SKU0024,54,1,11,87
2025-01-13,SKU0024,23,0,11,76
2025-01-20,SKU0024,8,0,11,42
2025-01-27,SKU0024,0,0,11,72
2025-02-03,SKU0024,0,0,11,83
2025-02-10,SKU0024,0,0,11,90
2025-02-17,SKU0024,0,0,11,90
2025-02-24,SKU0024,0,0,11,64
2025-03-03,SKU0024,0,0,11,70
2025-03-10,SKU0024,0,0,11,69
2025-03-17,SKU0024,0,0,11,111
2025-03-24,SKU0024,0,0,11,68
2025-03-31,SKU0024,0,0,11,75
2025-04-07,SKU0024,41,8,11,113
2025-04-14,SKU0024,1,0,11,124
2025-04-21,SKU0024,0,0,11,83
2025-04-28,SKU0024,69,14,11,88
2025-05-05,SKU0024,32,78,11,95
2025-05-12,SKU0024,49,15,11,50
2025-05-19,SKU0024,25,57,11,63
2025-05-26,SKU0024,7,0,11,48
2025-06-02,SKU0024,0,0,11,81
2025-06-09,SKU0024,0,0,11,89
2025-06-16,SKU0024,37,11,11,95
2025-06-23,SKU0024,50,4,11,89
2025-06-30,SKU0024,6,103,11,109
2025-07-07,SKU0024,62,4,11,108
2025-07-14,SKU0024,28,0,11,104
2025-07-21,SKU0024,0,0,11,95
2025-07-28,SKU0024,0,0,11,74
2025-08-04,SKU0024,0,0,11,92
2025-08-11,SKU0024,80,1,11,123
2025-08-18,SKU0024,54,0,11,69
2025-08-25,SKU0024,104,16,11,97
2025-09-01,SKU0024,109,5,11,53
2025-09-08,SKU0024,87,30,11,65
2025-09-15,SKU0024,108,4,11,65
2025-09-22,SKU0024,75,0,11,83
2025-09-29,SKU0024,48,0,11,75
2025-10-06,SKU0024,18,0,11,103
2025-10-13,SKU0024,0,0,11,113
2025-10-20,SKU0024,0,0,11,163
2025-10-27,SKU0024,0,0,11,120
2025-11-03,SKU0024,0,99,11,104
2025-11-10,SKU0024,49,7,11,78
2025-11-17,SKU0024,16,0,11,90
2025-11-24,SKU0024,0,0,11,180
2025-12-01,SKU0024,0,0,11,180
2025-12-08,SKU0024,0,0,11,141
2025-12-15,SKU0024,0,0,11,107
2025-12-22,SKU0024,43,17,11,143
2025-12-29,SKU0024,22,0,11,60
2024-01-01,SKU0025,485,1,3,127
2024-01-08,SKU0025,538,18,3,132
2024-01-15,SKU0025,477,0,3,104
2024-01-22,SKU0025,394,192,3,135
2024-01-29,SKU0025,392,18,3,124
2024-02-05,SKU0025,314,0,3,135
2024-02-12,SKU0025,231,0,3,124
2024-02-19,SKU0025,150,131,3,129
2024-02-26,SKU0025,72,202,3,118
2024-03-04,SKU0025,0,209,3,133
2024-03-11,SKU0025,0,321,3,220
2024-03-18,SKU0025,0,0,3,208
2024-03-25,SKU0025,0,0,3,138
2024-04-01,SKU0025,0,0,3,127
2024-04-08,SKU0025,0,0,3,134
2024-04-15,SKU0025,189,39,3,150
2024-04-22,SKU0025,95,0,3,147
2024-04-29,SKU0025,0,0,3,147
2024-05-06,SKU0025,0,0,3,114
2024-05-13,SKU0025,0,163,3,170
2024-05-20,SKU0025,179,21,3,114
2024-05-27,SKU0025,92,0,3,139
2024-06-03,SKU0025,0,167,3,142
2024-06-10,SKU0025,127,54,3,132
2024-06-17,SKU0025,54,0,3,120
2024-06-24,SKU0025,0,224,3,115
2024-07-01,SKU0025,0,0,3,163
2024-07-08,SKU0025,302,17,3,140
2024-07-15,SKU0025,295,20,3,150
2024-07-22,SKU0025,200,261,3,154
2024-07-29,SKU0025,128,126,3,113
2024-08-05,SKU0025,16,0,3,169
2024-08-12,SKU0025,0,0,3,194
2024-08-19,SKU0025,0,0,3,155
2024-08-26,SKU0025,86,12,3,120
2024-09-02,SKU0025,0,0,3,162
2024-09-09,SKU0025,0,0,3,172
2024-09-16,SKU0025,0,0,3,121
2024-09-23,SKU0025,0,0,3,145
2024-09-30,SKU0025,0,0,3,98
2024-10-07,SKU0025,0,0,3,156
2024-10-14,SKU0025,0,0,3,148
2024-10-21,SKU0025,295,79,3,203
2024-10-28,SKU0025,165,286,3,218
2024-11-04,SKU0025,42,0,3,159
2024-11-11,SKU0025,167,62,3,177
2024-11-18,SKU0025,84,0,3,130
2024-11-25,SKU0025,0,478,3,245
2024-12-02,SKU0025,0,0,3,229
2024-12-09,SKU0025,0,0,3,180
2024-12-16,SKU0025,0,277,3,202
2024-12-23,SKU0025,0,307,3,190
2024-12-30,SKU0025,0,241,3,123
2025-01-06,SKU0025,0,0,3,160
2025-01-13,SKU0025,0,0,3,113
2025-01-20,SKU0025,0,147,3,123
2025-01-27,SKU0025,0,0,3,114
2025-02-03,SKU0025,0,0,3,145
2025-02-10,SKU0025,0,201,3,148
2025-02-17,SKU0025,0,0,3,143
2025-02-24,SKU0025,0,0,3,145
2025-03-03,SKU0025,0,0,3,146
2025-03-10,SKU0025,0,0,3,153
2025-03-17,SKU0025,0,0,3,178
2025-03-24,SKU0025,0,265,3,129
2025-03-31,SKU0025,142,51,3,150
2025-04-07,SKU0025,51,0,3,174
2025-04-14,SKU0025,0,0,3,181
2025-04-21,SKU0025,0,146,3,146
2025-04-28,SKU0025,0,0,3,160
2025-05-05,SKU0025,0,0,3,188
2025-05-12,SKU0025,196,13,3,146
2025-05-19,SKU0025,113,0,3,120
2025-05-26,SKU0025,11,0,3,158
2025-06-02,SKU0025,0,0,3,129
2025-06-09,SKU0025,0,0,3,131
2025-06-16,SKU0025,0,0,3,162
2025-06-23,SKU0025,0,227,3,150
2025-06-30,SKU0025,0,329,3,206
2025-07-07,SKU0025,0,0,3,175
2025-07-14,SKU0025,0,0,3,178
2025-07-21,SKU0025,0,0,3,191
2025-07-28,SKU0025,0,0,3,182
2025-08-04,SKU0025,0,0,3,145
2025-08-11,SKU0025,0,0,3,149
2025-08-18,SKU0025,0,0,3,165
2025-08-25,SKU0025,0,173,3,160
2025-09-01,SKU0025,0,0,3,127
2025-09-08,SKU0025,0,0,3,167
2025-09-15,SKU0025,189,15,3,153
2025-09-22,SKU0025,98,0,3,147
2025-09-29,SKU0025,0,0,3,194
2025-10-06,SKU0025,0,0,3,145
2025-10-13,SKU0025,0,279,3,146
2025-10-20,SKU0025,281,69,3,202
2025-10-27,SKU0025,135,0,3,222
2025-11-03,SKU0025,9,0,3,252
2025-11-10,SKU0025,0,0,3,249
2025-11-17,SKU0025,0,0,3,160
2025-11-24,SKU0025,0,0,3,280
2025-12-01,SKU0025,188,26,3,214
2025-12-08,SKU0025,48,0,3,256
2025-12-15,SKU0025,0,314,3,194
2025-12-22,SKU0025,0,179,3,209
2025-12-29,SKU0025,0,0,3,77
2024-01-01,SKU0026,15,0,14,21
2024-01-08,SKU0026,11,0,14,22
2024-01-15,SKU0026,9,0,14,21
2024-01-22,SKU0026,3,0,14,24
2024-01-29,SKU0026,0,18,14,19
2024-02-05,SKU0026,0,0,14,23
2024-02-12,SKU0026,2,1,14,22
2024-02-19,SKU0026,0,10,14,19
2024-02-26,SKU0026,0,12,14,28
2024-03-04,SKU0026,0,12,14,23
2024-03-11,SKU0026,0,0,14,18
2024-03-18,SKU0026,18,1,14,23
2024-03-25,SKU0026,9,0,14,30
2024-04-01,SKU0026,5,0,14,21
2024-04-08,SKU0026,0,0,14,21
2024-04-15,SKU0026,0,0,14,38
2024-04-22,SKU0026,12,5,14,28
2024-04-29,SKU0026,11,0,14,21
2024-05-06,SKU0026,10,0,14,23
2024-05-13,SKU0026,4,0,14,21
2024-05-20,SKU0026,1,0,14,22
2024-05-27,SKU0026,0,10,14,20
2024-06-03,SKU0026,0,0,14,24
2024-06-10,SKU0026,0,0,14,24
2024-06-17,SKU0026,0,0,14,19
2024-06-24,SKU0026,0,0,14,21
2024-07-01,SKU0026,0,0,14,19
2024-07-08,SKU0026,0,0,14,31
2024-07-15,SKU0026,0,0,14,19
2024-07-22,SKU0026,0,0,14,23
2024-07-29,SKU0026,4,2,14,20
2024-08-05,SKU0026,0,0,14,28
2024-08-12,SKU0026,0,0,14,20
2024-08-19,SKU0026,17,1,14,23
2024-08-26,SKU0026,8,23,14,29
2024-09-02,SKU0026,3,0,14,21
2024-09-09,SKU0026,0,0,14,19
2024-09-16,SKU0026,0,0,14,35
2024-09-23,SKU0026,0,0,14,25
2024-09-30,SKU0026,0,0,14,22
2024-10-07,SKU0026,0,16,14,28
2024-10-14,SKU0026,0,0,14,18
2024-10-21,SKU0026,0,8,14,24
2024-10-28,SKU0026,0,0,14,46
2024-11-04,SKU0026,0,0,14,31
2024-11-11,SKU0026,0,0,14,45
2024-11-18,SKU0026,0,13,14,34
2024-11-25,SKU0026,30,12,14,47
2024-12-02,SKU0026,36,2,14,26
2024-12-09,SKU0026,28,0,14,23
2024-12-16,SKU0026,12,0,14,63
2024-12-23,SKU0026,5,8,14,27
2024-12-30,SKU0026,6,1,14,22
2025-01-06,SKU0026,23,2,14,27
2025-01-13,SKU0026,21,0,14,21
2025-01-20,SKU0026,13,0,14,29
2025-01-27,SKU0026,7,0,14,20
2025-02-03,SKU0026,7,2,14,20
2025-02-10,SKU0026,0,0,14,31
2025-02-17,SKU0026,22,2,14,32
2025-02-24,SKU0026,15,0,14,28
2025-03-03,SKU0026,9,15,14,24
2025-03-10,SKU0026,13,2,14,49
2025-03-17,SKU0026,23,2,14,21
2025-03-24,SKU0026,14,0,14,28
2025-03-31,SKU0026,8,0,14,23
2025-04-07,SKU0026,2,0,14,20
2025-04-14,SKU0026,0,7,14,23
2025-04-21,SKU0026,0,22,14,27
2025-04-28,SKU0026,0,0,14,23
2025-05-05,SKU0026,0,0,14,23
2025-05-12,SKU0026,8,3,14,23
2025-05-19,SKU0026,3,0,14,22
2025-05-26,SKU0026,0,0,14,26
2025-06-02,SKU0026,0,0,14,20
2025-06-09,SKU0026,0,0,14,20
2025-06-16,SKU0026,0,0,14,34
2025-06-23,SKU0026,0,0,14,22
2025-06-30,SKU0026,0,0,14,34
2025-07-07,SKU0026,0,18,14,29
2025-07-14,SKU0026,9,1,14,27
2025-07-21,SKU0026,0,0,14,42
2025-07-28,SKU0026,0,0,14,20
2025-08-04,SKU0026,0,0,14,27
2025-08-11,SKU0026,0,0,14,32
2025-08-18,SKU0026,0,0,14,20
2025-08-25,SKU0026,0,0,14,22
2025-09-01,SKU0026,19,1,14,22
2025-09-08,SKU0026,11,0,14,25
2025-09-15,SKU0026,6,0,14,19
2025-09-22,SKU0026,0,0,14,36
2025-09-29,SKU0026,8,3,14,24
2025-10-06,SKU0026,0,0,14,32
2025-10-13,SKU0026,0,0,14,29
2025-10-20,SKU0026,0,0,14,44
2025-10-27,SKU0026,0,0,14,33
2025-11-03,SKU0026,0,0,14,50
2025-11-10,SKU0026,0,0,14,34
2025-11-17,SKU0026,0,0,14,26
2025-11-24,SKU0026,13,4,14,40
2025-12-01,SKU0026,3,0,14,39
2025-12-08,SKU0026,0,0,14,53
2025-12-15,SKU0026,9,4,14,28
2025-12-22,SKU0026,0,0,14,36
2025-12-29,SKU0026,0,0,14,27
2024-01-01,SKU0027,318,0,14,324
2024-01-08,SKU0027,227,0,14,309
2024-01-15,SKU0027,139,257,14,314
2024-01-22,SKU0027,264,25,14,409
2024-01-29,SKU0027,173,0,14,314
2024-02-05,SKU0027,48,0,14,452
2024-02-12,SKU0027,0,0,14,385
2024-02-19,SKU0027,0,0,14,357
2024-02-26,SKU0027,0,0,14,378
2024-03-04,SKU0027,0,127,14,353
2024-03-11,SKU0027,0,0,14,517
2024-03-18,SKU0027,0,361,14,553
2024-03-25,SKU0027,0,0,14,393
2024-04-01,SKU0027,0,0,14,316
2024-04-08,SKU0027,0,394,14,436
2024-04-15,SKU0027,0,0,14,430
2024-04-22,SKU0027,0,0,14,524
2024-04-29,SKU0027,146,40,14,421
2024-05-06,SKU0027,158,31,14,416
2024-05-13,SKU0027,38,235,14,370
2024-05-20,SKU0027,0,0,14,491
2024-05-27,SKU0027,0,0,14,469
2024-06-03,SKU0027,0,0,14,384
2024-06-10,SKU0027,0,0,14,382
2024-06-17,SKU0027,0,0,14,335
2024-06-24,SKU0027,275,80,14,430
2024-07-01,SKU0027,95,0,14,704
2024-07-08,SKU0027,0,0,14,391
2024-07-15,SKU0027,423,11,14,451
2024-07-22,SKU0027,297,0,14,410
2024-07-29,SKU0027,185,0,14,433
2024-08-05,SKU0027,77,0,14,345
2024-08-12,SKU0027,0,0,14,455
2024-08-19,SKU0027,0,195,14,449
2024-08-26,SKU0027,0,298,14,419
2024-09-02,SKU0027,0,0,14,472
2024-09-09,SKU0027,0,0,14,420
2024-09-16,SKU0027,0,0,14,397
2024-09-23,SKU0027,0,0,14,419
2024-09-30,SKU0027,173,31,14,512
2024-10-07,SKU0027,31,348,14,489
2024-10-14,SKU0027,0,0,14,574
2024-10-21,SKU0027,0,0,14,701
2024-10-28,SKU0027,314,60,14,671
2024-11-04,SKU0027,125,379,14,652
2024-11-11,SKU0027,352,8,14,471
2024-11-18,SKU0027,180,0,14,507
2024-11-25,SKU0027,0,0,14,617
2024-12-02,SKU0027,0,361,14,685
2024-12-09,SKU0027,0,0,14,677
2024-12-16,SKU0027,0,0,14,585
2024-12-23,SKU0027,523,27,14,691
2024-12-30,SKU0027,376,0,14,481
2025-01-06,SKU0027,273,0,14,344
2025-01-13,SKU0027,127,0,14,495
2025-01-20,SKU0027,9,0,14,410
2025-01-27,SKU0027,0,0,14,340
2025-02-03,SKU0027,199,5,14,420
2025-02-10,SKU0027,76,274,14,388
2025-02-17,SKU0027,0,0,14,343
2025-02-24,SKU0027,0,0,14,392
2025-03-03,SKU0027,0,0,14,381
2025-03-10,SKU0027,0,261,14,510
2025-03-17,SKU0027,188,64,14,549
2025-03-24,SKU0027,67,0,14,461
2025-03-31,SKU0027,0,0,14,372
2025-04-07,SKU0027,0,0,14,450
2025-04-14,SKU0027,0,0,14,457
2025-04-21,SKU0027,0,0,14,467
2025-04-28,SKU0027,0,0,14,560
2025-05-05,SKU0027,0,0,14,445
2025-05-12,SKU0027,0,0,14,410
2025-05-19,SKU0027,0,0,14,455
2025-05-26,SKU0027,0,323,14,466
2025-06-02,SKU0027,0,0,14,438
2025-06-09,SKU0027,0,0,14,353
2025-06-16,SKU0027,0,0,14,554
2025-06-23,SKU0027,0,0,14,421
2025-06-30,SKU0027,0,0,14,664
2025-07-07,SKU0027,0,0,14,645
2025-07-14,SKU0027,0,366,14,375
2025-07-21,SKU0027,0,0,14,478
2025-07-28,SKU0027,0,0,14,503
2025-08-04,SKU0027,0,0,14,453
2025-08-11,SKU0027,270,98,14,437
2025-08-18,SKU0027,332,19,14,510
2025-08-25,SKU0027,172,0,14,560
2025-09-01,SKU0027,29,271,14,433
2025-09-08,SKU0027,0,0,14,498
2025-09-15,SKU0027,442,9,14,545
2025-09-22,SKU0027,300,406,14,419
2025-09-29,SKU0027,151,0,14,486
2025-10-06,SKU0027,0,0,14,518
2025-10-13,SKU0027,254,10,14,545
2025-10-20,SKU0027,529,39,14,755
2025-10-27,SKU0027,323,465,14,694
2025-11-03,SKU0027,110,0,14,694
2025-11-10,SKU0027,0,0,14,677
2025-11-17,SKU0027,0,0,14,599
2025-11-24,SKU0027,0,0,14,781
2025-12-01,SKU0027,375,25,14,627
2025-12-08,SKU0027,340,38,14,715
2025-12-15,SKU0027,158,0,14,620
2025-12-22,SKU0027,0,309,14,629
2025-12-29,SKU0027,0,0,14,299
2024-01-01,SKU0028,75,0,4,11
2024-01-08,SKU0028,68,0,4,12
2024-01-15,SKU0028,57,0,4,18
2024-01-22,SKU0028,51,0,4,11
2024-01-29,SKU0028,44,16,4,10
2024-02-05,SKU0028,32,0,4,21
2024-02-12,SKU0028,23,0,4,14
2024-02-19,SKU0028,17,0,4,11
2024-02-26,SKU0028,20,3,4,11
2024-03-04,SKU0028,15,0,4,12
2024-03-11,SKU0028,9,0,4,13
2024-03-18,SKU0028,0,22,4,18
2024-03-25,SKU0028,0,0,4,11
2024-04-01,SKU0028,0,0,4,15
2024-04-08,SKU0028,0,0,4,21
2024-04-15,SKU0028,0,0,4,20
2024-04-22,SKU0028,0,0,4,10
2024-04-29,SKU0028,0,0,4,18
2024-05-06,SKU0028,0,0,4,11
2024-05-13,SKU0028,6,2,4,10
2024-05-20,SKU0028,0,0,4,11
2024-05-27,SKU0028,0,0,4,17
2024-06-03,SKU0028,0,23,4,18
2024-06-10,SKU0028,4,1,4,12
2024-06-17,SKU0028,0,16,4,12
2024-06-24,SKU0028,0,0,4,12
2024-07-01,SKU0028,0,34,4,25
2024-07-08,SKU0028,0,0,4,20
2024-07-15,SKU0028,7,1,4,12
2024-07-22,SKU0028,3,0,4,13
2024-07-29,SKU0028,0,32,4,23
2024-08-05,SKU0028,0,14,4,20
2024-08-12,SKU0028,0,0,4,12
2024-08-19,SKU0028,0,0,4,14
2024-08-26,SKU0028,0,0,4,10
2024-09-02,SKU0028,0,0,4,18
2024-09-09,SKU0028,0,0,4,12
2024-09-16,SKU0028,0,0,4,15
2024-09-23,SKU0028,0,0,4,19
2024-09-30,SKU0028,0,0,4,24
2024-10-07,SKU0028,0,0,4,20
2024-10-14,SKU0028,0,0,4,19
2024-10-21,SKU0028,0,0,4,16
2024-10-28,SKU0028,0,0,4,20
2024-11-04,SKU0028,16,6,4,15
2024-11-11,SKU0028,7,0,4,15
2024-11-18,SKU0028,2,0,4,12
2024-11-25,SKU0028,0,0,4,24
2024-12-02,SKU0028,0,0,4,25
2024-12-09,SKU0028,0,0,4,20
2024-12-16,SKU0028,0,0,4,13
2024-12-23,SKU0028,0,0,4,23
2024-12-30,SKU0028,0,0,4,12
2025-01-06,SKU0028,0,0,4,12
2025-01-13,SKU0028,0,0,4,17
2025-01-20,SKU0028,0,0,4,10
2025-01-27,SKU0028,0,0,4,11
2025-02-03,SKU0028,0,0,4,14
2025-02-10,SKU0028,0,0,4,11
2025-02-17,SKU0028,21,1,4,12
2025-02-24,SKU0028,10,14,4,19
2025-03-03,SKU0028,3,0,4,14
2025-03-10,SKU0028,0,0,4,13
2025-03-17,SKU0028,0,0,4,23
2025-03-24,SKU0028,0,0,4,13
2025-03-31,SKU0028,0,0,4,12
2025-04-07,SKU0028,0,0,4,17
2025-04-14,SKU0028,5,2,4,12
2025-04-21,SKU0028,0,0,4,12
2025-04-28,SKU0028,0,0,4,11
2025-05-05,SKU0028,0,0,4,21
2025-05-12,SKU0028,0,0,4,10
2025-05-19,SKU0028,0,0,4,13
2025-05-26,SKU0028,0,0,4,10
2025-06-02,SKU0028,11,2,4,17
2025-06-09,SKU0028,0,0,4,22
2025-06-16,SKU0028,0,22,4,21
2025-06-23,SKU0028,0,9,4,16
2025-06-30,SKU0028,0,15,4,26
2025-07-07,SKU0028,0,0,4,16
2025-07-14,SKU0028,0,0,4,10
2025-07-21,SKU0028,0,0,4,17
2025-07-28,SKU0028,11,2,4,18
2025-08-04,SKU0028,4,0,4,13
2025-08-11,SKU0028,0,0,4,16
2025-08-18,SKU0028,0,0,4,11
2025-08-25,SKU0028,20,3,4,15
2025-09-01,SKU0028,24,5,4,16
2025-09-08,SKU0028,16,0,4,16
2025-09-15,SKU0028,2,0,4,24
2025-09-22,SKU0028,0,0,4,11
2025-09-29,SKU0028,0,21,4,17
2025-10-06,SKU0028,20,2,4,15
2025-10-13,SKU0028,6,0,4,27
2025-10-20,SKU0028,0,40,4,28
2025-10-27,SKU0028,12,3,4,15
2025-11-03,SKU0028,0,0,4,24
2025-11-10,SKU0028,0,0,4,17
2025-11-17,SKU0028,0,0,4,13
2025-11-24,SKU0028,0,0,4,24
2025-12-01,SKU0028,0,0,4,28
2025-12-08,SKU0028,0,0,4,26
2025-12-15,SKU0028,15,5,4,18
2025-12-22,SKU0028,0,0,4,27
2025-12-29,SKU0028,0,0,4,10
2024-01-01,SKU0029,147,60,3,40
2024-01-08,SKU0029,122,0,3,41
2024-01-15,SKU0029,150,7,3,39
2024-01-22,SKU0029,120,0,3,48
2024-01-29,SKU0029,72,0,3,89
2024-02-05,SKU0029,31,0,3,54
2024-02-12,SKU0029,8,0,3,29
2024-02-19,SKU0029,80,5,3,55
2024-02-26,SKU0029,53,0,3,36
2024-03-04,SKU0029,35,0,3,27
2024-03-11,SKU0029,4,0,3,41
2024-03-18,SKU0029,129,5,3,66
2024-03-25,SKU0029,106,0,3,32
2024-04-01,SKU0029,70,0,3,55
2024-04-08,SKU0029,39,46,3,55
2024-04-15,SKU0029,7,0,3,53
2024-04-22,SKU0029,0,0,3,50
2024-04-29,SKU0029,0,0,3,46
2024-05-06,SKU0029,0,0,3,66
2024-05-13,SKU0029,0,106,3,59
2024-05-20,SKU0029,0,0,3,46
2024-05-27,SKU0029,0,55,3,40
2024-06-03,SKU0029,0,98,3,45
2024-06-10,SKU0029,0,0,3,53
2024-06-17,SKU0029,0,68,3,75
2024-06-24,SKU0029,0,0,3,71
2024-07-01,SKU0029,0,0,3,70
2024-07-08,SKU0029,0,0,3,71
2024-07-15,SKU0029,0,0,3,37
2024-07-22,SKU0029,0,141,3,72
2024-07-29,SKU0029,0,74,3,57
2024-08-05,SKU0029,0,0,3,57
2024-08-12,SKU0029,0,0,3,44
2024-08-19,SKU0029,0,0,3,66
2024-08-26,SKU0029,59,3,3,64
2024-09-02,SKU0029,55,9,3,49
2024-09-09,SKU0029,24,0,3,59
2024-09-16,SKU0029,0,0,3,72
2024-09-23,SKU0029,51,17,3,87
2024-09-30,SKU0029,0,0,3,84
2024-10-07,SKU0029,0,0,3,66
2024-10-14,SKU0029,0,0,3,29
2024-10-21,SKU0029,0,0,3,65
2024-10-28,SKU0029,0,0,3,85
2024-11-04,SKU0029,0,0,3,78
2024-11-11,SKU0029,0,0,3,82
2024-11-18,SKU0029,62,18,3,86
2024-11-25,SKU0029,7,0,3,95
2024-12-02,SKU0029,0,0,3,72
2024-12-09,SKU0029,0,0,3,76
2024-12-16,SKU0029,0,69,3,75
2024-12-23,SKU0029,66,17,3,85
2024-12-30,SKU0029,23,0,3,78
2025-01-06,SKU0029,0,0,3,50
2025-01-13,SKU0029,29,12,3,29
2025-01-20,SKU0029,0,0,3,54
2025-01-27,SKU0029,0,0,3,37
2025-02-03,SKU0029,0,0,3,52
2025-02-10,SKU0029,61,23,3,61
2025-02-17,SKU0029,28,0,3,48
2025-02-24,SKU0029,0,100,3,70
2025-03-03,SKU0029,0,88,3,61
2025-03-10,SKU0029,39,16,3,66
2025-03-17,SKU0029,0,0,3,83
2025-03-24,SKU0029,46,18,3,58
2025-03-31,SKU0029,79,8,3,58
2025-04-07,SKU0029,53,0,3,43
2025-04-14,SKU0029,18,97,3,54
2025-04-21,SKU0029,0,0,3,37
2025-04-28,SKU0029,47,17,3,81
2025-05-05,SKU0029,0,0,3,75
2025-05-12,SKU0029,0,0,3,74
2025-05-19,SKU0029,0,0,3,67
2025-05-26,SKU0029,0,0,3,66
2025-06-02,SKU0029,0,0,3,64
2025-06-09,SKU0029,0,0,3,45
2025-06-16,SKU0029,0,0,3,68
2025-06-23,SKU0029,0,0,3,65
2025-06-30,SKU0029,0,0,3,68
2025-07-07,SKU0029,0,0,3,58
2025-07-14,SKU0029,46,4,3,58
2025-07-21,SKU0029,16,0,3,51
2025-07-28,SKU0029,48,8,3,70
2025-08-04,SKU0029,69,19,3,45
2025-08-11,SKU0029,120,21,3,66
2025-08-18,SKU0029,80,0,3,51
2025-08-25,SKU0029,141,33,3,65
2025-09-01,SKU0029,94,0,3,68
2025-09-08,SKU0029,66,0,3,45
2025-09-15,SKU0029,26,109,3,65
2025-09-22,SKU0029,0,0,3,60
2025-09-29,SKU0029,0,0,3,63
2025-10-06,SKU0029,0,0,3,65
2025-10-13,SKU0029,0,0,3,92
2025-10-20,SKU0029,0,0,3,97
2025-10-27,SKU0029,0,0,3,97
2025-11-03,SKU0029,0,124,3,83
2025-11-10,SKU0029,0,163,3,120
2025-11-17,SKU0029,0,0,3,75
2025-11-24,SKU0029,157,24,3,137
2025-12-01,SKU0029,93,0,3,116
2025-12-08,SKU0029,35,0,3,86
2025-12-15,SKU0029,0,0,3,82
2025-12-22,SKU0029,0,0,3,87
2025-12-29,SKU0029,0,0,3,35
2024-01-01,SKU0030,60,0,6,42
2024-01-08,SKU0030,44,0,6,30
2024-01-15,SKU0030,22,0,6,43
2024-01-22,SKU0030,10,19,6,30
2024-01-29,SKU0030,0,0,6,45
2024-02-05,SKU0030,0,23,6,33
2024-02-12,SKU0030,0,58,6,36
2024-02-19,SKU0030,0,0,6,37
2024-02-26,SKU0030,0,0,6,36
2024-03-04,SKU0030,0,0,6,52
2024-03-11,SKU0030,0,0,6,50
2024-03-18,SKU0030,27,11,6,54
2024-03-25,SKU0030,4,47,6,47
2024-04-01,SKU0030,0,0,6,68
2024-04-08,SKU0030,0,0,6,48
2024-04-15,SKU0030,0,17,6,23
2024-04-22,SKU0030,0,0,6,47
2024-04-29,SKU0030,0,0,6,47
2024-05-06,SKU0030,0,0,6,44
2024-05-13,SKU0030,0,0,6,48
2024-05-20,SKU0030,0,64,6,50
2024-05-27,SKU0030,31,9,6,43
2024-06-03,SKU0030,65,4,6,56
2024-06-10,SKU0030,31,0,6,71
2024-06-17,SKU0030,9,0,6,57
2024-06-24,SKU0030,0,76,6,60
2024-07-01,SKU0030,0,0,6,38
2024-07-08,SKU0030,0,36,6,71
2024-07-15,SKU0030,0,0,6,44
2024-07-22,SKU0030,56,6,6,54
2024-07-29,SKU0030,34,0,6,58
2024-08-05,SKU0030,13,0,6,45
2024-08-12,SKU0030,0,0,6,29
2024-08-19,SKU0030,0,0,6,45
2024-08-26,SKU0030,0,0,6,41
2024-09-02,SKU0030,0,0,6,53
2024-09-09,SKU0030,0,58,6,56
2024-09-16,SKU0030,0,81,6,72
2024-09-23,SKU0030,65,5,6,51
2024-09-30,SKU0030,33,76,6,62
2024-10-07,SKU0030,8,0,6,49
2024-10-14,SKU0030,42,11,6,66
2024-10-21,SKU0030,3,0,6,89
2024-10-28,SKU0030,0,0,6,69
2024-11-04,SKU0030,0,0,6,62
2024-11-11,SKU0030,0,0,6,48
2024-11-18,SKU0030,48,19,6,52
2024-11-25,SKU0030,69,5,6,93
2024-12-02,SKU0030,33,0,6,81
2024-12-09,SKU0030,0,0,6,90
2024-12-16,SKU0030,0,38,6,65
2024-12-23,SKU0030,0,67,6,60
2024-12-30,SKU0030,0,0,6,31
2025-01-06,SKU0030,0,0,6,48
2025-01-13,SKU0030,55,11,6,41
2025-01-20,SKU0030,35,48,6,42
2025-01-27,SKU0030,16,0,6,41
2025-02-03,SKU0030,0,0,6,46
2025-02-10,SKU0030,43,10,6,52
2025-02-17,SKU0030,17,26,6,46
2025-02-24,SKU0030,32,9,6,44
2025-03-03,SKU0030,30,7,6,57
2025-03-10,SKU0030,8,0,6,52
2025-03-17,SKU0030,0,45,6,48
2025-03-24,SKU0030,0,0,6,48
2025-03-31,SKU0030,27,9,6,33
2025-04-07,SKU0030,7,0,6,43
2025-04-14,SKU0030,0,0,6,41
2025-04-21,SKU0030,0,0,6,53
2025-04-28,SKU0030,0,0,6,58
2025-05-05,SKU0030,39,9,6,35
2025-05-12,SKU0030,12,0,6,55
2025-05-19,SKU0030,0,0,6,42
2025-05-26,SKU0030,89,9,6,57
2025-06-02,SKU0030,75,0,6,28
2025-06-09,SKU0030,51,65,6,56
2025-06-16,SKU0030,25,0,6,55
2025-06-23,SKU0030,8,0,6,44
2025-06-30,SKU0030,0,0,6,77
2025-07-07,SKU0030,0,0,6,59
2025-07-14,SKU0030,43,18,6,50
2025-07-21,SKU0030,19,52,6,48
2025-07-28,SKU0030,0,0,6,72
2025-08-04,SKU0030,0,89,6,64
2025-08-11,SKU0030,0,38,6,55
2025-08-18,SKU0030,0,0,6,72
2025-08-25,SKU0030,0,0,6,47
2025-09-01,SKU0030,0,0,6,36
2025-09-08,SKU0030,0,0,6,45
2025-09-15,SKU0030,0,0,6,48
2025-09-22,SKU0030,0,0,6,44
2025-09-29,SKU0030,0,43,6,35
2025-10-06,SKU0030,0,0,6,62
2025-10-13,SKU0030,0,0,6,63
2025-10-20,SKU0030,0,0,6,92
2025-10-27,SKU0030,92,18,6,83
2025-11-03,SKU0030,55,105,6,67
2025-11-10,SKU0030,11,0,6,78
2025-11-17,SKU0030,0,71,6,71
2025-11-24,SKU0030,0,86,6,97
2025-12-01,SKU0030,91,32,6,79
2025-12-08,SKU0030,57,50,6,68
2025-12-15,SKU0030,112,6,6,75
2025-12-22,SKU0030,77,0,6,69
2025-12-29,SKU0030,85,5,6,25
2024-01-01,SKU0031,426,0,11,85
2024-01-08,SKU0031,378,0,11,121
2024-01-15,SKU0031,334,0,11,115
2024-01-22,SKU0031,330,12,11,142
2024-01-29,SKU0031,356,18,11,109
2024-02-05,SKU0031,319,46,11,117
2024-02-12,SKU0031,277,0,11,126
2024-02-19,SKU0031,248,76,11,76
2024-02-26,SKU0031,341,8,11,134
2024-03-04,SKU0031,306,0,11,100
2024-03-11,SKU0031,244,0,11,209
2024-03-18,SKU0031,167,0,11,212
2024-03-25,SKU0031,121,0,11,160
2024-04-01,SKU0031,58,0,11,154
2024-04-08,SKU0031,105,28,11,160
2024-04-15,SKU0031,58,125,11,123
2024-04-22,SKU0031,15,0,11,131
2024-04-29,SKU0031,73,29,11,115
2024-05-06,SKU0031,34,0,11,111
2024-05-13,SKU0031,67,21,11,160
2024-05-20,SKU0031,16,0,11,137
2024-05-27,SKU0031,0,0,11,145
2024-06-03,SKU0031,0,0,11,147
2024-06-10,SKU0031,0,0,11,156
2024-06-17,SKU0031,0,0,11,125
2024-06-24,SKU0031,0,0,11,115
2024-07-01,SKU0031,0,0,11,196
2024-07-08,SKU0031,221,1,11,194
2024-07-15,SKU0031,251,14,11,120
2024-07-22,SKU0031,209,81,11,127
2024-07-29,SKU0031,251,26,11,160
2024-08-05,SKU0031,214,0,11,110
2024-08-12,SKU0031,168,0,11,150
2024-08-19,SKU0031,118,0,11,123
2024-08-26,SKU0031,67,90,11,142
2024-09-02,SKU0031,22,0,11,115
2024-09-09,SKU0031,0,0,11,118
2024-09-16,SKU0031,0,0,11,112
2024-09-23,SKU0031,94,33,11,197
2024-09-30,SKU0031,39,0,11,170
2024-10-07,SKU0031,0,0,11,153
2024-10-14,SKU0031,0,0,11,135
2024-10-21,SKU0031,0,143,11,223
2024-10-28,SKU0031,89,15,11,178
2024-11-04,SKU0031,7,0,11,242
2024-11-11,SKU0031,0,0,11,187
2024-11-18,SKU0031,0,0,11,182
2024-11-25,SKU0031,0,0,11,204
2024-12-02,SKU0031,0,0,11,206
2024-12-09,SKU0031,0,69,11,174
2024-12-16,SKU0031,0,0,11,147
2024-12-23,SKU0031,0,0,11,146
2024-12-30,SKU0031,46,15,11,132
2025-01-06,SKU0031,12,0,11,119
2025-01-13,SKU0031,0,0,11,149
2025-01-20,SKU0031,0,0,11,114
2025-01-27,SKU0031,0,0,11,97
2025-02-03,SKU0031,0,0,11,134
2025-02-10,SKU0031,0,0,11,108
2025-02-17,SKU0031,0,0,11,111
2025-02-24,SKU0031,82,34,11,116
2025-03-03,SKU0031,28,0,11,145
2025-03-10,SKU0031,0,0,11,148
2025-03-17,SKU0031,0,0,11,198
2025-03-24,SKU0031,94,23,11,184
2025-03-31,SKU0031,29,0,11,208
2025-04-07,SKU0031,0,68,11,151
2025-04-14,SKU0031,0,0,11,142
2025-04-21,SKU0031,0,0,11,137
2025-04-28,SKU0031,0,0,11,128
2025-05-05,SKU0031,0,0,11,197
2025-05-12,SKU0031,120,31,11,177
2025-05-19,SKU0031,71,0,11,144
2025-05-26,SKU0031,16,0,11,148
2025-06-02,SKU0031,0,0,11,145
2025-06-09,SKU0031,0,54,11,132
2025-06-16,SKU0031,0,0,11,150
2025-06-23,SKU0031,0,0,11,123
2025-06-30,SKU0031,0,0,11,200
2025-07-07,SKU0031,0,138,11,220
2025-07-14,SKU0031,0,0,11,135
2025-07-21,SKU0031,0,0,11,178
2025-07-28,SKU0031,0,0,11,151
2025-08-04,SKU0031,0,0,11,140
2025-08-11,SKU0031,107,13,11,137
2025-08-18,SKU0031,48,0,11,169
2025-08-25,SKU0031,76,17,11,139
2025-09-01,SKU0031,15,0,11,180
2025-09-08,SKU0031,0,0,11,120
2025-09-15,SKU0031,0,0,11,195
2025-09-22,SKU0031,0,0,11,171
2025-09-29,SKU0031,0,0,11,116
2025-10-06,SKU0031,0,0,11,135
2025-10-13,SKU0031,0,0,11,234
2025-10-20,SKU0031,0,0,11,189
2025-10-27,SKU0031,0,0,11,242
2025-11-03,SKU0031,0,0,11,192
2025-11-10,SKU0031,0,0,11,156
2025-11-17,SKU0031,0,140,11,157
2025-11-24,SKU0031,129,56,11,286
2025-12-01,SKU0031,148,10,11,183
2025-12-08,SKU0031,78,0,11,194
2025-12-15,SKU0031,6,0,11,210
2025-12-22,SKU0031,0,0,11,199
2025-12-29,SKU0031,39,9,11,103
2024-01-01,SKU0032,135,0,7,104
2024-01-08,SKU0032,85,0,7,93
2024-01-15,SKU0032,42,0,7,91
2024-01-22,SKU0032,9,0,7,71
2024-01-29,SKU0032,0,0,7,122
2024-02-05,SKU0032,0,0,7,110
2024-02-12,SKU0032,0,0,7,99
2024-02-19,SKU0032,0,0,7,116
2024-02-26,SKU0032,0,0,7,114
2024-03-04,SKU0032,0,0,7,143
2024-03-11,SKU0032,0,0,7,150
2024-03-18,SKU0032,0,113,7,180
2024-03-25,SKU0032,0,0,7,110
2024-04-01,SKU0032,0,0,7,121
2024-04-08,SKU0032,0,0,7,130
2024-04-15,SKU0032,0,0,7,139
2024-04-22,SKU0032,0,147,7,144
2024-04-29,SKU0032,0,0,7,150
2024-05-06,SKU0032,0,0,7,143
2024-05-13,SKU0032,0,0,7,107
2024-05-20,SKU0032,0,0,7,140
2024-05-27,SKU0032,0,0,7,145
2024-06-03,SKU0032,0,0,7,134
2024-06-10,SKU0032,0,0,7,113
2024-06-17,SKU0032,0,0,7,126
2024-06-24,SKU0032,0,0,7,150
2024-07-01,SKU0032,0,0,7,227
2024-07-08,SKU0032,0,0,7,150
2024-07-15,SKU0032,0,0,7,113
2024-07-22,SKU0032,0,156,7,168
2024-07-29,SKU0032,75,16,7,111
2024-08-05,SKU0032,18,0,7,140
2024-08-12,SKU0032,0,0,7,144
2024-08-19,SKU0032,0,0,7,123
2024-08-26,SKU0032,0,0,7,115
2024-09-02,SKU0032,0,0,7,116
2024-09-09,SKU0032,58,21,7,131
2024-09-16,SKU0032,1,136,7,131
2024-09-23,SKU0032,58,6,7,129
2024-09-30,SKU0032,0,0,7,189
2024-10-07,SKU0032,0,0,7,137
2024-10-14,SKU0032,145,6,7,149
2024-10-21,SKU0032,84,0,7,117
2024-10-28,SKU0032,101,43,7,199
2024-11-04,SKU0032,17,0,7,190
2024-11-11,SKU0032,0,0,7,206
2024-11-18,SKU0032,136,13,7,190
2024-11-25,SKU0032,18,0,7,225
2024-12-02,SKU0032,151,37,7,166
2024-12-09,SKU0032,44,0,7,220
2024-12-16,SKU0032,169,1,7,141
2024-12-23,SKU0032,94,0,7,193
2024-12-30,SKU0032,28,0,7,150
2025-01-06,SKU0032,0,0,7,126
2025-01-13,SKU0032,114,43,7,138
2025-01-20,SKU0032,73,0,7,75
2025-01-27,SKU0032,32,0,7,102
2025-02-03,SKU0032,80,24,7,126
2025-02-10,SKU0032,31,0,7,111
2025-02-17,SKU0032,0,0,7,122
2025-02-24,SKU0032,0,0,7,106
2025-03-03,SKU0032,0,0,7,151
2025-03-10,SKU0032,0,86,7,139
2025-03-17,SKU0032,0,0,7,239
2025-03-24,SKU0032,0,0,7,157
2025-03-31,SKU0032,0,0,7,171
2025-04-07,SKU0032,0,89,7,155
2025-04-14,SKU0032,0,0,7,148
2025-04-21,SKU0032,0,80,7,151
2025-04-28,SKU0032,0,0,7,129
2025-05-05,SKU0032,0,0,7,156
2025-05-12,SKU0032,0,0,7,118
2025-05-19,SKU0032,0,0,7,142
2025-05-26,SKU0032,154,5,7,143
2025-06-02,SKU0032,101,0,7,124
2025-06-09,SKU0032,37,0,7,133
2025-06-16,SKU0032,0,0,7,124
2025-06-23,SKU0032,71,24,7,86
2025-06-30,SKU0032,2,0,7,145
2025-07-07,SKU0032,0,0,7,182
2025-07-14,SKU0032,155,56,7,151
2025-07-21,SKU0032,76,0,7,177
2025-07-28,SKU0032,24,0,7,128
2025-08-04,SKU0032,80,14,7,111
2025-08-11,SKU0032,18,0,7,170
2025-08-18,SKU0032,0,0,7,143
2025-08-25,SKU0032,0,0,7,159
2025-09-01,SKU0032,0,0,7,121
2025-09-08,SKU0032,0,116,7,137
2025-09-15,SKU0032,0,0,7,121
2025-09-22,SKU0032,78,7,7,131
2025-09-29,SKU0032,12,0,7,159
2025-10-06,SKU0032,0,0,7,159
2025-10-13,SKU0032,0,162,7,149
2025-10-20,SKU0032,0,0,7,230
2025-10-27,SKU0032,0,0,7,263
2025-11-03,SKU0032,310,3,7,219
2025-11-10,SKU0032,242,0,7,181
2025-11-17,SKU0032,141,236,7,206
2025-11-24,SKU0032,55,0,7,205
2025-12-01,SKU0032,0,0,7,200
2025-12-08,SKU0032,0,157,7,182
2025-12-15,SKU0032,0,0,7,231
2025-12-22,SKU0032,0,0,7,196
2025-12-29,SKU0032,0,0,7,99
2024-01-01,SKU0033,54,0,10,109
2024-01-08,SKU0033,15,0,10,103
2024-01-15,SKU0033,0,0,10,80
2024-01-22,SKU0033,0,0,10,106
2024-01-29,SKU0033,0,0,10,88
2024-02-05,SKU0033,0,0,10,118
2024-02-12,SKU0033,0,0,10,86
2024-02-19,SKU0033,44,10,10,96
2024-02-26,SKU0033,0,0,10,139
2024-03-04,SKU0033,0,0,10,141
2024-03-11,SKU0033,127,9,10,133
2024-03-18,SKU0033,244,3,10,182
2024-03-25,SKU0033,243,19,10,116
2024-04-01,SKU0033,203,0,10,126
2024-04-08,SKU0033,148,0,10,125
2024-04-15,SKU0033,84,0,10,155
2024-04-22,SKU0033,121,29,10,107
2024-04-29,SKU0033,70,0,10,116
2024-05-06,SKU0033,19,0,10,122
2024-05-13,SKU0033,51,20,10,141
2024-05-20,SKU0033,151,10,10,157
2024-05-27,SKU0033,109,0,10,112
2024-06-03,SKU0033,57,56,10,129
2024-06-10,SKU0033,147,19,10,140
2024-06-17,SKU0033,99,0,10,117
2024-06-24,SKU0033,49,0,10,142
2024-07-01,SKU0033,0,0,10,151
2024-07-08,SKU0033,0,113,10,158
2024-07-15,SKU0033,0,0,10,147
2024-07-22,SKU0033,0,137,10,136
2024-07-29,SKU0033,102,7,10,143
2024-08-05,SKU0033,43,0,10,157
2024-08-12,SKU0033,134,2,10,138
2024-08-19,SKU0033,177,15,10,100
2024-08-26,SKU0033,131,0,10,137
2024-09-02,SKU0033,87,0,10,136
2024-09-09,SKU0033,123,10,10,128
2024-09-16,SKU0033,89,0,10,107
2024-09-23,SKU0033,38,0,10,148
2024-09-30,SKU0033,0,0,10,124
2024-10-07,SKU0033,55,4,10,120
2024-10-14,SKU0033,0,0,10,151
2024-10-21,SKU0033,0,0,10,174
2024-10-28,SKU0033,0,0,10,246
2024-11-04,SKU0033,0,0,10,186
2024-11-11,SKU0033,0,0,10,128
2024-11-18,SKU0033,0,0,10,163
2024-11-25,SKU0033,0,0,10,190
2024-12-02,SKU0033,164,2,10,175
2024-12-09,SKU0033,103,0,10,186
2024-12-16,SKU0033,145,1,10,166
2024-12-23,SKU0033,69,0,10,205
2024-12-30,SKU0033,137,14,10,120
2025-01-06,SKU0033,187,10,10,140
2025-01-13,SKU0033,138,0,10,140
2025-01-20,SKU0033,96,122,10,134
2025-01-27,SKU0033,55,0,10,110
2025-02-03,SKU0033,11,0,10,118
2025-02-10,SKU0033,0,0,10,118
2025-02-17,SKU0033,0,0,10,96
2025-02-24,SKU0033,109,16,10,131
2025-03-03,SKU0033,57,87,10,128
2025-03-10,SKU0033,16,50,10,106
2025-03-17,SKU0033,104,43,10,176
2025-03-24,SKU0033,63,108,10,121
2025-03-31,SKU0033,63,11,10,142
2025-04-07,SKU0033,8,0,10,184
2025-04-14,SKU0033,0,0,10,106
2025-04-21,SKU0033,0,0,10,133
2025-04-28,SKU0033,0,0,10,114
2025-05-05,SKU0033,0,0,10,154
2025-05-12,SKU0033,111,36,10,146
2025-05-19,SKU0033,58,0,10,152
2025-05-26,SKU0033,147,18,10,174
2025-06-02,SKU0033,93,91,10,130
2025-06-09,SKU0033,42,0,10,161
2025-06-16,SKU0033,0,0,10,117
2025-06-23,SKU0033,0,0,10,127
2025-06-30,SKU0033,0,0,10,207
2025-07-07,SKU0033,0,160,10,140
2025-07-14,SKU0033,0,0,10,124
2025-07-21,SKU0033,0,0,10,121
2025-07-28,SKU0033,0,0,10,146
2025-08-04,SKU0033,0,0,10,133
2025-08-11,SKU0033,0,52,10,108
2025-08-18,SKU0033,0,0,10,133
2025-08-25,SKU0033,114,3,10,136
2025-09-01,SKU0033,75,0,10,103
2025-09-08,SKU0033,47,0,10,67
2025-09-15,SKU0033,0,0,10,186
2025-09-22,SKU0033,0,0,10,140
2025-09-29,SKU0033,0,0,10,169
2025-10-06,SKU0033,0,0,10,199
2025-10-13,SKU0033,0,0,10,178
2025-10-20,SKU0033,0,0,10,209
2025-10-27,SKU0033,0,0,10,186
2025-11-03,SKU0033,0,206,10,182
2025-11-10,SKU0033,0,0,10,186
2025-11-17,SKU0033,0,0,10,145
2025-11-24,SKU0033,255,29,10,269
2025-12-01,SKU0033,175,0,10,230
2025-12-08,SKU0033,96,0,10,198
2025-12-15,SKU0033,33,0,10,183
2025-12-22,SKU0033,0,0,10,171
2025-12-29,SKU0033,87,6,10,105
2024-01-01,SKU0034,47,0,14,30
2024-01-08,SKU0034,36,0,14,44
2024-01-15,SKU0034,45,8,14,31
2024-01-22,SKU0034,26,0,14,74
2024-01-29,SKU0034,24,2,14,47
2024-02-05,SKU0034,13,0,14,40
2024-02-12,SKU0034,0,0,14,56
2024-02-19,SKU0034,0,0,14,44
2024-02-26,SKU0034,0,0,14,71
2024-03-04,SKU0034,0,0,14,57
2024-03-11,SKU0034,0,0,14,66
2024-03-18,SKU0034,0,0,14,87
2024-03-25,SKU0034,0,27,14,65
2024-04-01,SKU0034,0,0,14,90
2024-04-08,SKU0034,0,0,14,42
2024-04-15,SKU0034,0,0,14,42
2024-04-22,SKU0034,32,2,14,67
2024-04-29,SKU0034,3,0,14,107
2024-05-06,SKU0034,0,0,14,85
2024-05-13,SKU0034,0,0,14,62
2024-05-20,SKU0034,0,0,14,63
2024-05-27,SKU0034,0,0,14,49
2024-06-03,SKU0034,0,0,14,60
2024-06-10,SKU0034,0,0,14,43
2024-06-17,SKU0034,0,0,14,82
2024-06-24,SKU0034,44,14,14,58
2024-07-01,SKU0034,7,0,14,126
2024-07-08,SKU0034,45,15,14,84
2024-07-15,SKU0034,21,0,14,87
2024-07-22,SKU0034,4,0,14,57
2024-07-29,SKU0034,0,0,14,68
2024-08-05,SKU0034,59,15,14,80
2024-08-12,SKU0034,28,83,14,95
2024-08-19,SKU0034,48,4,14,41
2024-08-26,SKU0034,22,32,14,86
2024-09-02,SKU0034,4,0,14,56
2024-09-09,SKU0034,0,0,14,62
2024-09-16,SKU0034,0,0,14,70
2024-09-23,SKU0034,0,0,14,70
2024-09-30,SKU0034,0,42,14,93
2024-10-07,SKU0034,0,0,14,69
2024-10-14,SKU0034,0,0,14,100
2024-10-21,SKU0034,0,110,14,114
2024-10-28,SKU0034,0,0,14,129
2024-11-04,SKU0034,0,0,14,95
2024-11-11,SKU0034,0,0,14,78
2024-11-18,SKU0034,0,0,14,125
2024-11-25,SKU0034,0,0,14,149
2024-12-02,SKU0034,0,0,14,127
2024-12-09,SKU0034,0,0,14,101
2024-12-16,SKU0034,58,15,14,99
2024-12-23,SKU0034,94,10,14,101
2024-12-30,SKU0034,73,0,14,64
2025-01-06,SKU0034,56,0,14,62
2025-01-13,SKU0034,70,4,14,58
2025-01-20,SKU0034,49,0,14,81
2025-01-27,SKU0034,31,0,14,61
2025-02-03,SKU0034,53,4,14,52
2025-02-10,SKU0034,35,0,14,57
2025-02-17,SKU0034,41,10,14,73
2025-02-24,SKU0034,29,40,14,43
2025-03-03,SKU0034,61,2,14,65
2025-03-10,SKU0034,36,58,14,84
2025-03-17,SKU0034,15,0,14,61
2025-03-24,SKU0034,0,46,14,57
2025-03-31,SKU0034,0,0,14,57
2025-04-07,SKU0034,56,2,14,60
2025-04-14,SKU0034,39,28,14,63
2025-04-21,SKU0034,20,0,14,52
2025-04-28,SKU0034,0,0,14,63
2025-05-05,SKU0034,48,16,14,69
2025-05-12,SKU0034,25,0,14,72
2025-05-19,SKU0034,0,0,14,71
2025-05-26,SKU0034,0,0,14,88
2025-06-02,SKU0034,0,0,14,81
2025-06-09,SKU0034,0,0,14,62
2025-06-16,SKU0034,0,0,14,67
2025-06-23,SKU0034,0,0,14,72
2025-06-30,SKU0034,0,0,14,108
2025-07-07,SKU0034,0,0,14,96
2025-07-14,SKU0034,0,0,14,52
2025-07-21,SKU0034,0,0,14,94
2025-07-28,SKU0034,54,10,14,115
2025-08-04,SKU0034,69,14,14,87
2025-08-11,SKU0034,40,0,14,92
2025-08-18,SKU0034,12,77,14,76
2025-08-25,SKU0034,0,0,14,67
2025-09-01,SKU0034,43,4,14,88
2025-09-08,SKU0034,19,0,14,92
2025-09-15,SKU0034,0,0,14,71
2025-09-22,SKU0034,0,0,14,85
2025-09-29,SKU0034,0,0,14,104
2025-10-06,SKU0034,0,31,14,57
2025-10-13,SKU0034,0,0,14,156
2025-10-20,SKU0034,45,16,14,167
2025-10-27,SKU0034,0,0,14,143
2025-11-03,SKU0034,34,6,14,104
2025-11-10,SKU0034,6,0,14,88
2025-11-17,SKU0034,0,0,14,88
2025-11-24,SKU0034,44,10,14,150
2025-12-01,SKU0034,16,0,14,78
2025-12-08,SKU0034,0,0,14,99
2025-12-15,SKU0034,0,0,14,105
2025-12-22,SKU0034,0,0,14,80
2025-12-29,SKU0034,0,0,14,45
2024-01-01,SKU0035,116,0,4,19
2024-01-08,SKU0035,108,0,4,13
2024-01-15,SKU0035,96,0,4,22
2024-01-22,SKU0035,79,0,4,33
2024-01-29,SKU0035,86,7,4,14
2024-02-05,SKU0035,86,2,4,10
2024-02-12,SKU0035,78,0,4,16
2024-02-19,SKU0035,71,0,4,13
2024-02-26,SKU0035,74,2,4,11
2024-03-04,SKU0035,69,17,4,11
2024-03-11,SKU0035,78,1,4,13
2024-03-18,SKU0035,67,24,4,17
2024-03-25,SKU0035,57,0,4,20
2024-04-01,SKU0035,46,0,4,21
2024-04-08,SKU0035,57,1,4,13
2024-04-15,SKU0035,50,0,4,11
2024-04-22,SKU0035,38,0,4,17
2024-04-29,SKU0035,30,0,4,14
2024-05-06,SKU0035,21,0,4,13
2024-05-13,SKU0035,15,7,4,11
2024-05-20,SKU0035,23,3,4,14
2024-05-27,SKU0035,16,9,4,16
2024-06-03,SKU0035,6,0,4,16
2024-06-10,SKU0035,0,0,4,10
2024-06-17,SKU0035,14,3,4,14
2024-06-24,SKU0035,8,0,4,12
2024-07-01,SKU0035,0,0,4,36
2024-07-08,SKU0035,0,0,4,19
2024-07-15,SKU0035,0,31,4,15
2024-07-22,SKU0035,0,0,4,28
2024-07-29,SKU0035,0,0,4,16
2024-08-05,SKU0035,25,1,4,13
2024-08-12,SKU0035,18,0,4,12
2024-08-19,SKU0035,1,0,4,32
2024-08-26,SKU0035,0,0,4,22
2024-09-02,SKU0035,19,1,4,15
2024-09-09,SKU0035,19,1,4,10
2024-09-16,SKU0035,12,0,4,14
2024-09-23,SKU0035,7,0,4,10
2024-09-30,SKU0035,1,0,4,12
2024-10-07,SKU0035,0,0,4,10
2024-10-14,SKU0035,0,0,4,18
2024-10-21,SKU0035,0,0,4,24
2024-10-28,SKU0035,0,0,4,25
2024-11-04,SKU0035,33,6,4,23
2024-11-11,SKU0035,23,34,4,17
2024-11-18,SKU0035,7,0,4,28
2024-11-25,SKU0035,0,13,4,19
2024-12-02,SKU0035,13,6,4,23
2024-12-09,SKU0035,0,0,4,19
2024-12-16,SKU0035,48,1,4,24
2024-12-23,SKU0035,35,22,4,21
2024-12-30,SKU0035,36,2,4,12
2025-01-06,SKU0035,34,0,4,11
2025-01-13,SKU0035,22,0,4,19
2025-01-20,SKU0035,18,0,4,13
2025-01-27,SKU0035,12,10,4,10
2025-02-03,SKU0035,5,0,4,10
2025-02-10,SKU0035,0,0,4,15
2025-02-17,SKU0035,0,0,4,15
2025-02-24,SKU0035,0,0,4,13
2025-03-03,SKU0035,7,1,4,12
2025-03-10,SKU0035,0,0,4,13
2025-03-17,SKU0035,0,0,4,27
2025-03-24,SKU0035,0,0,4,17
2025-03-31,SKU0035,0,0,4,19
2025-04-07,SKU0035,0,0,4,28
2025-04-14,SKU0035,0,0,4,22
2025-04-21,SKU0035,0,0,4,32
2025-04-28,SKU0035,0,0,4,16
2025-05-05,SKU0035,22,7,4,18
2025-05-12,SKU0035,10,0,4,19
2025-05-19,SKU0035,0,19,4,19
2025-05-26,SKU0035,0,0,4,19
2025-06-02,SKU0035,16,6,4,17
2025-06-09,SKU0035,11,9,4,11
2025-06-16,SKU0035,0,0,4,17
2025-06-23,SKU0035,0,0,4,18
2025-06-30,SKU0035,33,2,4,20
2025-07-07,SKU0035,13,43,4,37
2025-07-14,SKU0035,15,7,4,24
2025-07-21,SKU0035,3,0,4,19
2025-07-28,SKU0035,0,20,4,16
2025-08-04,SKU0035,0,0,4,17
2025-08-11,SKU0035,0,46,4,25
2025-08-18,SKU0035,30,3,4,25
2025-08-25,SKU0035,14,29,4,30
2025-09-01,SKU0035,28,13,4,36
2025-09-08,SKU0035,20,13,4,15
2025-09-15,SKU0035,8,0,4,18
2025-09-22,SKU0035,4,0,4,10
2025-09-29,SKU0035,0,20,4,10
2025-10-06,SKU0035,0,36,4,20
2025-10-13,SKU0035,0,20,4,28
2025-10-20,SKU0035,0,0,4,16
2025-10-27,SKU0035,0,0,4,27
2025-11-03,SKU0035,0,0,4,19
2025-11-10,SKU0035,0,0,4,24
2025-11-17,SKU0035,0,0,4,17
2025-11-24,SKU0035,51,16,4,40
2025-12-01,SKU0035,41,0,4,19
2025-12-08,SKU0035,25,0,4,26
2025-12-15,SKU0035,17,0,4,16
2025-12-22,SKU0035,32,13,4,22
2025-12-29,SKU0035,23,0,4,16
2024-01-01,SKU0036,122,3,8,59
2024-01-08,SKU0036,101,0,8,47
2024-01-15,SKU0036,74,0,8,68
2024-01-22,SKU0036,48,0,8,63
2024-01-29,SKU0036,14,0,8,73
2024-02-05,SKU0036,0,0,8,62
2024-02-12,SKU0036,48,13,8,63
2024-02-19,SKU0036,28,0,8,54
2024-02-26,SKU0036,0,0,8,83
2024-03-04,SKU0036,0,32,8,40
2024-03-11,SKU0036,0,83,8,100
2024-03-18,SKU0036,0,0,8,92
2024-03-25,SKU0036,0,0,8,62
2024-04-01,SKU0036,66,28,8,77
2024-04-08,SKU0036,46,53,8,51
2024-04-15,SKU0036,22,0,8,49
2024-04-22,SKU0036,0,0,8,87
2024-04-29,SKU0036,0,46,8,51
2024-05-06,SKU0036,54,16,8,72
2024-05-13,SKU0036,26,0,8,71
2024-05-20,SKU0036,38,12,8,58
2024-05-27,SKU0036,67,11,8,60
2024-06-03,SKU0036,40,89,8,73
2024-06-10,SKU0036,89,7,8,69
2024-06-17,SKU0036,66,0,8,50
2024-06-24,SKU0036,30,52,8,84
2024-07-01,SKU0036,0,0,8,82
2024-07-08,SKU0036,0,0,8,88
2024-07-15,SKU0036,0,0,8,50
2024-07-22,SKU0036,0,0,8,76
2024-07-29,SKU0036,24,3,8,67
2024-08-05,SKU0036,42,13,8,49
2024-08-12,SKU0036,10,0,8,66
2024-08-19,SKU0036,0,0,8,83
2024-08-26,SKU0036,0,0,8,102
2024-09-02,SKU0036,34,3,8,75
2024-09-09,SKU0036,12,0,8,50
2024-09-16,SKU0036,0,35,8,49
2024-09-23,SKU0036,0,65,8,59
2024-09-30,SKU0036,0,0,8,64
2024-10-07,SKU0036,0,0,8,97
2024-10-14,SKU0036,0,69,8,79
2024-10-21,SKU0036,66,24,8,109
2024-10-28,SKU0036,16,0,8,112
2024-11-04,SKU0036,0,0,8,69
2024-11-11,SKU0036,0,0,8,84
2024-11-18,SKU0036,69,15,8,88
2024-11-25,SKU0036,22,0,8,108
2024-12-02,SKU0036,0,0,8,99
2024-12-09,SKU0036,0,0,8,76
2024-12-16,SKU0036,0,0,8,116
2024-12-23,SKU0036,0,0,8,102
2024-12-30,SKU0036,0,0,8,82
2025-01-06,SKU0036,0,46,8,65
2025-01-13,SKU0036,54,8,8,67
2025-01-20,SKU0036,24,0,8,66
2025-01-27,SKU0036,58,12,8,92
2025-02-03,SKU0036,34,0,8,54
2025-02-10,SKU0036,2,101,8,72
2025-02-17,SKU0036,0,0,8,57
2025-02-24,SKU0036,0,0,8,64
2025-03-03,SKU0036,0,0,8,55
2025-03-10,SKU0036,0,0,8,69
2025-03-17,SKU0036,0,0,8,86
2025-03-24,SKU0036,0,87,8,85
2025-03-31,SKU0036,0,0,8,64
2025-04-07,SKU0036,0,0,8,82
2025-04-14,SKU0036,0,0,8,76
2025-04-21,SKU0036,0,0,8,79
2025-04-28,SKU0036,0,71,8,75
2025-05-05,SKU0036,0,0,8,84
2025-05-12,SKU0036,0,0,8,76
2025-05-19,SKU0036,0,51,8,89
2025-05-26,SKU0036,0,0,8,78
2025-06-02,SKU0036,0,0,8,59
2025-06-09,SKU0036,0,47,8,64
2025-06-16,SKU0036,0,51,8,71
2025-06-23,SKU0036,0,0,8,72
2025-06-30,SKU0036,58,4,8,104
2025-07-07,SKU0036,22,0,8,86
2025-07-14,SKU0036,0,0,8,106
2025-07-21,SKU0036,0,0,8,86
2025-07-28,SKU0036,0,0,8,105
2025-08-04,SKU0036,0,54,8,77
2025-08-11,SKU0036,0,0,8,54
2025-08-18,SKU0036,37,1,8,59
2025-08-25,SKU0036,7,0,8,65
2025-09-01,SKU0036,0,0,8,53
2025-09-08,SKU0036,0,0,8,72
2025-09-15,SKU0036,0,0,8,68
2025-09-22,SKU0036,0,0,8,102
2025-09-29,SKU0036,0,0,8,96
2025-10-06,SKU0036,0,0,8,75
2025-10-13,SKU0036,0,0,8,81
2025-10-20,SKU0036,0,0,8,122
2025-10-27,SKU0036,75,27,8,153
2025-11-03,SKU0036,27,0,8,113
2025-11-10,SKU0036,0,0,8,82
2025-11-17,SKU0036,0,0,8,102
2025-11-24,SKU0036,0,0,8,129
2025-12-01,SKU0036,0,0,8,117
2025-12-08,SKU0036,0,0,8,125
2025-12-15,SKU0036,0,0,8,88
2025-12-22,SKU0036,0,0,8,104
2025-12-29,SKU0036,66,29,8,81
2024-01-01,SKU0037,104,0,10,74
2024-01-08,SKU0037,75,0,10,86
2024-01-15,SKU0037,49,0,10,79
2024-01-22,SKU0037,13,0,10,100
2024-01-29,SKU0037,0,0,10,95
2024-02-05,SKU0037,0,0,10,115
2024-02-12,SKU0037,0,0,10,111
2024-02-19,SKU0037,80,1,10,88
2024-02-26,SKU0037,46,0,10,89
2024-03-04,SKU0037,9,0,10,110
2024-03-11,SKU0037,0,0,10,83
2024-03-18,SKU0037,0,0,10,100
2024-03-25,SKU0037,0,0,10,64
2024-04-01,SKU0037,0,0,10,91
2024-04-08,SKU0037,0,0,10,87
2024-04-15,SKU0037,0,0,10,92
2024-04-22,SKU0037,0,0,10,106
2024-04-29,SKU0037,0,0,10,127
2024-05-06,SKU0037,66,6,10,113
2024-05-13,SKU0037,26,0,10,101
2024-05-20,SKU0037,60,19,10,138
2024-05-27,SKU0037,27,79,10,88
2024-06-03,SKU0037,70,23,10,116
2024-06-10,SKU0037,34,0,10,82
2024-06-17,SKU0037,6,0,10,86
2024-06-24,SKU0037,0,0,10,109
2024-07-01,SKU0037,73,7,10,163
2024-07-08,SKU0037,31,0,10,123
2024-07-15,SKU0037,0,0,10,114
2024-07-22,SKU0037,0,0,10,125
2024-07-29,SKU0037,0,0,10,73
2024-08-05,SKU0037,0,125,10,104
2024-08-12,SKU0037,0,0,10,119
2024-08-19,SKU0037,0,0,10,105
2024-08-26,SKU0037,109,33,10,135
2024-09-02,SKU0037,70,0,10,114
2024-09-09,SKU0037,34,0,10,105
2024-09-16,SKU0037,0,95,10,127
2024-09-23,SKU0037,63,5,10,79
2024-09-30,SKU0037,147,3,10,103
2024-10-07,SKU0037,96,0,10,132
2024-10-14,SKU0037,50,0,10,136
2024-10-21,SKU0037,0,0,10,171
2024-10-28,SKU0037,0,0,10,173
2024-11-04,SKU0037,0,0,10,164
2024-11-11,SKU0037,0,0,10,125
2024-11-18,SKU0037,0,0,10,163
2024-11-25,SKU0037,0,0,10,148
2024-12-02,SKU0037,0,0,10,149
2024-12-09,SKU0037,0,0,10,130
2024-12-16,SKU0037,0,0,10,175
2024-12-23,SKU0037,0,0,10,121
2024-12-30,SKU0037,0,113,10,112
2025-01-06,SKU0037,0,0,10,86
2025-01-13,SKU0037,92,15,10,116
2025-01-20,SKU0037,113,1,10,79
2025-01-27,SKU0037,71,0,10,120
2025-02-03,SKU0037,32,0,10,109
2025-02-10,SKU0037,0,0,10,117
2025-02-17,SKU0037,0,0,10,130
2025-02-24,SKU0037,0,0,10,143
2025-03-03,SKU0037,0,0,10,106
2025-03-10,SKU0037,0,0,10,155
2025-03-17,SKU0037,0,0,10,147
2025-03-24,SKU0037,84,24,10,122
2025-03-31,SKU0037,54,38,10,84
2025-04-07,SKU0037,52,9,10,84
2025-04-14,SKU0037,11,0,10,136
2025-04-21,SKU0037,0,87,10,112
2025-04-28,SKU0037,0,0,10,167
2025-05-05,SKU0037,40,3,10,101
2025-05-12,SKU0037,0,0,10,104
2025-05-19,SKU0037,0,0,10,114
2025-05-26,SKU0037,127,13,10,121
2025-06-02,SKU0037,83,0,10,115
2025-06-09,SKU0037,43,0,10,110
2025-06-16,SKU0037,6,0,10,87
2025-06-23,SKU0037,0,0,10,102
2025-06-30,SKU0037,138,17,10,141
2025-07-07,SKU0037,189,11,10,117
2025-07-14,SKU0037,146,53,10,119
2025-07-21,SKU0037,120,0,10,71
2025-07-28,SKU0037,69,69,10,150
2025-08-04,SKU0037,33,0,10,100
2025-08-11,SKU0037,6,83,10,86
2025-08-18,SKU0037,72,13,10,99
2025-08-25,SKU0037,25,0,10,124
2025-09-01,SKU0037,1,0,10,61
2025-09-08,SKU0037,0,0,10,121
2025-09-15,SKU0037,0,0,10,111
2025-09-22,SKU0037,0,0,10,101
2025-09-29,SKU0037,0,0,10,99
2025-10-06,SKU0037,89,1,10,110
2025-10-13,SKU0037,21,0,10,185
2025-10-20,SKU0037,0,0,10,180
2025-10-27,SKU0037,0,0,10,170
2025-11-03,SKU0037,0,0,10,172
2025-11-10,SKU0037,0,140,10,135
2025-11-17,SKU0037,0,0,10,153
2025-11-24,SKU0037,0,0,10,204
2025-12-01,SKU0037,105,41,10,205
2025-12-08,SKU0037,142,26,10,142
2025-12-15,SKU0037,94,0,10,155
2025-12-22,SKU0037,42,0,10,144
2025-12-29,SKU0037,19,0,10,70
2024-01-01,SKU0038,62,0,13,82
2024-01-08,SKU0038,46,0,13,51
2024-01-15,SKU0038,26,60,13,65
2024-01-22,SKU0038,7,0,13,49
2024-01-29,SKU0038,0,0,13,43
2024-02-05,SKU0038,0,0,13,70
2024-02-12,SKU0038,22,3,13,72
2024-02-19,SKU0038,0,0,13,79
2024-02-26,SKU0038,0,23,13,61
2024-03-04,SKU0038,47,16,13,92
2024-03-11,SKU0038,22,0,13,91
2024-03-18,SKU0038,104,7,13,127
2024-03-25,SKU0038,87,43,13,67
2024-04-01,SKU0038,91,4,13,60
2024-04-08,SKU0038,67,0,13,77
2024-04-15,SKU0038,37,0,13,95
2024-04-22,SKU0038,23,0,13,37
2024-04-29,SKU0038,7,37,13,46
2024-05-06,SKU0038,0,0,13,69
2024-05-13,SKU0038,0,0,13,61
2024-05-20,SKU0038,0,0,13,60
2024-05-27,SKU0038,45,13,13,62
2024-06-03,SKU0038,23,0,13,71
2024-06-10,SKU0038,0,0,13,94
2024-06-17,SKU0038,0,41,13,64
2024-06-24,SKU0038,0,0,13,34
2024-07-01,SKU0038,0,0,13,81
2024-07-08,SKU0038,0,0,13,90
2024-07-15,SKU0038,0,0,13,89
2024-07-22,SKU0038,0,0,13,86
2024-07-29,SKU0038,0,0,13,59
2024-08-05,SKU0038,0,0,13,56
2024-08-12,SKU0038,0,0,13,65
2024-08-19,SKU0038,0,0,13,80
2024-08-26,SKU0038,0,0,13,72
2024-09-02,SKU0038,40,3,13,57
2024-09-09,SKU0038,11,0,13,76
2024-09-16,SKU0038,0,0,13,67
2024-09-23,SKU0038,0,0,13,62
2024-09-30,SKU0038,0,0,13,62
2024-10-07,SKU0038,0,0,13,74
2024-10-14,SKU0038,0,0,13,66
2024-10-21,SKU0038,0,0,13,106
2024-10-28,SKU0038,0,112,13,139
2024-11-04,SKU0038,0,47,13,81
2024-11-11,SKU0038,0,0,13,91
2024-11-18,SKU0038,0,50,13,86
2024-11-25,SKU0038,0,0,13,117
2024-12-02,SKU0038,0,0,13,127
2024-12-09,SKU0038,0,0,13,97
2024-12-16,SKU0038,0,0,13,145
2024-12-23,SKU0038,0,0,13,105
2024-12-30,SKU0038,31,5,13,76
2025-01-06,SKU0038,16,0,13,44
2025-01-13,SKU0038,53,14,13,75
2025-01-20,SKU0038,63,2,13,35
2025-01-27,SKU0038,47,0,13,42
2025-02-03,SKU0038,18,86,13,88
2025-02-10,SKU0038,50,20,13,94
2025-02-17,SKU0038,51,10,13,86
2025-02-24,SKU0038,36,34,13,56
2025-03-03,SKU0038,26,0,13,33
2025-03-10,SKU0038,10,0,13,51
2025-03-17,SKU0038,0,0,13,76
2025-03-24,SKU0038,0,0,13,81
2025-03-31,SKU0038,0,0,13,62
2025-04-07,SKU0038,0,0,13,79
2025-04-14,SKU0038,0,0,13,71
2025-04-21,SKU0038,0,43,13,80
2025-04-28,SKU0038,0,0,13,95
2025-05-05,SKU0038,0,39,13,64
2025-05-12,SKU0038,43,16,13,84
2025-05-19,SKU0038,14,0,13,79
2025-05-26,SKU0038,68,24,13,93
2025-06-02,SKU0038,44,66,13,64
2025-06-09,SKU0038,18,0,13,73
2025-06-16,SKU0038,0,0,13,101
2025-06-23,SKU0038,0,0,13,83
2025-06-30,SKU0038,50,18,13,116
2025-07-07,SKU0038,13,0,13,138
2025-07-14,SKU0038,0,0,13,86
2025-07-21,SKU0038,0,0,13,59
2025-07-28,SKU0038,0,0,13,50
2025-08-04,SKU0038,62,1,13,104
2025-08-11,SKU0038,43,0,13,50
2025-08-18,SKU0038,89,1,13,85
2025-08-25,SKU0038,70,0,13,54
2025-09-01,SKU0038,46,0,13,81
2025-09-08,SKU0038,25,57,13,65
2025-09-15,SKU0038,0,0,13,79
2025-09-22,SKU0038,30,13,13,73
2025-09-29,SKU0038,0,0,13,97
2025-10-06,SKU0038,0,47,13,80
2025-10-13,SKU0038,0,0,13,117
2025-10-20,SKU0038,0,0,13,103
2025-10-27,SKU0038,0,0,13,142
2025-11-03,SKU0038,0,72,13,98
2025-11-10,SKU0038,0,0,13,77
2025-11-17,SKU0038,0,0,13,98
2025-11-24,SKU0038,0,0,13,176
2025-12-01,SKU0038,0,0,13,118
2025-12-08,SKU0038,0,0,13,142
2025-12-15,SKU0038,0,0,13,151
2025-12-22,SKU0038,0,0,13,99
2025-12-29,SKU0038,0,0,13,42
2024-01-01,SKU0039,95,15,3,48
2024-01-08,SKU0039,51,0,3,66
2024-01-15,SKU0039,92,18,3,61
2024-01-22,SKU0039,60,0,3,52
2024-01-29,SKU0039,6,0,3,84
2024-02-05,SKU0039,0,0,3,38
2024-02-12,SKU0039,95,14,3,51
2024-02-19,SKU0039,41,0,3,93
2024-02-26,SKU0039,0,0,3,71
2024-03-04,SKU0039,0,67,3,72
2024-03-11,SKU0039,0,0,3,75
2024-03-18,SKU0039,125,5,3,96
2024-03-25,SKU0039,88,46,3,57
2024-04-01,SKU0039,41,73,3,63
2024-04-08,SKU0039,43,9,3,72
2024-04-15,SKU0039,17,0,3,49
2024-04-22,SKU0039,0,0,3,62
2024-04-29,SKU0039,0,73,3,81
2024-05-06,SKU0039,0,0,3,75
2024-05-13,SKU0039,0,0,3,89
2024-05-20,SKU0039,0,79,3,49
2024-05-27,SKU0039,0,67,3,64
2024-06-03,SKU0039,0,0,3,66
2024-06-10,SKU0039,85,10,3,59
2024-06-17,SKU0039,44,0,3,63
2024-06-24,SKU0039,1,0,3,75
2024-07-01,SKU0039,162,37,3,107
2024-07-08,SKU0039,111,0,3,99
2024-07-15,SKU0039,65,0,3,70
2024-07-22,SKU0039,27,0,3,57
2024-07-29,SKU0039,0,0,3,72
2024-08-05,SKU0039,58,14,3,72
2024-08-12,SKU0039,7,0,3,75
2024-08-19,SKU0039,0,0,3,56
2024-08-26,SKU0039,0,57,3,62
2024-09-02,SKU0039,0,0,3,67
2024-09-09,SKU0039,65,3,3,58
2024-09-16,SKU0039,12,0,3,100
2024-09-23,SKU0039,0,0,3,75
2024-09-30,SKU0039,0,0,3,70
2024-10-07,SKU0039,0,0,3,78
2024-10-14,SKU0039,65,6,3,78
2024-10-21,SKU0039,0,0,3,99
2024-10-28,SKU0039,64,23,3,104
2024-11-04,SKU0039,122,15,3,75
2024-11-11,SKU0039,124,13,3,78
2024-11-18,SKU0039,71,0,3,84
2024-11-25,SKU0039,0,0,3,117
2024-12-02,SKU0039,111,12,3,124
2024-12-09,SKU0039,34,0,3,113
2024-12-16,SKU0039,0,0,3,78
2024-12-23,SKU0039,0,0,3,101
2024-12-30,SKU0039,0,0,3,90
2025-01-06,SKU0039,0,0,3,74
2025-01-13,SKU0039,0,0,3,56
2025-01-20,SKU0039,0,0,3,75
2025-01-27,SKU0039,0,0,3,51
2025-02-03,SKU0039,0,0,3,49
2025-02-10,SKU0039,0,52,3,57
2025-02-17,SKU0039,0,0,3,57
2025-02-24,SKU0039,43,3,3,64
2025-03-03,SKU0039,0,0,3,74
2025-03-10,SKU0039,79,6,3,76
2025-03-17,SKU0039,31,87,3,63
2025-03-24,SKU0039,0,0,3,84
2025-03-31,SKU0039,0,0,3,71
2025-04-07,SKU0039,53,12,3,63
2025-04-14,SKU0039,91,19,3,47
2025-04-21,SKU0039,40,0,3,86
2025-04-28,SKU0039,98,20,3,57
2025-05-05,SKU0039,52,53,3,87
2025-05-12,SKU0039,6,0,3,60
2025-05-19,SKU0039,0,0,3,63
2025-05-26,SKU0039,0,77,3,73
2025-06-02,SKU0039,0,0,3,78
2025-06-09,SKU0039,0,80,3,99
2025-06-16,SKU0039,0,0,3,55
2025-06-23,SKU0039,0,57,3,70
2025-06-30,SKU0039,0,0,3,88
2025-07-07,SKU0039,0,0,3,95
2025-07-14,SKU0039,123,23,3,76
2025-07-21,SKU0039,85,0,3,50
2025-07-28,SKU0039,31,0,3,74
2025-08-04,SKU0039,84,32,3,72
2025-08-11,SKU0039,78,18,3,104
2025-08-18,SKU0039,32,111,3,68
2025-08-25,SKU0039,0,100,3,88
2025-09-01,SKU0039,0,0,3,61
2025-09-08,SKU0039,84,12,3,68
2025-09-15,SKU0039,34,0,3,83
2025-09-22,SKU0039,0,0,3,80
2025-09-29,SKU0039,0,0,3,59
2025-10-06,SKU0039,0,0,3,62
2025-10-13,SKU0039,137,23,3,101
2025-10-20,SKU0039,79,0,3,111
2025-10-27,SKU0039,8,0,3,114
2025-11-03,SKU0039,0,0,3,140
2025-11-10,SKU0039,0,95,3,94
2025-11-17,SKU0039,170,18,3,98
2025-11-24,SKU0039,86,0,3,135
2025-12-01,SKU0039,30,0,3,109
2025-12-08,SKU0039,0,0,3,78
2025-12-15,SKU0039,0,145,3,102
2025-12-22,SKU0039,0,0,3,103
2025-12-29,SKU0039,46,14,3,31
2024-01-01,SKU0040,209,25,10,112
2024-01-08,SKU0040,164,0,10,113
2024-01-15,SKU0040,139,0,10,81
2024-01-22,SKU0040,99,0,10,120
2024-01-29,SKU0040,62,0,10,110
2024-02-05,SKU0040,17,0,10,141
2024-02-12,SKU0040,0,0,10,123
2024-02-19,SKU0040,0,0,10,81
2024-02-26,SKU0040,0,0,10,84
2024-03-04,SKU0040,0,122,10,150
2024-03-11,SKU0040,87,12,10,119
2024-03-18,SKU0040,20,94,10,150
2024-03-25,SKU0040,0,0,10,134
2024-04-01,SKU0040,0,0,10,165
2024-04-08,SKU0040,110,15,10,110
2024-04-15,SKU0040,138,3,10,109
2024-04-22,SKU0040,95,89,10,103
2024-04-29,SKU0040,47,0,10,117
2024-05-06,SKU0040,9,0,10,107
2024-05-13,SKU0040,0,0,10,128
2024-05-20,SKU0040,0,0,10,115
2024-05-27,SKU0040,119,27,10,166
2024-06-03,SKU0040,83,0,10,98
2024-06-10,SKU0040,46,0,10,97
2024-06-17,SKU0040,6,137,10,105
2024-06-24,SKU0040,0,0,10,112
2024-07-01,SKU0040,0,0,10,145
2024-07-08,SKU0040,0,100,10,84
2024-07-15,SKU0040,0,0,10,144
2024-07-22,SKU0040,0,0,10,111
2024-07-29,SKU0040,88,10,10,98
2024-08-05,SKU0040,87,13,10,82
2024-08-12,SKU0040,35,128,10,155
2024-08-19,SKU0040,0,0,10,109
2024-08-26,SKU0040,0,0,10,110
2024-09-02,SKU0040,0,0,10,107
2024-09-09,SKU0040,0,0,10,128
2024-09-16,SKU0040,0,0,10,130
2024-09-23,SKU0040,0,0,10,98
2024-09-30,SKU0040,0,0,10,108
2024-10-07,SKU0040,82,12,10,108
2024-10-14,SKU0040,121,15,10,155
2024-10-21,SKU0040,127,24,10,179
2024-10-28,SKU0040,167,25,10,180
2024-11-04,SKU0040,99,95,10,188
2024-11-11,SKU0040,43,0,10,154
2024-11-18,SKU0040,0,0,10,126
2024-11-25,SKU0040,0,0,10,173
2024-12-02,SKU0040,0,78,10,206
2024-12-09,SKU0040,0,0,10,220
2024-12-16,SKU0040,0,0,10,158
2024-12-23,SKU0040,0,0,10,136
2024-12-30,SKU0040,0,0,10,134
2025-01-06,SKU0040,0,0,10,101
2025-01-13,SKU0040,0,0,10,117
2025-01-20,SKU0040,0,0,10,100
2025-01-27,SKU0040,0,0,10,127
2025-02-03,SKU0040,0,0,10,120
2025-02-10,SKU0040,61,23,10,143
2025-02-17,SKU0040,16,0,10,103
2025-02-24,SKU0040,0,0,10,178
2025-03-03,SKU0040,0,95,10,97
2025-03-10,SKU0040,90,23,10,107
2025-03-17,SKU0040,25,0,10,169
2025-03-24,SKU0040,0,0,10,159
2025-03-31,SKU0040,0,0,10,143
2025-04-07,SKU0040,0,44,10,87
2025-04-14,SKU0040,0,0,10,110
2025-04-21,SKU0040,0,0,10,144
2025-04-28,SKU0040,0,0,10,139
2025-05-05,SKU0040,0,0,10,198
2025-05-12,SKU0040,0,92,10,123
2025-05-19,SKU0040,0,0,10,128
2025-05-26,SKU0040,0,0,10,104
2025-06-02,SKU0040,92,13,10,143
2025-06-09,SKU0040,38,0,10,118
2025-06-16,SKU0040,4,0,10,83
2025-06-23,SKU0040,0,107,10,108
2025-06-30,SKU0040,0,0,10,178
2025-07-07,SKU0040,0,0,10,152
2025-07-14,SKU0040,0,0,10,121
2025-07-21,SKU0040,133,30,10,162
2025-07-28,SKU0040,160,29,10,136
2025-08-04,SKU0040,106,0,10,171
2025-08-11,SKU0040,50,0,10,151
2025-08-18,SKU0040,2,119,10,118
2025-08-25,SKU0040,0,0,10,112
2025-09-01,SKU0040,58,9,10,132
2025-09-08,SKU0040,19,0,10,108
2025-09-15,SKU0040,87,2,10,125
2025-09-22,SKU0040,39,0,10,121
2025-09-29,SKU0040,46,19,10,124
2025-10-06,SKU0040,158,3,10,153
2025-10-13,SKU0040,111,0,10,120
2025-10-20,SKU0040,34,0,10,203
2025-10-27,SKU0040,88,13,10,160
2025-11-03,SKU0040,22,0,10,157
2025-11-10,SKU0040,0,0,10,181
2025-11-17,SKU0040,0,0,10,143
2025-11-24,SKU0040,0,0,10,213
2025-12-01,SKU0040,0,0,10,172
2025-12-08,SKU0040,0,73,10,144
2025-12-15,SKU0040,232,9,10,221
2025-12-22,SKU0040,177,0,10,153
2025-12-29,SKU0040,143,0,10,79
2024-01-01,SKU0041,40,0,11,109
2024-01-08,SKU0041,100,13,11,109
2024-01-15,SKU0041,97,7,11,57
2024-01-22,SKU0041,67,0,11,78
2024-01-29,SKU0041,43,0,11,63
2024-02-05,SKU0041,72,3,11,126
2024-02-12,SKU0041,33,0,11,119
2024-02-19,SKU0041,9,0,11,68
2024-02-26,SKU0041,0,85,11,97
2024-03-04,SKU0041,0,0,11,95
2024-03-11,SKU0041,0,0,11,92
2024-03-18,SKU0041,0,0,11,105
2024-03-25,SKU0041,0,0,11,81
2024-04-01,SKU0041,76,9,11,120
2024-04-08,SKU0041,41,0,11,89
2024-04-15,SKU0041,14,38,11,83
2024-04-22,SKU0041,18,2,11,56
2024-04-29,SKU0041,0,0,11,117
2024-05-06,SKU0041,0,0,11,122
2024-05-13,SKU0041,48,4,11,96
2024-05-20,SKU0041,96,27,11,114
2024-05-27,SKU0041,70,0,11,84
2024-06-03,SKU0041,32,0,11,107
2024-06-10,SKU0041,0,0,11,125
2024-06-17,SKU0041,44,4,11,132
2024-06-24,SKU0041,9,0,11,104
2024-07-01,SKU0041,0,0,11,151
2024-07-08,SKU0041,35,10,11,103
2024-07-15,SKU0041,0,41,11,104
2024-07-22,SKU0041,0,0,11,100
2024-07-29,SKU0041,0,0,11,114
2024-08-05,SKU0041,0,0,11,80
2024-08-12,SKU0041,0,0,11,74
2024-08-19,SKU0041,0,0,11,110
2024-08-26,SKU0041,0,0,11,103
2024-09-02,SKU0041,0,0,11,81
2024-09-09,SKU0041,0,0,11,102
2024-09-16,SKU0041,35,6,11,99
2024-09-23,SKU0041,83,9,11,76
2024-09-30,SKU0041,104,17,11,101
2024-10-07,SKU0041,53,0,11,148
2024-10-14,SKU0041,80,26,11,110
2024-10-21,SKU0041,160,33,11,148
2024-10-28,SKU0041,94,0,11,194
2024-11-04,SKU0041,53,0,11,115
2024-11-11,SKU0041,76,22,11,111
2024-11-18,SKU0041,26,0,11,160
2024-11-25,SKU0041,0,174,11,209
2024-12-02,SKU0041,0,0,11,149
2024-12-09,SKU0041,0,0,11,146
2024-12-16,SKU0041,51,11,11,143
2024-12-23,SKU0041,7,0,11,131
2024-12-30,SKU0041,0,0,11,113
2025-01-06,SKU0041,0,0,11,72
2025-01-13,SKU0041,40,10,11,91
2025-01-20,SKU0041,4,0,11,102
2025-01-27,SKU0041,0,0,11,77
2025-02-03,SKU0041,0,39,11,105
2025-02-10,SKU0041,0,83,11,86
2025-02-17,SKU0041,86,16,11,103
2025-02-24,SKU0041,47,0,11,109
2025-03-03,SKU0041,18,0,11,94
2025-03-10,SKU0041,0,0,11,104
2025-03-17,SKU0041,0,87,11,155
2025-03-24,SKU0041,0,0,11,153
2025-03-31,SKU0041,29,9,11,91
2025-04-07,SKU0041,0,0,11,136
2025-04-14,SKU0041,0,0,11,113
2025-04-21,SKU0041,0,0,11,132
2025-04-28,SKU0041,0,0,11,79
2025-05-05,SKU0041,0,0,11,113
2025-05-12,SKU0041,0,0,11,116
2025-05-19,SKU0041,0,0,11,126
2025-05-26,SKU0041,0,0,11,110
2025-06-02,SKU0041,0,0,11,91
2025-06-09,SKU0041,45,16,11,77
2025-06-16,SKU0041,0,0,11,162
2025-06-23,SKU0041,54,16,11,109
2025-06-30,SKU0041,8,0,11,135
2025-07-07,SKU0041,0,0,11,123
2025-07-14,SKU0041,95,6,11,100
2025-07-21,SKU0041,57,89,11,114
2025-07-28,SKU0041,8,0,11,126
2025-08-04,SKU0041,0,0,11,82
2025-08-11,SKU0041,0,0,11,89
2025-08-18,SKU0041,61,26,11,95
2025-08-25,SKU0041,25,0,11,96
2025-09-01,SKU0041,0,0,11,125
2025-09-08,SKU0041,0,0,11,91
2025-09-15,SKU0041,0,0,11,101
2025-09-22,SKU0041,0,0,11,91
2025-09-29,SKU0041,0,0,11,108
2025-10-06,SKU0041,0,0,11,123
2025-10-13,SKU0041,111,25,11,122
2025-10-20,SKU0041,142,4,11,139
2025-10-27,SKU0041,86,112,11,166
2025-11-03,SKU0041,127,18,11,176
2025-11-10,SKU0041,171,20,11,163
2025-11-17,SKU0041,118,0,11,153
2025-11-24,SKU0041,52,0,11,236
2025-12-01,SKU0041,0,0,11,159
2025-12-08,SKU0041,0,0,11,174
2025-12-15,SKU0041,0,113,11,163
2025-12-22,SKU0041,0,72,11,114
2025-12-29,SKU0041,0,0,11,38
2024-01-01,SKU0042,127,0,7,93
2024-01-08,SKU0042,98,0,7,58
2024-01-15,SKU0042,46,142,7,127
2024-01-22,SKU0042,46,11,7,93
2024-01-29,SKU0042,0,0,7,113
2024-02-05,SKU0042,0,0,7,106
2024-02-12,SKU0042,0,0,7,79
2024-02-19,SKU0042,0,0,7,106
2024-02-26,SKU0042,0,0,7,109
2024-03-04,SKU0042,0,0,7,133
2024-03-11,SKU0042,44,1,7,88
2024-03-18,SKU0042,0,0,7,135
2024-03-25,SKU0042,0,0,7,85
2024-04-01,SKU0042,70,26,7,98
2024-04-08,SKU0042,12,0,7,110
2024-04-15,SKU0042,0,0,7,113
2024-04-22,SKU0042,0,145,7,98
2024-04-29,SKU0042,0,0,7,107
2024-05-06,SKU0042,0,0,7,139
2024-05-13,SKU0042,0,0,7,105
2024-05-20,SKU0042,0,0,7,114
2024-05-27,SKU0042,0,64,7,89
2024-06-03,SKU0042,0,0,7,106
2024-06-10,SKU0042,139,21,7,122
2024-06-17,SKU0042,97,0,7,93
2024-06-24,SKU0042,52,0,7,117
2024-07-01,SKU0042,0,0,7,165
2024-07-08,SKU0042,0,129,7,116
2024-07-15,SKU0042,0,0,7,139
2024-07-22,SKU0042,0,0,7,123
2024-07-29,SKU0042,0,101,7,129
2024-08-05,SKU0042,0,0,7,103
2024-08-12,SKU0042,0,0,7,114
2024-08-19,SKU0042,0,0,7,106
2024-08-26,SKU0042,41,9,7,111
2024-09-02,SKU0042,0,93,7,94
2024-09-09,SKU0042,88,20,7,97
2024-09-16,SKU0042,49,0,7,103
2024-09-23,SKU0042,0,0,7,111
2024-09-30,SKU0042,0,0,7,108
2024-10-07,SKU0042,0,0,7,130
2024-10-14,SKU0042,0,0,7,129
2024-10-21,SKU0042,0,0,7,174
2024-10-28,SKU0042,0,0,7,154
2024-11-04,SKU0042,0,0,7,150
2024-11-11,SKU0042,0,0,7,178
2024-11-18,SKU0042,0,137,7,140
2024-11-25,SKU0042,0,0,7,157
2024-12-02,SKU0042,0,199,7,207
2024-12-09,SKU0042,0,103,7,172
2024-12-16,SKU0042,0,171,7,169
2024-12-23,SKU0042,0,0,7,153
2024-12-30,SKU0042,0,0,7,139
2025-01-06,SKU0042,0,0,7,114
2025-01-13,SKU0042,0,0,7,99
2025-01-20,SKU0042,58,6,7,80
2025-01-27,SKU0042,9,0,7,98
2025-02-03,SKU0042,0,0,7,105
2025-02-10,SKU0042,0,99,7,113
2025-02-17,SKU0042,0,0,7,111
2025-02-24,SKU0042,0,0,7,110
2025-03-03,SKU0042,0,0,7,97
2025-03-10,SKU0042,117,29,7,128
2025-03-17,SKU0042,43,0,7,184
2025-03-24,SKU0042,0,0,7,104
2025-03-31,SKU0042,0,0,7,158
2025-04-07,SKU0042,0,0,7,111
2025-04-14,SKU0042,0,0,7,154
2025-04-21,SKU0042,0,0,7,114
2025-04-28,SKU0042,0,0,7,123
2025-05-05,SKU0042,0,0,7,114
2025-05-12,SKU0042,0,0,7,127
2025-05-19,SKU0042,0,0,7,128
2025-05-26,SKU0042,0,0,7,111
2025-06-02,SKU0042,0,0,7,140
2025-06-09,SKU0042,0,0,7,119
2025-06-16,SKU0042,0,0,7,112
2025-06-23,SKU0042,0,0,7,100
2025-06-30,SKU0042,0,118,7,145
2025-07-07,SKU0042,0,0,7,166
2025-07-14,SKU0042,0,0,7,161
2025-07-21,SKU0042,96,26,7,110
2025-07-28,SKU0042,41,0,7,123
2025-08-04,SKU0042,150,22,7,127
2025-08-11,SKU0042,219,19,7,92
2025-08-18,SKU0042,158,0,7,125
2025-08-25,SKU0042,103,0,7,105
2025-09-01,SKU0042,162,6,7,131
2025-09-08,SKU0042,115,132,7,116
2025-09-15,SKU0042,69,0,7,99
2025-09-22,SKU0042,22,0,7,95
2025-09-29,SKU0042,0,0,7,123
2025-10-06,SKU0042,0,0,7,129
2025-10-13,SKU0042,0,0,7,141
2025-10-20,SKU0042,0,182,7,170
2025-10-27,SKU0042,0,0,7,174
2025-11-03,SKU0042,0,320,7,247
2025-11-10,SKU0042,0,0,7,134
2025-11-17,SKU0042,0,234,7,197
2025-11-24,SKU0042,0,0,7,216
2025-12-01,SKU0042,106,14,7,147
2025-12-08,SKU0042,41,0,7,147
2025-12-15,SKU0042,0,0,7,176
2025-12-22,SKU0042,0,0,7,176
2025-12-29,SKU0042,0,0,7,74
2024-01-01,SKU0043,190,4,5,54
2024-01-08,SKU0043,162,0,5,50
2024-01-15,SKU0043,133,0,5,58
2024-01-22,SKU0043,153,13,5,44
2024-01-29,SKU0043,139,0,5,26
2024-02-05,SKU0043,151,9,5,39
2024-02-12,SKU0043,131,69,5,41
2024-02-19,SKU0043,108,0,5,43
2024-02-26,SKU0043,123,12,5,48
2024-03-04,SKU0043,91,0,5,64
2024-03-11,SKU0043,136,16,5,58
2024-03-18,SKU0043,106,0,5,68
2024-03-25,SKU0043,81,0,5,60
2024-04-01,SKU0043,43,0,5,66
2024-04-08,SKU0043,21,59,5,46
2024-04-15,SKU0043,60,17,5,54
2024-04-22,SKU0043,37,0,5,46
2024-04-29,SKU0043,59,13,5,55
2024-05-06,SKU0043,30,0,5,46
2024-05-13,SKU0043,69,8,5,49
2024-05-20,SKU0043,50,59,5,40
2024-05-27,SKU0043,22,60,5,55
2024-06-03,SKU0043,1,0,5,39
2024-06-10,SKU0043,0,0,5,44
2024-06-17,SKU0043,0,0,5,56
2024-06-24,SKU0043,0,0,5,47
2024-07-01,SKU0043,0,0,5,83
2024-07-08,SKU0043,0,0,5,89
2024-07-15,SKU0043,0,0,5,57
2024-07-22,SKU0043,0,0,5,65
2024-07-29,SKU0043,60,7,5,59
2024-08-05,SKU0043,35,35,5,51
2024-08-12,SKU0043,0,120,5,73
2024-08-19,SKU0043,0,0,5,39
2024-08-26,SKU0043,0,0,5,54
2024-09-02,SKU0043,0,0,5,69
2024-09-09,SKU0043,0,0,5,48
2024-09-16,SKU0043,0,0,5,44
2024-09-23,SKU0043,0,71,5,48
2024-09-30,SKU0043,0,0,5,47
2024-10-07,SKU0043,0,0,5,55
2024-10-14,SKU0043,58,17,5,60
2024-10-21,SKU0043,27,0,5,62
2024-10-28,SKU0043,0,0,5,79
2024-11-04,SKU0043,0,0,5,65
2024-11-11,SKU0043,48,13,5,73
2024-11-18,SKU0043,8,0,5,68
2024-11-25,SKU0043,0,64,5,66
2024-12-02,SKU0043,0,0,5,64
2024-12-09,SKU0043,0,0,5,52
2024-12-16,SKU0043,0,0,5,83
2024-12-23,SKU0043,0,0,5,78
2024-12-30,SKU0043,55,8,5,52
2025-01-06,SKU0043,27,0,5,47
2025-01-13,SKU0043,33,7,5,67
2025-01-20,SKU0043,13,31,5,46
2025-01-27,SKU0043,0,0,5,64
2025-02-03,SKU0043,0,0,5,38
2025-02-10,SKU0043,0,0,5,49
2025-02-17,SKU0043,0,0,5,46
2025-02-24,SKU0043,0,0,5,44
2025-03-03,SKU0043,0,0,5,49
2025-03-10,SKU0043,46,4,5,40
2025-03-17,SKU0043,0,0,5,113
2025-03-24,SKU0043,0,0,5,52
2025-03-31,SKU0043,0,33,5,27
2025-04-07,SKU0043,0,59,5,58
2025-04-14,SKU0043,54,7,5,78
2025-04-21,SKU0043,20,0,5,71
2025-04-28,SKU0043,0,0,5,54
2025-05-05,SKU0043,52,18,5,44
2025-05-12,SKU0043,28,0,5,47
2025-05-19,SKU0043,49,12,5,56
2025-05-26,SKU0043,19,0,5,62
2025-06-02,SKU0043,0,0,5,43
2025-06-09,SKU0043,0,0,5,49
2025-06-16,SKU0043,16,7,5,46
2025-06-23,SKU0043,0,79,5,68
2025-06-30,SKU0043,82,3,5,54
2025-07-07,SKU0043,56,0,5,54
2025-07-14,SKU0043,17,0,5,76
2025-07-21,SKU0043,37,8,5,47
2025-07-28,SKU0043,12,62,5,45
2025-08-04,SKU0043,0,93,5,69
2025-08-11,SKU0043,0,0,5,64
2025-08-18,SKU0043,0,0,5,64
2025-08-25,SKU0043,0,101,5,64
2025-09-01,SKU0043,0,66,5,61
2025-09-08,SKU0043,0,0,5,68
2025-09-15,SKU0043,0,0,5,58
2025-09-22,SKU0043,44,14,5,51
2025-09-29,SKU0043,12,43,5,67
2025-10-06,SKU0043,36,3,5,56
2025-10-13,SKU0043,63,2,5,85
2025-10-20,SKU0043,9,0,5,106
2025-10-27,SKU0043,0,222,5,132
2025-11-03,SKU0043,0,0,5,54
2025-11-10,SKU0043,86,10,5,68
2025-11-17,SKU0043,87,6,5,82
2025-11-24,SKU0043,16,0,5,135
2025-12-01,SKU0043,0,0,5,103
2025-12-08,SKU0043,0,0,5,75
2025-12-15,SKU0043,42,17,5,75
2025-12-22,SKU0043,0,0,5,104
2025-12-29,SKU0043,0,0,5,38
2024-01-01,SKU0044,48,7,13,32
2024-01-08,SKU0044,41,17,13,26
2024-01-15,SKU0044,33,9,13,27
2024-01-22,SKU0044,22,0,13,39
2024-01-29,SKU0044,9,29,13,46
2024-02-05,SKU0044,2,0,13,26
2024-02-12,SKU0044,0,0,13,24
2024-02-19,SKU0044,0,0,13,21
2024-02-26,SKU0044,0,0,13,29
2024-03-04,SKU0044,0,0,13,39
2024-03-11,SKU0044,28,13,13,53
2024-03-18,SKU0044,11,0,13,46
2024-03-25,SKU0044,0,0,13,46
2024-04-01,SKU0044,0,0,13,33
2024-04-08,SKU0044,11,4,13,30
2024-04-15,SKU0044,1,0,13,36
2024-04-22,SKU0044,0,39,13,57
2024-04-29,SKU0044,0,0,13,43
2024-05-06,SKU0044,10,3,13,23
2024-05-13,SKU0044,2,0,13,24
2024-05-20,SKU0044,0,0,13,21
2024-05-27,SKU0044,0,0,13,50
2024-06-03,SKU0044,0,0,13,23
2024-06-10,SKU0044,0,0,13,22
2024-06-17,SKU0044,0,0,13,34
2024-06-24,SKU0044,0,0,13,34
2024-07-01,SKU0044,0,30,13,33
2024-07-08,SKU0044,0,0,13,51
2024-07-15,SKU0044,0,0,13,28
2024-07-22,SKU0044,0,0,13,34
2024-07-29,SKU0044,0,0,13,31
2024-08-05,SKU0044,0,16,13,21
2024-08-12,SKU0044,0,0,13,49
2024-08-19,SKU0044,0,0,13,47
2024-08-26,SKU0044,0,5,13,18
2024-09-02,SKU0044,0,0,13,21
2024-09-09,SKU0044,0,0,13,33
2024-09-16,SKU0044,0,0,13,19
2024-09-23,SKU0044,28,11,13,45
2024-09-30,SKU0044,41,3,13,28
2024-10-07,SKU0044,25,0,13,43
2024-10-14,SKU0044,8,0,13,50
2024-10-21,SKU0044,34,3,13,47
2024-10-28,SKU0044,20,0,13,44
2024-11-04,SKU0044,0,0,13,56
2024-11-11,SKU0044,22,6,13,40
2024-11-18,SKU0044,10,0,13,42
2024-11-25,SKU0044,0,60,13,81
2024-12-02,SKU0044,41,11,13,76
2024-12-09,SKU0044,30,38,13,37
2024-12-16,SKU0044,17,0,13,44
2024-12-23,SKU0044,2,0,13,49
2024-12-30,SKU0044,0,0,13,32
2025-01-06,SKU0044,0,0,13,43
2025-01-13,SKU0044,0,0,13,28
2025-01-20,SKU0044,0,0,13,31
2025-01-27,SKU0044,0,0,13,29
2025-02-03,SKU0044,0,0,13,24
2025-02-10,SKU0044,0,0,13,19
2025-02-17,SKU0044,0,0,13,23
2025-02-24,SKU0044,0,0,13,23
2025-03-03,SKU0044,0,0,13,39
2025-03-10,SKU0044,0,0,13,29
2025-03-17,SKU0044,29,3,13,52
2025-03-24,SKU0044,17,0,13,34
2025-03-31,SKU0044,14,4,13,34
2025-04-07,SKU0044,6,0,13,26
2025-04-14,SKU0044,0,0,13,45
2025-04-21,SKU0044,0,0,13,33
2025-04-28,SKU0044,21,1,13,34
2025-05-05,SKU0044,10,0,13,35
2025-05-12,SKU0044,0,0,13,40
2025-05-19,SKU0044,0,38,13,50
2025-05-26,SKU0044,0,0,13,44
2025-06-02,SKU0044,0,0,13,29
2025-06-09,SKU0044,0,0,13,37
2025-06-16,SKU0044,0,0,13,42
2025-06-23,SKU0044,0,14,13,33
2025-06-30,SKU0044,0,0,13,37
2025-07-07,SKU0044,36,3,13,45
2025-07-14,SKU0044,48,8,13,27
2025-07-21,SKU0044,39,11,13,24
2025-07-28,SKU0044,28,0,13,32
2025-08-04,SKU0044,13,0,13,43
2025-08-11,SKU0044,4,0,13,35
2025-08-18,SKU0044,0,0,13,60
2025-08-25,SKU0044,0,0,13,38
2025-09-01,SKU0044,0,0,13,33
2025-09-08,SKU0044,0,0,13,42
2025-09-15,SKU0044,0,16,13,23
2025-09-22,SKU0044,0,0,13,42
2025-09-29,SKU0044,17,3,13,31
2025-10-06,SKU0044,0,0,13,75
2025-10-13,SKU0044,0,0,13,32
2025-10-20,SKU0044,40,14,13,82
2025-10-27,SKU0044,22,0,13,71
2025-11-03,SKU0044,4,0,13,58
2025-11-10,SKU0044,0,0,13,71
2025-11-17,SKU0044,14,4,13,49
2025-11-24,SKU0044,0,0,13,86
2025-12-01,SKU0044,0,29,13,66
2025-12-08,SKU0044,0,0,13,67
2025-12-15,SKU0044,0,0,13,69
2025-12-22,SKU0044,0,0,13,68
2025-12-29,SKU0044,0,12,13,21
2024-01-01,SKU0045,114,130,7,104
2024-01-08,SKU0045,90,79,7,54
2024-01-15,SKU0045,48,0,7,83
2024-01-22,SKU0045,7,0,7,99
2024-01-29,SKU0045,0,122,7,108
2024-02-05,SKU0045,99,29,7,105
2024-02-12,SKU0045,56,0,7,97
2024-02-19,SKU0045,18,0,7,85
2024-02-26,SKU0045,0,0,7,107
2024-03-04,SKU0045,99,7,7,140
2024-03-11,SKU0045,52,0,7,126
2024-03-18,SKU0045,0,0,7,182
2024-03-25,SKU0045,0,0,7,154
2024-04-01,SKU0045,0,0,7,159
2024-04-08,SKU0045,0,0,7,146
2024-04-15,SKU0045,0,0,7,134
2024-04-22,SKU0045,0,47,7,100
2024-04-29,SKU0045,0,0,7,125
2024-05-06,SKU0045,97,5,7,127
2024-05-13,SKU0045,155,32,7,95
2024-05-20,SKU0045,88,0,7,152
2024-05-27,SKU0045,16,0,7,137
2024-06-03,SKU0045,106,37,7,135
2024-06-10,SKU0045,53,0,7,126
2024-06-17,SKU0045,0,0,7,101
2024-06-24,SKU0045,0,116,7,91
2024-07-01,SKU0045,0,168,7,152
2024-07-08,SKU0045,0,0,7,134
2024-07-15,SKU0045,0,85,7,141
2024-07-22,SKU0045,122,17,7,141
2024-07-29,SKU0045,236,9,7,124
2024-08-05,SKU0045,186,0,7,117
2024-08-12,SKU0045,116,0,7,166
2024-08-19,SKU0045,66,0,7,111
2024-08-26,SKU0045,0,170,7,138
2024-09-02,SKU0045,0,0,7,123
2024-09-09,SKU0045,186,4,7,134
2024-09-16,SKU0045,140,0,7,109
2024-09-23,SKU0045,77,118,7,130
2024-09-30,SKU0045,20,0,7,100
2024-10-07,SKU0045,0,165,7,134
2024-10-14,SKU0045,0,125,7,170
2024-10-21,SKU0045,0,0,7,156
2024-10-28,SKU0045,0,276,7,185
2024-11-04,SKU0045,0,0,7,163
2024-11-11,SKU0045,0,0,7,138
2024-11-18,SKU0045,0,0,7,153
2024-11-25,SKU0045,0,0,7,172
2024-12-02,SKU0045,0,0,7,142
2024-12-09,SKU0045,0,0,7,133
2024-12-16,SKU0045,124,16,7,186
2024-12-23,SKU0045,30,0,7,191
2024-12-30,SKU0045,0,0,7,143
2025-01-06,SKU0045,0,0,7,127
2025-01-13,SKU0045,0,0,7,128
2025-01-20,SKU0045,0,0,7,102
2025-01-27,SKU0045,0,0,7,90
2025-02-03,SKU0045,0,0,7,139
2025-02-10,SKU0045,68,4,7,103
2025-02-17,SKU0045,94,13,7,85
2025-02-24,SKU0045,207,9,7,143
2025-03-03,SKU0045,149,0,7,129
2025-03-10,SKU0045,216,46,7,172
2025-03-17,SKU0045,148,0,7,149
2025-03-24,SKU0045,69,0,7,188
2025-03-31,SKU0045,117,44,7,145
2025-04-07,SKU0045,65,0,7,103
2025-04-14,SKU0045,99,22,7,161
2025-04-21,SKU0045,45,0,7,146
2025-04-28,SKU0045,0,0,7,113
2025-05-05,SKU0045,97,34,7,113
2025-05-12,SKU0045,43,0,7,134
2025-05-19,SKU0045,0,0,7,108
2025-05-26,SKU0045,0,0,7,123
2025-06-02,SKU0045,0,137,7,141
2025-06-09,SKU0045,0,0,7,167
2025-06-16,SKU0045,0,0,7,143
2025-06-23,SKU0045,193,19,7,169
2025-06-30,SKU0045,138,0,7,138
2025-07-07,SKU0045,83,0,7,135
2025-07-14,SKU0045,29,122,7,123
2025-07-21,SKU0045,0,0,7,156
2025-07-28,SKU0045,0,0,7,159
2025-08-04,SKU0045,0,0,7,119
2025-08-11,SKU0045,0,0,7,105
2025-08-18,SKU0045,0,0,7,153
2025-08-25,SKU0045,0,0,7,155
2025-09-01,SKU0045,0,0,7,163
2025-09-08,SKU0045,0,0,7,145
2025-09-15,SKU0045,0,0,7,135
2025-09-22,SKU0045,78,4,7,174
2025-09-29,SKU0045,17,0,7,129
2025-10-06,SKU0045,0,0,7,132
2025-10-13,SKU0045,0,0,7,169
2025-10-20,SKU0045,0,0,7,203
2025-10-27,SKU0045,258,49,7,253
2025-11-03,SKU0045,177,0,7,205
2025-11-10,SKU0045,87,0,7,196
2025-11-17,SKU0045,19,0,7,156
2025-11-24,SKU0045,0,0,7,204
2025-12-01,SKU0045,0,0,7,170
2025-12-08,SKU0045,0,0,7,141
2025-12-15,SKU0045,0,238,7,202
2025-12-22,SKU0045,0,134,7,269
2025-12-29,SKU0045,0,0,7,110
2024-01-01,SKU0046,35,1,4,13
2024-01-08,SKU0046,30,0,4,12
2024-01-15,SKU0046,42,4,4,12
2024-01-22,SKU0046,38,0,4,12
2024-01-29,SKU0046,40,1,4,12
2024-02-05,SKU0046,34,0,4,11
2024-02-12,SKU0046,30,0,4,10
2024-02-19,SKU0046,25,0,4,12
2024-02-26,SKU0046,21,14,4,12
2024-03-04,SKU0046,17,0,4,10
2024-03-11,SKU0046,7,0,4,19
2024-03-18,SKU0046,0,0,4,14
2024-03-25,SKU0046,4,3,4,10
2024-04-01,SKU0046,3,0,4,11
2024-04-08,SKU0046,7,2,4,10
2024-04-15,SKU0046,4,0,4,11
2024-04-22,SKU0046,0,0,4,10
2024-04-29,SKU0046,0,1,4,10
2024-05-06,SKU0046,0,0,4,11
2024-05-13,SKU0046,8,1,4,15
2024-05-20,SKU0046,4,0,4,11
2024-05-27,SKU0046,0,0,4,14
2024-06-03,SKU0046,0,0,4,12
2024-06-10,SKU0046,0,0,4,13
2024-06-17,SKU0046,0,0,4,11
2024-06-24,SKU0046,0,13,4,12
2024-07-01,SKU0046,0,0,4,12
2024-07-08,SKU0046,0,0,4,12
2024-07-15,SKU0046,3,1,4,13
2024-07-22,SKU0046,0,0,4,14
2024-07-29,SKU0046,0,0,4,14
2024-08-05,SKU0046,0,9,4,12
2024-08-12,SKU0046,0,18,4,14
2024-08-19,SKU0046,0,6,4,11
2024-08-26,SKU0046,0,5,4,12
2024-09-02,SKU0046,7,2,4,13
2024-09-09,SKU0046,4,0,4,10
2024-09-16,SKU0046,0,0,4,15
2024-09-23,SKU0046,0,0,4,11
2024-09-30,SKU0046,0,0,4,13
2024-10-07,SKU0046,0,0,4,12
2024-10-14,SKU0046,0,27,4,20
2024-10-21,SKU0046,11,3,4,12
2024-10-28,SKU0046,0,0,4,20
2024-11-04,SKU0046,0,11,4,10
2024-11-11,SKU0046,0,0,4,12
2024-11-18,SKU0046,11,4,4,14
2024-11-25,SKU0046,19,2,4,12
2024-12-02,SKU0046,8,26,4,21
2024-12-09,SKU0046,2,0,4,10
2024-12-16,SKU0046,0,10,4,10
2024-12-23,SKU0046,0,0,4,13
2024-12-30,SKU0046,0,0,4,18
2025-01-06,SKU0046,0,0,4,11
2025-01-13,SKU0046,0,0,4,10
2025-01-20,SKU0046,0,6,4,13
2025-01-27,SKU0046,19,1,4,12
2025-02-03,SKU0046,18,0,4,12
2025-02-10,SKU0046,23,1,4,10
2025-02-17,SKU0046,15,0,4,13
2025-02-24,SKU0046,10,0,4,10
2025-03-03,SKU0046,4,0,4,11
2025-03-10,SKU0046,0,0,4,10
2025-03-17,SKU0046,0,0,4,10
2025-03-24,SKU0046,0,0,4,13
2025-03-31,SKU0046,0,0,4,11
2025-04-07,SKU0046,11,4,4,11
2025-04-14,SKU0046,12,3,4,11
2025-04-21,SKU0046,3,0,4,17
2025-04-28,SKU0046,8,2,4,14
2025-05-05,SKU0046,0,0,4,17
2025-05-12,SKU0046,0,0,4,10
2025-05-19,SKU0046,0,0,4,10
2025-05-26,SKU0046,9,2,4,11
2025-06-02,SKU0046,4,0,4,11
2025-06-09,SKU0046,0,0,4,12
2025-06-16,SKU0046,3,1,4,12
2025-06-23,SKU0046,0,0,4,11
2025-06-30,SKU0046,0,21,4,19
2025-07-07,SKU0046,6,3,4,11
2025-07-14,SKU0046,9,4,4,12
2025-07-21,SKU0046,1,25,4,14
2025-07-28,SKU0046,0,9,4,12
2025-08-04,SKU0046,0,0,4,11
2025-08-11,SKU0046,11,1,4,12
2025-08-18,SKU0046,6,0,4,12
2025-08-25,SKU0046,0,0,4,16
2025-09-01,SKU0046,0,0,4,12
2025-09-08,SKU0046,11,3,4,11
2025-09-15,SKU0046,8,0,4,11
2025-09-22,SKU0046,0,0,4,11
2025-09-29,SKU0046,0,0,4,11
2025-10-06,SKU0046,0,0,4,12
2025-10-13,SKU0046,10,2,4,11
2025-10-20,SKU0046,0,15,4,24
2025-10-27,SKU0046,0,0,4,11
2025-11-03,SKU0046,0,0,4,13
2025-11-10,SKU0046,0,0,4,23
2025-11-17,SKU0046,0,0,4,11
2025-11-24,SKU0046,0,0,4,25
2025-12-01,SKU0046,0,0,4,13
2025-12-08,SKU0046,0,0,4,18
2025-12-15,SKU0046,6,3,4,14
2025-12-22,SKU0046,0,0,4,19
2025-12-29,SKU0046,0,0,4,11
2024-01-01,SKU0047,140,12,5,72
2024-01-08,SKU0047,111,0,5,47
2024-01-15,SKU0047,145,30,5,85
2024-01-22,SKU0047,112,69,5,68
2024-01-29,SKU0047,172,11,5,89
2024-02-05,SKU0047,210,9,5,81
2024-02-12,SKU0047,179,0,5,69
2024-02-19,SKU0047,190,18,5,62
2024-02-26,SKU0047,148,0,5,87
2024-03-04,SKU0047,109,0,5,69
2024-03-11,SKU0047,67,0,5,95
2024-03-18,SKU0047,14,0,5,108
2024-03-25,SKU0047,0,0,5,74
2024-04-01,SKU0047,0,0,5,82
2024-04-08,SKU0047,0,0,5,92
2024-04-15,SKU0047,0,0,5,89
2024-04-22,SKU0047,0,0,5,43
2024-04-29,SKU0047,0,0,5,83
2024-05-06,SKU0047,0,0,5,104
2024-05-13,SKU0047,0,146,5,95
2024-05-20,SKU0047,0,0,5,44
2024-05-27,SKU0047,0,0,5,125
2024-06-03,SKU0047,0,0,5,66
2024-06-10,SKU0047,108,16,5,96
2024-06-17,SKU0047,130,14,5,56
2024-06-24,SKU0047,85,0,5,96
2024-07-01,SKU0047,89,19,5,107
2024-07-08,SKU0047,45,0,5,72
2024-07-15,SKU0047,5,0,5,89
2024-07-22,SKU0047,0,90,5,77
2024-07-29,SKU0047,72,13,5,65
2024-08-05,SKU0047,27,107,5,86
2024-08-12,SKU0047,0,0,5,75
2024-08-19,SKU0047,123,6,5,79
2024-08-26,SKU0047,82,0,5,73
2024-09-02,SKU0047,146,32,5,87
2024-09-09,SKU0047,106,0,5,82
2024-09-16,SKU0047,68,0,5,74
2024-09-23,SKU0047,17,80,5,100
2024-09-30,SKU0047,0,0,5,119
2024-10-07,SKU0047,0,96,5,85
2024-10-14,SKU0047,0,158,5,99
2024-10-21,SKU0047,0,0,5,100
2024-10-28,SKU0047,0,0,5,111
2024-11-04,SKU0047,155,11,5,111
2024-11-11,SKU0047,91,0,5,110
2024-11-18,SKU0047,42,115,5,97
2024-11-25,SKU0047,0,0,5,127
2024-12-02,SKU0047,0,0,5,119
2024-12-09,SKU0047,83,19,5,100
2024-12-16,SKU0047,90,19,5,83
2024-12-23,SKU0047,21,0,5,130
2024-12-30,SKU0047,0,0,5,73
2025-01-06,SKU0047,0,0,5,68
2025-01-13,SKU0047,0,100,5,65
2025-01-20,SKU0047,0,0,5,93
2025-01-27,SKU0047,0,0,5,54
2025-02-03,SKU0047,0,54,5,46
2025-02-10,SKU0047,0,0,5,82
2025-02-17,SKU0047,0,146,5,85
2025-02-24,SKU0047,0,53,5,81
2025-03-03,SKU0047,93,37,5,95
2025-03-10,SKU0047,46,0,5,106
2025-03-17,SKU0047,0,0,5,127
2025-03-24,SKU0047,0,0,5,102
2025-03-31,SKU0047,0,0,5,98
2025-04-07,SKU0047,0,0,5,80
2025-04-14,SKU0047,0,0,5,93
2025-04-21,SKU0047,0,0,5,86
2025-04-28,SKU0047,0,86,5,92
2025-05-05,SKU0047,85,10,5,83
2025-05-12,SKU0047,45,115,5,76
2025-05-19,SKU0047,0,77,5,101
2025-05-26,SKU0047,0,0,5,94
2025-06-02,SKU0047,0,39,5,65
2025-06-09,SKU0047,0,0,5,113
2025-06-16,SKU0047,0,0,5,72
2025-06-23,SKU0047,0,0,5,104
2025-06-30,SKU0047,67,6,5,139
2025-07-07,SKU0047,7,0,5,106
2025-07-14,SKU0047,0,0,5,69
2025-07-21,SKU0047,0,0,5,76
2025-07-28,SKU0047,101,26,5,92
2025-08-04,SKU0047,108,1,5,88
2025-08-11,SKU0047,69,47,5,86
2025-08-18,SKU0047,16,0,5,88
2025-08-25,SKU0047,102,38,5,88
2025-09-01,SKU0047,70,0,5,62
2025-09-08,SKU0047,37,0,5,62
2025-09-15,SKU0047,0,0,5,84
2025-09-22,SKU0047,0,0,5,87
2025-09-29,SKU0047,0,0,5,64
2025-10-06,SKU0047,0,0,5,102
2025-10-13,SKU0047,0,0,5,102
2025-10-20,SKU0047,0,0,5,142
2025-10-27,SKU0047,0,88,5,128
2025-11-03,SKU0047,0,0,5,145
2025-11-10,SKU0047,0,0,5,118
2025-11-17,SKU0047,0,100,5,108
2025-11-24,SKU0047,0,0,5,133
2025-12-01,SKU0047,0,225,5,146
2025-12-08,SKU0047,0,107,5,115
2025-12-15,SKU0047,0,138,5,157
2025-12-22,SKU0047,0,0,5,136
2025-12-29,SKU0047,0,0,5,69
2024-01-01,SKU0048,42,10,12,21
2024-01-08,SKU0048,29,0,12,39
2024-01-15,SKU0048,15,0,12,34
2024-01-22,SKU0048,3,18,12,36
2024-01-29,SKU0048,0,0,12,26
2024-02-05,SKU0048,0,26,12,41
2024-02-12,SKU0048,0,17,12,41
2024-02-19,SKU0048,21,7,12,53
2024-02-26,SKU0048,7,0,12,47
2024-03-04,SKU0048,0,0,12,54
2024-03-11,SKU0048,21,8,12,48
2024-03-18,SKU0048,1,0,12,57
2024-03-25,SKU0048,0,0,12,49
2024-04-01,SKU0048,17,6,12,41
2024-04-08,SKU0048,21,1,12,48
2024-04-15,SKU0048,27,1,12,30
2024-04-22,SKU0048,13,28,12,42
2024-04-29,SKU0048,11,2,12,36
2024-05-06,SKU0048,0,0,12,59
2024-05-13,SKU0048,26,7,12,34
2024-05-20,SKU0048,4,0,12,62
2024-05-27,SKU0048,0,23,12,53
2024-06-03,SKU0048,12,5,12,42
2024-06-10,SKU0048,3,0,12,25
2024-06-17,SKU0048,0,0,12,32
2024-06-24,SKU0048,22,4,12,53
2024-07-01,SKU0048,11,0,12,34
2024-07-08,SKU0048,0,0,12,48
2024-07-15,SKU0048,0,0,12,58
2024-07-22,SKU0048,35,2,12,58
2024-07-29,SKU0048,19,0,12,43
2024-08-05,SKU0048,0,0,12,54
2024-08-12,SKU0048,20,1,12,32
2024-08-19,SKU0048,0,59,12,59
2024-08-26,SKU0048,0,44,12,50
2024-09-02,SKU0048,0,0,12,67
2024-09-09,SKU0048,0,0,12,47
2024-09-16,SKU0048,0,32,12,54
2024-09-23,SKU0048,0,0,12,50
2024-09-30,SKU0048,0,0,12,45
2024-10-07,SKU0048,0,0,12,49
2024-10-14,SKU0048,16,2,12,42
2024-10-21,SKU0048,0,30,12,89
2024-10-28,SKU0048,0,0,12,103
2024-11-04,SKU0048,0,41,12,104
2024-11-11,SKU0048,0,84,12,90
2024-11-18,SKU0048,0,0,12,76
2024-11-25,SKU0048,0,0,12,57
2024-12-02,SKU0048,0,0,12,75
2024-12-09,SKU0048,0,24,12,61
2024-12-16,SKU0048,0,27,12,46
2024-12-23,SKU0048,0,0,12,61
2024-12-30,SKU0048,0,0,12,50
2025-01-06,SKU0048,21,1,12,28
2025-01-13,SKU0048,5,0,12,50
2025-01-20,SKU0048,0,23,12,20
2025-01-27,SKU0048,0,25,12,32
2025-02-03,SKU0048,0,0,12,57
2025-02-10,SKU0048,29,6,12,43
2025-02-17,SKU0048,7,0,12,67
2025-02-24,SKU0048,0,0,12,49
2025-03-03,SKU0048,0,0,12,41
2025-03-10,SKU0048,0,0,12,39
2025-03-17,SKU0048,0,0,12,86
2025-03-24,SKU0048,0,33,12,45
2025-03-31,SKU0048,0,0,12,27
2025-04-07,SKU0048,17,2,12,38
2025-04-14,SKU0048,2,0,12,50
2025-04-21,SKU0048,0,0,12,41
2025-04-28,SKU0048,0,0,12,65
2025-05-05,SKU0048,0,0,12,38
2025-05-12,SKU0048,0,28,12,34
2025-05-19,SKU0048,0,0,12,40
2025-05-26,SKU0048,0,0,12,58
2025-06-02,SKU0048,0,39,12,62
2025-06-09,SKU0048,0,0,12,42
2025-06-16,SKU0048,0,0,12,61
2025-06-23,SKU0048,0,0,12,43
2025-06-30,SKU0048,0,0,12,77
2025-07-07,SKU0048,0,0,12,71
2025-07-14,SKU0048,0,0,12,53
2025-07-21,SKU0048,0,0,12,53
2025-07-28,SKU0048,0,0,12,73
2025-08-04,SKU0048,35,2,12,62
2025-08-11,SKU0048,50,2,12,42
2025-08-18,SKU0048,37,0,12,37
2025-08-25,SKU0048,28,0,12,28
2025-09-01,SKU0048,16,0,12,38
2025-09-08,SKU0048,2,0,12,50
2025-09-15,SKU0048,0,0,12,49
2025-09-22,SKU0048,0,0,12,47
2025-09-29,SKU0048,0,24,12,66
2025-10-06,SKU0048,0,0,12,67
2025-10-13,SKU0048,53,11,12,97
2025-10-20,SKU0048,31,0,12,73
2025-10-27,SKU0048,3,0,12,83
2025-11-03,SKU0048,0,0,12,88
2025-11-10,SKU0048,0,39,12,42
2025-11-17,SKU0048,27,3,12,49
2025-11-24,SKU0048,3,77,12,82
2025-12-01,SKU0048,0,0,12,96
2025-12-08,SKU0048,0,0,12,42
2025-12-15,SKU0048,0,39,12,61
2025-12-22,SKU0048,0,0,12,40
2025-12-29,SKU0048,0,0,12,22
2024-01-01,SKU0049,154,0,3,66
2024-01-08,SKU0049,104,0,3,84
2024-01-15,SKU0049,168,13,3,78
2024-01-22,SKU0049,130,0,3,59
2024-01-29,SKU0049,82,0,3,83
2024-02-05,SKU0049,39,0,3,67
2024-02-12,SKU0049,110,15,3,77
2024-02-19,SKU0049,72,0,3,56
2024-02-26,SKU0049,115,4,3,85
2024-03-04,SKU0049,62,0,3,73
2024-03-11,SKU0049,13,81,3,88
2024-03-18,SKU0049,0,0,3,123
2024-03-25,SKU0049,0,0,3,65
2024-04-01,SKU0049,0,0,3,62
2024-04-08,SKU0049,0,0,3,74
2024-04-15,SKU0049,58,4,3,77
2024-04-22,SKU0049,14,0,3,74
2024-04-29,SKU0049,136,36,3,91
2024-05-06,SKU0049,81,0,3,92
2024-05-13,SKU0049,29,0,3,78
2024-05-20,SKU0049,0,0,3,68
2024-05-27,SKU0049,0,0,3,80
2024-06-03,SKU0049,0,0,3,97
2024-06-10,SKU0049,0,0,3,103
2024-06-17,SKU0049,0,0,3,93
2024-06-24,SKU0049,0,0,3,63
2024-07-01,SKU0049,0,0,3,123
2024-07-08,SKU0049,0,0,3,116
2024-07-15,SKU0049,0,54,3,80
2024-07-22,SKU0049,0,96,3,87
2024-07-29,SKU0049,86,6,3,59
2024-08-05,SKU0049,46,0,3,74
2024-08-12,SKU0049,0,0,3,87
2024-08-19,SKU0049,0,0,3,81
2024-08-26,SKU0049,0,0,3,96
2024-09-02,SKU0049,0,0,3,75
2024-09-09,SKU0049,0,0,3,61
2024-09-16,SKU0049,0,0,3,95
2024-09-23,SKU0049,119,19,3,88
2024-09-30,SKU0049,69,0,3,91
2024-10-07,SKU0049,72,5,3,81
2024-10-14,SKU0049,20,0,3,91
2024-10-21,SKU0049,101,44,3,97
2024-10-28,SKU0049,165,2,3,119
2024-11-04,SKU0049,101,0,3,105
2024-11-11,SKU0049,30,0,3,103
2024-11-18,SKU0049,0,0,3,113
2024-11-25,SKU0049,0,0,3,99
2024-12-02,SKU0049,0,0,3,127
2024-12-09,SKU0049,0,194,3,114
2024-12-16,SKU0049,0,0,3,107
2024-12-23,SKU0049,0,0,3,110
2024-12-30,SKU0049,0,0,3,86
2025-01-06,SKU0049,0,74,3,48
2025-01-13,SKU0049,0,104,3,69
2025-01-20,SKU0049,0,82,3,51
2025-01-27,SKU0049,0,128,3,82
2025-02-03,SKU0049,0,0,3,88
2025-02-10,SKU0049,63,23,3,72
2025-02-17,SKU0049,15,0,3,95
2025-02-24,SKU0049,0,0,3,70
2025-03-03,SKU0049,0,0,3,92
2025-03-10,SKU0049,0,112,3,69
2025-03-17,SKU0049,211,7,3,115
2025-03-24,SKU0049,153,0,3,89
2025-03-31,SKU0049,190,37,3,83
2025-04-07,SKU0049,145,0,3,81
2025-04-14,SKU0049,93,0,3,90
2025-04-21,SKU0049,105,32,3,104
2025-04-28,SKU0049,53,0,3,88
2025-05-05,SKU0049,11,0,3,70
2025-05-12,SKU0049,0,156,3,89
2025-05-19,SKU0049,0,176,3,101
2025-05-26,SKU0049,0,0,3,112
2025-06-02,SKU0049,0,0,3,128
2025-06-09,SKU0049,0,0,3,56
2025-06-16,SKU0049,0,0,3,96
2025-06-23,SKU0049,0,0,3,88
2025-06-30,SKU0049,0,0,3,100
2025-07-07,SKU0049,0,0,3,100
2025-07-14,SKU0049,112,26,3,93
2025-07-21,SKU0049,64,134,3,70
2025-07-28,SKU0049,12,0,3,91
2025-08-04,SKU0049,0,0,3,88
2025-08-11,SKU0049,0,0,3,82
2025-08-18,SKU0049,127,50,3,86
2025-08-25,SKU0049,84,0,3,77
2025-09-01,SKU0049,172,29,3,99
2025-09-08,SKU0049,105,84,3,98
2025-09-15,SKU0049,48,0,3,106
2025-09-22,SKU0049,50,8,3,91
2025-09-29,SKU0049,0,0,3,81
2025-10-06,SKU0049,0,0,3,89
2025-10-13,SKU0049,0,0,3,86
2025-10-20,SKU0049,223,14,3,119
2025-10-27,SKU0049,335,10,3,159
2025-11-03,SKU0049,239,0,3,153
2025-11-10,SKU0049,157,0,3,135
2025-11-17,SKU0049,282,22,3,136
2025-11-24,SKU0049,178,255,3,195
2025-12-01,SKU0049,87,0,3,146
2025-12-08,SKU0049,15,0,3,99
2025-12-15,SKU0049,0,0,3,129
2025-12-22,SKU0049,0,123,3,145
2025-12-29,SKU0049,0,0,3,76
2024-01-01,SKU0050,139,90,8,123
2024-01-08,SKU0050,98,0,8,95
2024-01-15,SKU0050,42,0,8,112
2024-01-22,SKU0050,0,0,8,85
2024-01-29,SKU0050,0,0,8,153
2024-02-05,SKU0050,0,0,8,87
2024-02-12,SKU0050,0,0,8,139
2024-02-19,SKU0050,0,0,8,151
2024-02-26,SKU0050,0,67,8,120
2024-03-04,SKU0050,141,37,8,129
2024-03-11,SKU0050,84,0,8,150
2024-03-18,SKU0050,0,0,8,210
2024-03-25,SKU0050,0,0,8,154
2024-04-01,SKU0050,0,165,8,172
2024-04-08,SKU0050,0,148,8,157
2024-04-15,SKU0050,0,0,8,171
2024-04-22,SKU0050,0,0,8,164
2024-04-29,SKU0050,0,0,8,126
2024-05-06,SKU0050,0,0,8,177
2024-05-13,SKU0050,0,0,8,209
2024-05-20,SKU0050,0,0,8,138
2024-05-27,SKU0050,0,197,8,197
2024-06-03,SKU0050,0,0,8,112
2024-06-10,SKU0050,0,77,8,140
2024-06-17,SKU0050,90,5,8,153
2024-06-24,SKU0050,16,121,8,155
2024-07-01,SKU0050,0,156,8,239
2024-07-08,SKU0050,0,0,8,167
2024-07-15,SKU0050,0,0,8,148
2024-07-22,SKU0050,124,8,8,150
2024-07-29,SKU0050,68,0,8,158
2024-08-05,SKU0050,0,0,8,159
2024-08-12,SKU0050,138,27,8,173
2024-08-19,SKU0050,47,0,8,221
2024-08-26,SKU0050,71,1,8,146
2024-09-02,SKU0050,10,0,8,150
2024-09-09,SKU0050,0,81,8,130
2024-09-16,SKU0050,162,19,8,126
2024-09-23,SKU0050,95,0,8,173
2024-09-30,SKU0050,40,0,8,157
2024-10-07,SKU0050,0,0,8,157
2024-10-14,SKU0050,75,3,8,165
2024-10-21,SKU0050,0,0,8,193
2024-10-28,SKU0050,0,0,8,273
2024-11-04,SKU0050,0,0,8,221
2024-11-11,SKU0050,0,0,8,229
2024-11-18,SKU0050,0,0,8,222
2024-11-25,SKU0050,0,0,8,226
2024-12-02,SKU0050,0,94,8,208
2024-12-09,SKU0050,194,10,8,180
2024-12-16,SKU0050,120,0,8,192
2024-12-23,SKU0050,45,0,8,193
2024-12-30,SKU0050,0,0,8,199
2025-01-06,SKU0050,0,0,8,169
2025-01-13,SKU0050,0,0,8,128
2025-01-20,SKU0050,63,22,8,147
2025-01-27,SKU0050,1,127,8,135
2025-02-03,SKU0050,0,0,8,156
2025-02-10,SKU0050,107,46,8,136
2025-02-17,SKU0050,58,0,8,112
2025-02-24,SKU0050,0,0,8,177
2025-03-03,SKU0050,203,18,8,165
2025-03-10,SKU0050,243,22,8,190
2025-03-17,SKU0050,156,0,8,177
2025-03-24,SKU0050,93,0,8,145
2025-03-31,SKU0050,17,0,8,165
2025-04-07,SKU0050,0,0,8,181
2025-04-14,SKU0050,0,0,8,181
2025-04-21,SKU0050,0,0,8,160
2025-04-28,SKU0050,0,0,8,160
2025-05-05,SKU0050,0,0,8,179
2025-05-12,SKU0050,0,0,8,160
2025-05-19,SKU0050,0,0,8,171
2025-05-26,SKU0050,0,0,8,141
2025-06-02,SKU0050,0,0,8,146
2025-06-09,SKU0050,0,0,8,141
2025-06-16,SKU0050,0,0,8,151
2025-06-23,SKU0050,0,0,8,182
2025-06-30,SKU0050,0,0,8,235
2025-07-07,SKU0050,0,0,8,210
2025-07-14,SKU0050,0,0,8,140
2025-07-21,SKU0050,108,17,8,166
2025-07-28,SKU0050,103,17,8,179
2025-08-04,SKU0050,23,0,8,191
2025-08-11,SKU0050,0,0,8,113
2025-08-18,SKU0050,144,40,8,185
2025-08-25,SKU0050,81,0,8,183
2025-09-01,SKU0050,203,25,8,147
2025-09-08,SKU0050,133,0,8,134
2025-09-15,SKU0050,46,0,8,182
2025-09-22,SKU0050,0,111,8,148
2025-09-29,SKU0050,0,0,8,148
2025-10-06,SKU0050,0,0,8,183
2025-10-13,SKU0050,0,0,8,270
2025-10-20,SKU0050,0,0,8,239
2025-10-27,SKU0050,0,0,8,213
2025-11-03,SKU0050,0,0,8,251
2025-11-10,SKU0050,100,15,8,191
2025-11-17,SKU0050,25,190,8,198
2025-11-24,SKU0050,199,53,8,303
2025-12-01,SKU0050,86,0,8,287
2025-12-08,SKU0050,0,0,8,191
2025-12-15,SKU0050,0,0,8,201
2025-12-22,SKU0050,0,0,8,194
2025-12-29,SKU0050,0,0,8,103
2024-01-01,SKU0051,19,0,13,68
2024-01-08,SKU0051,30,9,13,46
2024-01-15,SKU0051,40,1,13,41
2024-01-22,SKU0051,29,0,13,35
2024-01-29,SKU0051,8,59,13,69
2024-02-05,SKU0051,0,31,13,44
2024-02-12,SKU0051,13,2,13,35
2024-02-19,SKU0051,0,46,13,67
2024-02-26,SKU0051,0,0,13,72
2024-03-04,SKU0051,0,0,13,60
2024-03-11,SKU0051,0,42,13,66
2024-03-18,SKU0051,43,6,13,63
2024-03-25,SKU0051,54,2,13,64
2024-04-01,SKU0051,44,0,13,34
2024-04-08,SKU0051,25,0,13,64
2024-04-15,SKU0051,2,0,13,84
2024-04-22,SKU0051,46,20,13,76
2024-04-29,SKU0051,22,0,13,79
2024-05-06,SKU0051,4,0,13,68
2024-05-13,SKU0051,0,0,13,75
2024-05-20,SKU0051,0,0,13,51
2024-05-27,SKU0051,0,0,13,57
2024-06-03,SKU0051,0,0,13,54
2024-06-10,SKU0051,0,0,13,30
2024-06-17,SKU0051,0,0,13,95
2024-06-24,SKU0051,0,0,13,56
2024-07-01,SKU0051,45,10,13,70
2024-07-08,SKU0051,27,56,13,61
2024-07-15,SKU0051,3,0,13,75
2024-07-22,SKU0051,0,0,13,33
2024-07-29,SKU0051,0,0,13,65
2024-08-05,SKU0051,0,0,13,70
2024-08-12,SKU0051,70,12,13,101
2024-08-19,SKU0051,78,3,13,37
2024-08-26,SKU0051,61,0,13,44
2024-09-02,SKU0051,62,2,13,54
2024-09-09,SKU0051,43,0,13,58
2024-09-16,SKU0051,21,47,13,68
2024-09-23,SKU0051,2,47,13,57
2024-09-30,SKU0051,0,0,13,104
2024-10-07,SKU0051,0,0,13,65
2024-10-14,SKU0051,41,11,13,62
2024-10-21,SKU0051,15,0,13,84
2024-10-28,SKU0051,56,4,13,106
2024-11-04,SKU0051,28,0,13,79
2024-11-11,SKU0051,11,0,13,61
2024-11-18,SKU0051,0,0,13,63
2024-11-25,SKU0051,0,0,13,60
2024-12-02,SKU0051,0,0,13,71
2024-12-09,SKU0051,0,0,13,105
2024-12-16,SKU0051,0,0,13,78
2024-12-23,SKU0051,0,0,13,100
2024-12-30,SKU0051,0,0,13,76
2025-01-06,SKU0051,0,0,13,49
2025-01-13,SKU0051,0,0,13,61
2025-01-20,SKU0051,20,5,13,51
2025-01-27,SKU0051,4,0,13,50
2025-02-03,SKU0051,0,0,13,61
2025-02-10,SKU0051,0,0,13,60
2025-02-17,SKU0051,0,0,13,39
2025-02-24,SKU0051,0,0,13,71
2025-03-03,SKU0051,0,37,13,80
2025-03-10,SKU0051,27,3,13,68
2025-03-17,SKU0051,0,0,13,87
2025-03-24,SKU0051,0,0,13,77
2025-03-31,SKU0051,0,0,13,26
2025-04-07,SKU0051,0,30,13,78
2025-04-14,SKU0051,0,0,13,58
2025-04-21,SKU0051,0,0,13,78
2025-04-28,SKU0051,0,0,13,76
2025-05-05,SKU0051,0,0,13,94
2025-05-12,SKU0051,0,16,13,32
2025-05-19,SKU0051,0,0,13,54
2025-05-26,SKU0051,0,0,13,89
2025-06-02,SKU0051,0,0,13,70
2025-06-09,SKU0051,0,0,13,66
2025-06-16,SKU0051,0,0,13,65
2025-06-23,SKU0051,0,0,13,60
2025-06-30,SKU0051,0,0,13,90
2025-07-07,SKU0051,0,0,13,95
2025-07-14,SKU0051,0,0,13,74
2025-07-21,SKU0051,0,0,13,68
2025-07-28,SKU0051,53,7,13,73
2025-08-04,SKU0051,20,0,13,104
2025-08-11,SKU0051,0,0,13,82
2025-08-18,SKU0051,0,0,13,58
2025-08-25,SKU0051,0,0,13,80
2025-09-01,SKU0051,0,0,13,73
2025-09-08,SKU0051,0,20,13,45
2025-09-15,SKU0051,0,0,13,101
2025-09-22,SKU0051,0,0,13,69
2025-09-29,SKU0051,0,0,13,60
2025-10-06,SKU0051,33,2,13,90
2025-10-13,SKU0051,7,0,13,80
2025-10-20,SKU0051,105,9,13,131
2025-10-27,SKU0051,62,0,13,134
2025-11-03,SKU0051,29,58,13,108
2025-11-10,SKU0051,2,0,13,91
2025-11-17,SKU0051,0,52,13,72
2025-11-24,SKU0051,0,0,13,170
2025-12-01,SKU0051,0,0,13,97
2025-12-08,SKU0051,0,0,13,96
2025-12-15,SKU0051,0,0,13,99
2025-12-22,SKU0051,0,0,13,102
2025-12-29,SKU0051,0,44,13,58
2024-01-01,SKU0052,278,96,13,135
2024-01-08,SKU0052,321,7,13,164
2024-01-15,SKU0052,258,0,13,171
2024-01-22,SKU0052,205,0,13,169
2024-01-29,SKU0052,232,9,13,170
2024-02-05,SKU0052,172,0,13,183
2024-02-12,SKU0052,126,0,13,169
2024-02-19,SKU0052,163,30,13,179
2024-02-26,SKU0052,118,114,13,136
2024-03-04,SKU0052,61,0,13,177
2024-03-11,SKU0052,0,0,13,291
2024-03-18,SKU0052,196,41,13,238
2024-03-25,SKU0052,124,0,13,227
2024-04-01,SKU0052,79,0,13,119
2024-04-08,SKU0052,24,0,13,159
2024-04-15,SKU0052,125,37,13,232
2024-04-22,SKU0052,64,0,13,209
2024-04-29,SKU0052,4,0,13,191
2024-05-06,SKU0052,0,0,13,195
2024-05-13,SKU0052,0,0,13,239
2024-05-20,SKU0052,0,0,13,197
2024-05-27,SKU0052,0,0,13,233
2024-06-03,SKU0052,0,0,13,137
2024-06-10,SKU0052,181,8,13,176
2024-06-17,SKU0052,112,0,13,172
2024-06-24,SKU0052,36,145,13,251
2024-07-01,SKU0052,0,149,13,264
2024-07-08,SKU0052,74,6,13,237
2024-07-15,SKU0052,17,0,13,203
2024-07-22,SKU0052,67,26,13,179
2024-07-29,SKU0052,0,0,13,263
2024-08-05,SKU0052,0,0,13,188
2024-08-12,SKU0052,113,6,13,200
2024-08-19,SKU0052,52,0,13,240
2024-08-26,SKU0052,0,0,13,195
2024-09-02,SKU0052,0,0,13,158
2024-09-09,SKU0052,50,18,13,187
2024-09-16,SKU0052,0,0,13,159
2024-09-23,SKU0052,0,0,13,175
2024-09-30,SKU0052,124,30,13,218
2024-10-07,SKU0052,82,108,13,147
2024-10-14,SKU0052,16,0,13,239
2024-10-21,SKU0052,0,194,13,255
2024-10-28,SKU0052,0,270,13,286
2024-11-04,SKU0052,162,16,13,280
2024-11-11,SKU0052,88,0,13,199
2024-11-18,SKU0052,29,0,13,172
2024-11-25,SKU0052,0,0,13,280
2024-12-02,SKU0052,202,15,13,213
2024-12-09,SKU0052,132,0,13,273
2024-12-16,SKU0052,38,0,13,246
2024-12-23,SKU0052,0,165,13,297
2024-12-30,SKU0052,0,0,13,197
2025-01-06,SKU0052,0,109,13,163
2025-01-13,SKU0052,0,90,13,158
2025-01-20,SKU0052,0,0,13,143
2025-01-27,SKU0052,0,0,13,182
2025-02-03,SKU0052,0,0,13,125
2025-02-10,SKU0052,0,0,13,196
2025-02-17,SKU0052,0,0,13,177
2025-02-24,SKU0052,0,0,13,167
2025-03-03,SKU0052,0,0,13,188
2025-03-10,SKU0052,0,0,13,285
2025-03-17,SKU0052,0,0,13,365
2025-03-24,SKU0052,0,140,13,202
2025-03-31,SKU0052,191,6,13,227
2025-04-07,SKU0052,126,0,13,228
2025-04-14,SKU0052,82,0,13,131
2025-04-21,SKU0052,10,0,13,224
2025-04-28,SKU0052,0,0,13,211
2025-05-05,SKU0052,0,0,13,304
2025-05-12,SKU0052,0,0,13,237
2025-05-19,SKU0052,124,21,13,192
2025-05-26,SKU0052,229,36,13,214
2025-06-02,SKU0052,160,0,13,237
2025-06-09,SKU0052,90,193,13,214
2025-06-16,SKU0052,152,21,13,167
2025-06-23,SKU0052,91,132,13,194
2025-06-30,SKU0052,0,0,13,285
2025-07-07,SKU0052,174,4,13,275
2025-07-14,SKU0052,86,0,13,291
2025-07-21,SKU0052,14,0,13,235
2025-07-28,SKU0052,110,44,13,208
2025-08-04,SKU0052,207,50,13,208
2025-08-11,SKU0052,140,0,13,188
2025-08-18,SKU0052,82,0,13,206
2025-08-25,SKU0052,13,0,13,254
2025-09-01,SKU0052,0,0,13,200
2025-09-08,SKU0052,0,0,13,257
2025-09-15,SKU0052,0,0,13,175
2025-09-22,SKU0052,133,36,13,238
2025-09-29,SKU0052,61,180,13,257
2025-10-06,SKU0052,187,32,13,203
2025-10-13,SKU0052,102,0,13,287
2025-10-20,SKU0052,12,0,13,322
2025-10-27,SKU0052,150,53,13,303
2025-11-03,SKU0052,295,27,13,321
2025-11-10,SKU0052,208,0,13,238
2025-11-17,SKU0052,345,41,13,258
2025-11-24,SKU0052,243,0,13,294
2025-12-01,SKU0052,151,0,13,286
2025-12-08,SKU0052,75,0,13,286
2025-12-15,SKU0052,0,0,13,254
2025-12-22,SKU0052,0,0,13,288
2025-12-29,SKU0052,0,0,13,135
2024-01-01,SKU0053,236,0,7,175
2024-01-08,SKU0053,156,0,7,217
2024-01-15,SKU0053,91,0,7,147
2024-01-22,SKU0053,229,16,7,168
2024-01-29,SKU0053,155,0,7,174
2024-02-05,SKU0053,86,130,7,152
2024-02-12,SKU0053,8,144,7,181
2024-02-19,SKU0053,0,0,7,148
2024-02-26,SKU0053,0,0,7,171
2024-03-04,SKU0053,0,0,7,197
2024-03-11,SKU0053,0,0,7,195
2024-03-18,SKU0053,0,0,7,252
2024-03-25,SKU0053,93,12,7,189
2024-04-01,SKU0053,105,32,7,234
2024-04-08,SKU0053,25,0,7,155
2024-04-15,SKU0053,0,153,7,167
2024-04-22,SKU0053,0,0,7,212
2024-04-29,SKU0053,0,115,7,192
2024-05-06,SKU0053,101,2,7,205
2024-05-13,SKU0053,96,15,7,219
2024-05-20,SKU0053,7,0,7,179
2024-05-27,SKU0053,163,31,7,215
2024-06-03,SKU0053,213,25,7,155
2024-06-10,SKU0053,120,0,7,162
2024-06-17,SKU0053,18,201,7,211
2024-06-24,SKU0053,0,0,7,166
2024-07-01,SKU0053,0,0,7,292
2024-07-08,SKU0053,159,13,7,191
2024-07-15,SKU0053,79,0,7,198
2024-07-22,SKU0053,0,0,7,185
2024-07-29,SKU0053,0,0,7,198
2024-08-05,SKU0053,0,0,7,173
2024-08-12,SKU0053,0,0,7,222
2024-08-19,SKU0053,120,31,7,174
2024-08-26,SKU0053,27,163,7,199
2024-09-02,SKU0053,0,0,7,188
2024-09-09,SKU0053,0,0,7,178
2024-09-16,SKU0053,149,57,7,136
2024-09-23,SKU0053,64,0,7,195
2024-09-30,SKU0053,0,0,7,167
2024-10-07,SKU0053,179,29,7,224
2024-10-14,SKU0053,101,0,7,179
2024-10-21,SKU0053,0,173,7,282
2024-10-28,SKU0053,0,0,7,271
2024-11-04,SKU0053,0,0,7,223
2024-11-11,SKU0053,0,0,7,270
2024-11-18,SKU0053,0,0,7,239
2024-11-25,SKU0053,0,0,7,323
2024-12-02,SKU0053,215,87,7,210
2024-12-09,SKU0053,101,0,7,240
2024-12-16,SKU0053,0,0,7,278
2024-12-23,SKU0053,0,0,7,281
2024-12-30,SKU0053,160,50,7,218
2025-01-06,SKU0053,97,0,7,138
2025-01-13,SKU0053,44,0,7,131
2025-01-20,SKU0053,0,0,7,169
2025-01-27,SKU0053,0,0,7,175
2025-02-03,SKU0053,0,0,7,168
2025-02-10,SKU0053,0,0,7,170
2025-02-17,SKU0053,209,71,7,185
2025-02-24,SKU0053,137,0,7,165
2025-03-03,SKU0053,30,0,7,240
2025-03-10,SKU0053,0,0,7,191
2025-03-17,SKU0053,0,0,7,245
2025-03-24,SKU0053,0,0,7,193
2025-03-31,SKU0053,0,0,7,175
2025-04-07,SKU0053,0,261,7,235
2025-04-14,SKU0053,192,31,7,219
2025-04-21,SKU0053,84,310,7,190
2025-04-28,SKU0053,76,32,7,229
2025-05-05,SKU0053,0,0,7,181
2025-05-12,SKU0053,0,0,7,192
2025-05-19,SKU0053,105,42,7,161
2025-05-26,SKU0053,27,264,7,178
2025-06-02,SKU0053,0,0,7,188
2025-06-09,SKU0053,0,0,7,205
2025-06-16,SKU0053,0,149,7,189
2025-06-23,SKU0053,141,42,7,138
2025-06-30,SKU0053,330,13,7,231
2025-07-07,SKU0053,207,0,7,279
2025-07-14,SKU0053,254,16,7,237
2025-07-21,SKU0053,159,0,7,179
2025-07-28,SKU0053,44,0,7,258
2025-08-04,SKU0053,0,100,7,186
2025-08-11,SKU0053,0,0,7,184
2025-08-18,SKU0053,0,0,7,193
2025-08-25,SKU0053,0,0,7,183
2025-09-01,SKU0053,0,0,7,236
2025-09-08,SKU0053,0,0,7,224
2025-09-15,SKU0053,226,18,7,237
2025-09-22,SKU0053,125,0,7,235
2025-09-29,SKU0053,102,30,7,266
2025-10-06,SKU0053,159,29,7,206
2025-10-13,SKU0053,13,0,7,282
2025-10-20,SKU0053,0,0,7,394
2025-10-27,SKU0053,0,0,7,287
2025-11-03,SKU0053,0,0,7,310
2025-11-10,SKU0053,0,294,7,261
2025-11-17,SKU0053,0,0,7,275
2025-11-24,SKU0053,0,0,7,361
2025-12-01,SKU0053,0,0,7,306
2025-12-08,SKU0053,0,0,7,297
2025-12-15,SKU0053,0,0,7,275
2025-12-22,SKU0053,0,0,7,291
2025-12-29,SKU0053,0,0,7,104
2024-01-01,SKU0054,302,37,4,54
2024-01-08,SKU0054,261,0,4,58
2024-01-15,SKU0054,236,84,4,49
2024-01-22,SKU0054,254,7,4,49
2024-01-29,SKU0054,259,3,4,55
2024-02-05,SKU0054,235,0,4,43
2024-02-12,SKU0054,206,0,4,56
2024-02-19,SKU0054,204,14,4,56
2024-02-26,SKU0054,169,0,4,59
2024-03-04,SKU0054,137,0,4,56
2024-03-11,SKU0054,105,0,4,61
2024-03-18,SKU0054,57,0,4,90
2024-03-25,SKU0054,19,0,4,64
2024-04-01,SKU0054,0,0,4,61
2024-04-08,SKU0054,0,116,4,70
2024-04-15,SKU0054,0,102,4,54
2024-04-22,SKU0054,0,0,4,65
2024-04-29,SKU0054,0,148,4,109
2024-05-06,SKU0054,0,0,4,79
2024-05-13,SKU0054,0,118,4,77
2024-05-20,SKU0054,89,5,4,78
2024-05-27,SKU0054,55,0,4,60
2024-06-03,SKU0054,26,0,4,61
2024-06-10,SKU0054,0,102,4,62
2024-06-17,SKU0054,0,0,4,77
2024-06-24,SKU0054,106,4,4,78
2024-07-01,SKU0054,222,15,4,104
2024-07-08,SKU0054,180,56,4,82
2024-07-15,SKU0054,147,51,4,63
2024-07-22,SKU0054,112,0,4,59
2024-07-29,SKU0054,135,31,4,85
2024-08-05,SKU0054,103,68,4,65
2024-08-12,SKU0054,58,0,4,82
2024-08-19,SKU0054,15,0,4,80
2024-08-26,SKU0054,0,0,4,80
2024-09-02,SKU0054,0,0,4,51
2024-09-09,SKU0054,0,0,4,77
2024-09-16,SKU0054,0,0,4,62
2024-09-23,SKU0054,0,0,4,69
2024-09-30,SKU0054,0,0,4,65
2024-10-07,SKU0054,131,3,4,82
2024-10-14,SKU0054,82,0,4,86
2024-10-21,SKU0054,35,0,4,87
2024-10-28,SKU0054,0,0,4,89
2024-11-04,SKU0054,0,168,4,82
2024-11-11,SKU0054,0,0,4,72
2024-11-18,SKU0054,0,0,4,93
2024-11-25,SKU0054,0,0,4,90
2024-12-02,SKU0054,79,31,4,117
2024-12-09,SKU0054,25,169,4,110
2024-12-16,SKU0054,0,0,4,56
2024-12-23,SKU0054,0,0,4,96
2024-12-30,SKU0054,0,0,4,84
2025-01-06,SKU0054,0,105,4,58
2025-01-13,SKU0054,0,90,4,70
2025-01-20,SKU0054,0,0,4,54
2025-01-27,SKU0054,0,0,4,69
2025-02-03,SKU0054,0,0,4,44
2025-02-10,SKU0054,0,0,4,51
2025-02-17,SKU0054,76,18,4,60
2025-02-24,SKU0054,35,95,4,74
2025-03-03,SKU0054,60,8,4,49
2025-03-10,SKU0054,10,83,4,83
2025-03-17,SKU0054,0,0,4,75
2025-03-24,SKU0054,96,32,4,75
2025-03-31,SKU0054,61,0,4,70
2025-04-07,SKU0054,16,70,4,76
2025-04-14,SKU0054,0,65,4,65
2025-04-21,SKU0054,0,0,4,67
2025-04-28,SKU0054,63,21,4,81
2025-05-05,SKU0054,24,0,4,70
2025-05-12,SKU0054,0,0,4,80
2025-05-19,SKU0054,0,0,4,61
2025-05-26,SKU0054,0,0,4,113
2025-06-02,SKU0054,0,37,4,51
2025-06-09,SKU0054,0,132,4,74
2025-06-16,SKU0054,0,0,4,87
2025-06-23,SKU0054,0,0,4,75
2025-06-30,SKU0054,0,0,4,68
2025-07-07,SKU0054,0,0,4,97
2025-07-14,SKU0054,0,0,4,82
2025-07-21,SKU0054,0,0,4,77
2025-07-28,SKU0054,0,0,4,74
2025-08-04,SKU0054,0,0,4,72
2025-08-11,SKU0054,0,0,4,58
2025-08-18,SKU0054,0,0,4,58
2025-08-25,SKU0054,0,0,4,79
2025-09-01,SKU0054,0,0,4,53
2025-09-08,SKU0054,57,17,4,73
2025-09-15,SKU0054,25,90,4,58
2025-09-22,SKU0054,50,15,4,52
2025-09-29,SKU0054,86,32,4,95
2025-10-06,SKU0054,125,25,4,87
2025-10-13,SKU0054,71,0,4,107
2025-10-20,SKU0054,14,0,4,113
2025-10-27,SKU0054,0,0,4,127
2025-11-03,SKU0054,0,0,4,104
2025-11-10,SKU0054,0,57,4,76
2025-11-17,SKU0054,0,0,4,71
2025-11-24,SKU0054,0,0,4,121
2025-12-01,SKU0054,0,0,4,115
2025-12-08,SKU0054,0,0,4,87
2025-12-15,SKU0054,0,0,4,98
2025-12-22,SKU0054,0,0,4,105
2025-12-29,SKU0054,21,7,4,30
2024-01-01,SKU0055,286,0,7,86
2024-01-08,SKU0055,234,0,7,116
2024-01-15,SKU0055,179,0,7,110
2024-01-22,SKU0055,120,0,7,128
2024-01-29,SKU0055,66,0,7,119
2024-02-05,SKU0055,103,26,7,101
2024-02-12,SKU0055,56,0,7,97
2024-02-19,SKU0055,68,8,7,153
2024-02-26,SKU0055,21,0,7,125
2024-03-04,SKU0055,0,0,7,110
2024-03-11,SKU0055,130,3,7,147
2024-03-18,SKU0055,63,0,7,162
2024-03-25,SKU0055,8,105,7,146
2024-04-01,SKU0055,0,0,7,114
2024-04-08,SKU0055,0,0,7,94
2024-04-15,SKU0055,0,0,7,133
2024-04-22,SKU0055,0,0,7,135
2024-04-29,SKU0055,0,0,7,112
2024-05-06,SKU0055,0,0,7,98
2024-05-13,SKU0055,0,0,7,132
2024-05-20,SKU0055,0,0,7,136
2024-05-27,SKU0055,0,0,7,93
2024-06-03,SKU0055,0,0,7,125
2024-06-10,SKU0055,0,158,7,117
2024-06-17,SKU0055,0,0,7,111
2024-06-24,SKU0055,0,0,7,104
2024-07-01,SKU0055,94,1,7,183
2024-07-08,SKU0055,39,0,7,136
2024-07-15,SKU0055,114,19,7,169
2024-07-22,SKU0055,53,120,7,156
2024-07-29,SKU0055,181,13,7,145
2024-08-05,SKU0055,136,0,7,100
2024-08-12,SKU0055,80,0,7,129
2024-08-19,SKU0055,29,0,7,122
2024-08-26,SKU0055,0,0,7,111
2024-09-02,SKU0055,156,6,7,121
2024-09-09,SKU0055,155,15,7,138
2024-09-16,SKU0055,107,0,7,104
2024-09-23,SKU0055,116,2,7,147
2024-09-30,SKU0055,49,0,7,160
2024-10-07,SKU0055,0,123,7,150
2024-10-14,SKU0055,0,0,7,113
2024-10-21,SKU0055,0,0,7,186
2024-10-28,SKU0055,0,0,7,177
2024-11-04,SKU0055,139,40,7,152
2024-11-11,SKU0055,81,0,7,138
2024-11-18,SKU0055,12,0,7,134
2024-11-25,SKU0055,0,0,7,215
2024-12-02,SKU0055,152,59,7,149
2024-12-09,SKU0055,85,0,7,152
2024-12-16,SKU0055,0,0,7,176
2024-12-23,SKU0055,155,7,7,202
2024-12-30,SKU0055,99,0,7,104
2025-01-06,SKU0055,49,156,7,123
2025-01-13,SKU0055,0,117,7,125
2025-01-20,SKU0055,0,0,7,104
2025-01-27,SKU0055,0,154,7,111
2025-02-03,SKU0055,126,20,7,112
2025-02-10,SKU0055,81,0,7,102
2025-02-17,SKU0055,29,0,7,133
2025-02-24,SKU0055,0,0,7,132
2025-03-03,SKU0055,151,8,7,149
2025-03-10,SKU0055,86,0,7,163
2025-03-17,SKU0055,0,0,7,186
2025-03-24,SKU0055,89,38,7,124
2025-03-31,SKU0055,37,0,7,129
2025-04-07,SKU0055,0,63,7,126
2025-04-14,SKU0055,0,64,7,127
2025-04-21,SKU0055,0,160,7,126
2025-04-28,SKU0055,0,0,7,96
2025-05-05,SKU0055,0,0,7,144
2025-05-12,SKU0055,0,0,7,145
2025-05-19,SKU0055,116,22,7,197
2025-05-26,SKU0055,37,0,7,156
2025-06-02,SKU0055,90,21,7,101
2025-06-09,SKU0055,39,0,7,98
2025-06-16,SKU0055,0,0,7,136
2025-06-23,SKU0055,0,0,7,144
2025-06-30,SKU0055,0,96,7,200
2025-07-07,SKU0055,0,177,7,152
2025-07-14,SKU0055,0,59,7,114
2025-07-21,SKU0055,0,79,7,147
2025-07-28,SKU0055,0,72,7,112
2025-08-04,SKU0055,0,0,7,155
2025-08-11,SKU0055,0,0,7,126
2025-08-18,SKU0055,0,0,7,138
2025-08-25,SKU0055,162,39,7,126
2025-09-01,SKU0055,186,21,7,154
2025-09-08,SKU0055,132,0,7,129
2025-09-15,SKU0055,86,0,7,93
2025-09-22,SKU0055,2,0,7,184
2025-09-29,SKU0055,0,0,7,159
2025-10-06,SKU0055,0,0,7,163
2025-10-13,SKU0055,0,0,7,165
2025-10-20,SKU0055,0,0,7,136
2025-10-27,SKU0055,0,0,7,199
2025-11-03,SKU0055,0,0,7,230
2025-11-10,SKU0055,0,0,7,165
2025-11-17,SKU0055,0,98,7,147
2025-11-24,SKU0055,0,0,7,201
2025-12-01,SKU0055,221,26,7,221
2025-12-08,SKU0055,261,30,7,188
2025-12-15,SKU0055,193,0,7,162
2025-12-22,SKU0055,118,141,7,171
2025-12-29,SKU0055,75,0,7,108
2024-01-01,SKU0056,81,56,5,48
2024-01-08,SKU0056,86,2,5,50
2024-01-15,SKU0056,68,28,5,30
2024-01-22,SKU0056,39,33,5,53
2024-01-29,SKU0056,17,0,5,42
2024-02-05,SKU0056,34,10,5,64
2024-02-12,SKU0056,9,0,5,49
2024-02-19,SKU0056,0,0,5,51
2024-02-26,SKU0056,0,0,5,71
2024-03-04,SKU0056,0,0,5,46
2024-03-11,SKU0056,0,81,5,64
2024-03-18,SKU0056,0,0,5,80
2024-03-25,SKU0056,51,5,5,54
2024-04-01,SKU0056,23,0,5,60
2024-04-08,SKU0056,56,8,5,49
2024-04-15,SKU0056,25,0,5,54
2024-04-22,SKU0056,0,0,5,46
2024-04-29,SKU0056,0,65,5,61
2024-05-06,SKU0056,65,24,5,64
2024-05-13,SKU0056,96,27,5,63
2024-05-20,SKU0056,66,0,5,71
2024-05-27,SKU0056,42,0,5,48
2024-06-03,SKU0056,16,37,5,53
2024-06-10,SKU0056,0,0,5,64
2024-06-17,SKU0056,0,0,5,59
2024-06-24,SKU0056,0,0,5,59
2024-07-01,SKU0056,0,0,5,56
2024-07-08,SKU0056,0,115,5,70
2024-07-15,SKU0056,61,9,5,57
2024-07-22,SKU0056,68,8,5,61
2024-07-29,SKU0056,81,3,5,54
2024-08-05,SKU0056,52,0,5,52
2024-08-12,SKU0056,19,0,5,63
2024-08-19,SKU0056,33,7,5,39
2024-08-26,SKU0056,0,0,5,62
2024-09-02,SKU0056,0,0,5,39
2024-09-09,SKU0056,29,9,5,61
2024-09-16,SKU0056,10,37,5,36
2024-09-23,SKU0056,0,0,5,57
2024-09-30,SKU0056,0,0,5,58
2024-10-07,SKU0056,0,0,5,41
2024-10-14,SKU0056,0,0,5,63
2024-10-21,SKU0056,0,53,5,87
2024-10-28,SKU0056,0,0,5,76
2024-11-04,SKU0056,0,0,5,68
2024-11-11,SKU0056,0,0,5,74
2024-11-18,SKU0056,0,0,5,53
2024-11-25,SKU0056,0,0,5,80
2024-12-02,SKU0056,0,0,5,86
2024-12-09,SKU0056,0,0,5,78
2024-12-16,SKU0056,0,0,5,88
2024-12-23,SKU0056,0,0,5,95
2024-12-30,SKU0056,0,0,5,50
2025-01-06,SKU0056,26,7,5,46
2025-01-13,SKU0056,31,7,5,64
2025-01-20,SKU0056,46,16,5,49
2025-01-27,SKU0056,8,50,5,67
2025-02-03,SKU0056,0,71,5,48
2025-02-10,SKU0056,47,8,5,46
2025-02-17,SKU0056,23,0,5,43
2025-02-24,SKU0056,0,0,5,64
2025-03-03,SKU0056,0,0,5,62
2025-03-10,SKU0056,0,0,5,62
2025-03-17,SKU0056,119,4,5,89
2025-03-24,SKU0056,80,44,5,65
2025-03-31,SKU0056,51,0,5,49
2025-04-07,SKU0056,17,0,5,71
2025-04-14,SKU0056,0,34,5,67
2025-04-21,SKU0056,0,91,5,51
2025-04-28,SKU0056,35,8,5,54
2025-05-05,SKU0056,4,0,5,63
2025-05-12,SKU0056,0,0,5,83
2025-05-19,SKU0056,0,0,5,63
2025-05-26,SKU0056,0,72,5,61
2025-06-02,SKU0056,42,5,5,78
2025-06-09,SKU0056,19,0,5,41
2025-06-16,SKU0056,46,2,5,60
2025-06-23,SKU0056,20,0,5,52
2025-06-30,SKU0056,0,0,5,73
2025-07-07,SKU0056,0,0,5,62
2025-07-14,SKU0056,0,61,5,62
2025-07-21,SKU0056,0,0,5,48
2025-07-28,SKU0056,0,0,5,65
2025-08-04,SKU0056,60,12,5,65
2025-08-11,SKU0056,34,0,5,47
2025-08-18,SKU0056,6,0,5,50
2025-08-25,SKU0056,37,13,5,51
2025-09-01,SKU0056,10,58,5,48
2025-09-08,SKU0056,0,0,5,63
2025-09-15,SKU0056,0,0,5,75
2025-09-22,SKU0056,0,0,5,58
2025-09-29,SKU0056,0,0,5,67
2025-10-06,SKU0056,0,0,5,71
2025-10-13,SKU0056,0,0,5,76
2025-10-20,SKU0056,0,0,5,119
2025-10-27,SKU0056,0,0,5,64
2025-11-03,SKU0056,0,0,5,101
2025-11-10,SKU0056,0,53,5,76
2025-11-17,SKU0056,0,0,5,61
2025-11-24,SKU0056,0,124,5,65
2025-12-01,SKU0056,0,0,5,86
2025-12-08,SKU0056,0,0,5,89
2025-12-15,SKU0056,0,0,5,85
2025-12-22,SKU0056,0,0,5,62
2025-12-29,SKU0056,0,0,5,41
2024-01-01,SKU0057,456,119,6,83
2024-01-08,SKU0057,484,23,6,89
2024-01-15,SKU0057,437,0,6,109
2024-01-22,SKU0057,382,130,6,102
2024-01-29,SKU0057,335,0,6,98
2024-02-05,SKU0057,291,0,6,92
2024-02-12,SKU0057,245,0,6,99
2024-02-19,SKU0057,209,0,6,82
2024-02-26,SKU0057,226,18,6,88
2024-03-04,SKU0057,182,0,6,103
2024-03-11,SKU0057,135,0,6,99
2024-03-18,SKU0057,64,0,6,140
2024-03-25,SKU0057,10,0,6,115
2024-04-01,SKU0057,120,43,6,99
2024-04-08,SKU0057,59,0,6,121
2024-04-15,SKU0057,3,0,6,93
2024-04-22,SKU0057,0,0,6,86
2024-04-29,SKU0057,0,67,6,115
2024-05-06,SKU0057,125,3,6,108
2024-05-13,SKU0057,80,0,6,88
2024-05-20,SKU0057,32,0,6,79
2024-05-27,SKU0057,80,26,6,128
2024-06-03,SKU0057,137,4,6,97
2024-06-10,SKU0057,94,0,6,99
2024-06-17,SKU0057,32,102,6,100
2024-06-24,SKU0057,99,14,6,105
2024-07-01,SKU0057,34,0,6,153
2024-07-08,SKU0057,0,0,6,109
2024-07-15,SKU0057,113,44,6,121
2024-07-22,SKU0057,56,0,6,115
2024-07-29,SKU0057,87,26,6,123
2024-08-05,SKU0057,46,0,6,89
2024-08-12,SKU0057,0,0,6,123
2024-08-19,SKU0057,0,122,6,85
2024-08-26,SKU0057,0,0,6,123
2024-09-02,SKU0057,71,31,6,80
2024-09-09,SKU0057,17,0,6,106
2024-09-16,SKU0057,0,0,6,118
2024-09-23,SKU0057,0,0,6,86
2024-09-30,SKU0057,0,0,6,88
2024-10-07,SKU0057,0,0,6,115
2024-10-14,SKU0057,51,20,6,95
2024-10-21,SKU0057,0,0,6,175
2024-10-28,SKU0057,0,0,6,147
2024-11-04,SKU0057,0,0,6,126
2024-11-11,SKU0057,0,0,6,130
2024-11-18,SKU0057,83,4,6,124
2024-11-25,SKU0057,0,0,6,243
2024-12-02,SKU0057,0,0,6,155
2024-12-09,SKU0057,0,0,6,135
2024-12-16,SKU0057,0,0,6,132
2024-12-23,SKU0057,88,28,6,166
2024-12-30,SKU0057,36,0,6,108
2025-01-06,SKU0057,0,0,6,90
2025-01-13,SKU0057,0,0,6,98
2025-01-20,SKU0057,0,93,6,103
2025-01-27,SKU0057,0,0,6,77
2025-02-03,SKU0057,0,0,6,98
2025-02-10,SKU0057,0,0,6,85
2025-02-17,SKU0057,0,0,6,109
2025-02-24,SKU0057,0,0,6,89
2025-03-03,SKU0057,0,86,6,115
2025-03-10,SKU0057,0,153,6,140
2025-03-17,SKU0057,103,24,6,156
2025-03-24,SKU0057,48,0,6,117
2025-03-31,SKU0057,0,0,6,138
2025-04-07,SKU0057,0,0,6,113
2025-04-14,SKU0057,0,0,6,140
2025-04-21,SKU0057,0,132,6,149
2025-04-28,SKU0057,0,0,6,94
2025-05-05,SKU0057,0,0,6,115
2025-05-12,SKU0057,107,12,6,118
2025-05-19,SKU0057,48,0,6,115
2025-05-26,SKU0057,66,5,6,100
2025-06-02,SKU0057,0,0,6,154
2025-06-09,SKU0057,0,0,6,113
2025-06-16,SKU0057,0,96,6,85
2025-06-23,SKU0057,0,0,6,101
2025-06-30,SKU0057,0,0,6,193
2025-07-07,SKU0057,0,155,6,127
2025-07-14,SKU0057,0,0,6,126
2025-07-21,SKU0057,0,0,6,104
2025-07-28,SKU0057,93,39,6,130
2025-08-04,SKU0057,149,35,6,127
2025-08-11,SKU0057,97,0,6,113
2025-08-18,SKU0057,44,0,6,115
2025-08-25,SKU0057,0,0,6,140
2025-09-01,SKU0057,0,56,6,113
2025-09-08,SKU0057,0,0,6,106
2025-09-15,SKU0057,0,0,6,85
2025-09-22,SKU0057,82,7,6,105
2025-09-29,SKU0057,33,0,6,114
2025-10-06,SKU0057,0,0,6,73
2025-10-13,SKU0057,0,0,6,152
2025-10-20,SKU0057,0,0,6,176
2025-10-27,SKU0057,0,0,6,209
2025-11-03,SKU0057,0,0,6,190
2025-11-10,SKU0057,0,0,6,153
2025-11-17,SKU0057,0,0,6,145
2025-11-24,SKU0057,0,0,6,202
2025-12-01,SKU0057,0,0,6,185
2025-12-08,SKU0057,0,0,6,124
2025-12-15,SKU0057,119,27,6,156
2025-12-22,SKU0057,38,143,6,180
2025-12-29,SKU0057,11,0,6,54
2024-01-01,SKU0058,101,193,3,107
2024-01-08,SKU0058,171,65,3,154
2024-01-15,SKU0058,111,0,3,84
2024-01-22,SKU0058,48,0,3,108
2024-01-29,SKU0058,0,0,3,105
2024-02-05,SKU0058,0,134,3,139
2024-02-12,SKU0058,144,13,3,113
2024-02-19,SKU0058,81,0,3,94
2024-02-26,SKU0058,11,0,3,117
2024-03-04,SKU0058,0,205,3,159
2024-03-11,SKU0058,267,7,3,165
2024-03-18,SKU0058,159,0,3,197
2024-03-25,SKU0058,236,17,3,108
2024-04-01,SKU0058,161,98,3,119
2024-04-08,SKU0058,90,78,3,123
2024-04-15,SKU0058,0,269,3,150
2024-04-22,SKU0058,0,0,3,134
2024-04-29,SKU0058,0,135,3,128
2024-05-06,SKU0058,0,0,3,115
2024-05-13,SKU0058,133,3,3,141
2024-05-20,SKU0058,39,0,3,133
2024-05-27,SKU0058,0,0,3,108
2024-06-03,SKU0058,0,0,3,140
2024-06-10,SKU0058,0,0,3,94
2024-06-17,SKU0058,248,21,3,124
2024-06-24,SKU0058,156,0,3,164
2024-07-01,SKU0058,56,269,3,165
2024-07-08,SKU0058,0,0,3,153
2024-07-15,SKU0058,0,0,3,137
2024-07-22,SKU0058,142,12,3,142
2024-07-29,SKU0058,35,277,3,151
2024-08-05,SKU0058,268,8,3,167
2024-08-12,SKU0058,192,0,3,113
2024-08-19,SKU0058,92,0,3,169
2024-08-26,SKU0058,208,56,3,140
2024-09-02,SKU0058,137,0,3,120
2024-09-09,SKU0058,216,5,3,157
2024-09-16,SKU0058,130,0,3,128
2024-09-23,SKU0058,34,0,3,177
2024-09-30,SKU0058,0,111,3,149
2024-10-07,SKU0058,0,0,3,134
2024-10-14,SKU0058,211,47,3,154
2024-10-21,SKU0058,119,0,3,150
2024-10-28,SKU0058,0,192,3,278
2024-11-04,SKU0058,0,0,3,155
2024-11-11,SKU0058,0,0,3,195
2024-11-18,SKU0058,0,0,3,147
2024-11-25,SKU0058,0,0,3,232
2024-12-02,SKU0058,0,0,3,170
2024-12-09,SKU0058,0,0,3,181
2024-12-16,SKU0058,0,0,3,192
2024-12-23,SKU0058,0,0,3,216
2024-12-30,SKU0058,0,0,3,153
2025-01-06,SKU0058,0,105,3,107
2025-01-13,SKU0058,0,0,3,111
2025-01-20,SKU0058,0,0,3,103
2025-01-27,SKU0058,0,0,3,88
2025-02-03,SKU0058,0,82,3,129
2025-02-10,SKU0058,0,0,3,127
2025-02-17,SKU0058,168,31,3,122
2025-02-24,SKU0058,88,0,3,126
2025-03-03,SKU0058,2,0,3,155
2025-03-10,SKU0058,0,0,3,147
2025-03-17,SKU0058,0,0,3,206
2025-03-24,SKU0058,0,0,3,192
2025-03-31,SKU0058,0,0,3,172
2025-04-07,SKU0058,0,0,3,142
2025-04-14,SKU0058,128,18,3,168
2025-04-21,SKU0058,203,35,3,143
2025-04-28,SKU0058,123,104,3,159
2025-05-05,SKU0058,38,0,3,148
2025-05-12,SKU0058,0,0,3,133
2025-05-19,SKU0058,0,131,3,119
2025-05-26,SKU0058,231,46,3,137
2025-06-02,SKU0058,146,0,3,138
2025-06-09,SKU0058,37,0,3,164
2025-06-16,SKU0058,0,0,3,100
2025-06-23,SKU0058,0,0,3,133
2025-06-30,SKU0058,0,0,3,199
2025-07-07,SKU0058,247,53,3,158
2025-07-14,SKU0058,148,168,3,141
2025-07-21,SKU0058,48,0,3,174
2025-07-28,SKU0058,0,0,3,116
2025-08-04,SKU0058,269,51,3,171
2025-08-11,SKU0058,157,0,3,160
2025-08-18,SKU0058,50,0,3,168
2025-08-25,SKU0058,167,8,3,138
2025-09-01,SKU0058,84,0,3,134
2025-09-08,SKU0058,0,155,3,161
2025-09-15,SKU0058,0,205,3,150
2025-09-22,SKU0058,182,37,3,173
2025-09-29,SKU0058,66,0,3,155
2025-10-06,SKU0058,0,0,3,193
2025-10-13,SKU0058,208,21,3,206
2025-10-20,SKU0058,71,0,3,206
2025-10-27,SKU0058,0,163,3,175
2025-11-03,SKU0058,0,0,3,221
2025-11-10,SKU0058,0,0,3,154
2025-11-17,SKU0058,0,0,3,183
2025-11-24,SKU0058,0,0,3,255
2025-12-01,SKU0058,0,0,3,207
2025-12-08,SKU0058,113,43,3,171
2025-12-15,SKU0058,0,0,3,228
2025-12-22,SKU0058,0,0,3,214
2025-12-29,SKU0058,0,0,3,117
2024-01-01,SKU0059,78,0,7,46
2024-01-08,SKU0059,64,0,7,27
2024-01-15,SKU0059,48,0,7,31
2024-01-22,SKU0059,63,4,7,35
2024-01-29,SKU0059,64,3,7,25
2024-02-05,SKU0059,89,4,7,54
2024-02-12,SKU0059,114,11,7,35
2024-02-19,SKU0059,84,0,7,58
2024-02-26,SKU0059,67,0,7,46
2024-03-04,SKU0059,51,0,7,36
2024-03-11,SKU0059,32,0,7,41
2024-03-18,SKU0059,12,56,7,50
2024-03-25,SKU0059,0,0,7,33
2024-04-01,SKU0059,15,5,7,46
2024-04-08,SKU0059,34,8,7,38
2024-04-15,SKU0059,9,0,7,53
2024-04-22,SKU0059,0,51,7,40
2024-04-29,SKU0059,0,0,7,36
2024-05-06,SKU0059,0,0,7,47
2024-05-13,SKU0059,0,0,7,31
2024-05-20,SKU0059,0,0,7,43
2024-05-27,SKU0059,0,0,7,48
2024-06-03,SKU0059,0,0,7,29
2024-06-10,SKU0059,0,0,7,45
2024-06-17,SKU0059,0,0,7,43
2024-06-24,SKU0059,16,6,7,42
2024-07-01,SKU0059,0,0,7,55
2024-07-08,SKU0059,0,0,7,53
2024-07-15,SKU0059,0,0,7,38
2024-07-22,SKU0059,0,0,7,37
2024-07-29,SKU0059,0,0,7,57
2024-08-05,SKU0059,28,12,7,43
2024-08-12,SKU0059,46,5,7,29
2024-08-19,SKU0059,21,0,7,49
2024-08-26,SKU0059,0,0,7,51
2024-09-02,SKU0059,0,0,7,50
2024-09-09,SKU0059,49,10,7,57
2024-09-16,SKU0059,69,1,7,47
2024-09-23,SKU0059,50,0,7,48
2024-09-30,SKU0059,71,14,7,48
2024-10-07,SKU0059,57,0,7,28
2024-10-14,SKU0059,41,0,7,37
2024-10-21,SKU0059,16,74,7,60
2024-10-28,SKU0059,0,0,7,62
2024-11-04,SKU0059,0,0,7,60
2024-11-11,SKU0059,78,15,7,73
2024-11-18,SKU0059,55,0,7,52
2024-11-25,SKU0059,25,62,7,79
2024-12-02,SKU0059,0,0,7,68
2024-12-09,SKU0059,58,23,7,53
2024-12-16,SKU0059,33,0,7,50
2024-12-23,SKU0059,52,2,7,94
2024-12-30,SKU0059,35,35,7,37
2025-01-06,SKU0059,20,30,7,36
2025-01-13,SKU0059,0,51,7,57
2025-01-20,SKU0059,0,20,7,28
2025-01-27,SKU0059,0,0,7,27
2025-02-03,SKU0059,0,0,7,56
2025-02-10,SKU0059,44,3,7,57
2025-02-17,SKU0059,27,0,7,42
2025-02-24,SKU0059,6,0,7,52
2025-03-03,SKU0059,0,57,7,40
2025-03-10,SKU0059,0,0,7,27
2025-03-17,SKU0059,0,0,7,58
2025-03-24,SKU0059,0,0,7,52
2025-03-31,SKU0059,0,0,7,42
2025-04-07,SKU0059,24,6,7,47
2025-04-14,SKU0059,6,0,7,36
2025-04-21,SKU0059,0,32,7,34
2025-04-28,SKU0059,0,0,7,57
2025-05-05,SKU0059,0,0,7,44
2025-05-12,SKU0059,0,0,7,60
2025-05-19,SKU0059,0,0,7,28
2025-05-26,SKU0059,0,0,7,28
2025-06-02,SKU0059,0,0,7,49
2025-06-09,SKU0059,16,7,7,46
2025-06-16,SKU0059,0,0,7,46
2025-06-23,SKU0059,0,69,7,53
2025-06-30,SKU0059,0,0,7,75
2025-07-07,SKU0059,0,0,7,45
2025-07-14,SKU0059,0,0,7,63
2025-07-21,SKU0059,0,0,7,40
2025-07-28,SKU0059,0,0,7,59
2025-08-04,SKU0059,0,0,7,55
2025-08-11,SKU0059,0,0,7,51
2025-08-18,SKU0059,0,0,7,53
2025-08-25,SKU0059,0,0,7,49
2025-09-01,SKU0059,0,0,7,53
2025-09-08,SKU0059,0,0,7,45
2025-09-15,SKU0059,0,0,7,60
2025-09-22,SKU0059,0,0,7,34
2025-09-29,SKU0059,0,0,7,64
2025-10-06,SKU0059,0,0,7,44
2025-10-13,SKU0059,0,0,7,91
2025-10-20,SKU0059,0,0,7,78
2025-10-27,SKU0059,0,46,7,91
2025-11-03,SKU0059,0,0,7,51
2025-11-10,SKU0059,65,4,7,95
2025-11-17,SKU0059,39,0,7,55
2025-11-24,SKU0059,0,0,7,93
2025-12-01,SKU0059,75,5,7,67
2025-12-08,SKU0059,51,0,7,58
2025-12-15,SKU0059,98,7,7,59
2025-12-22,SKU0059,73,0,7,46
2025-12-29,SKU0059,84,14,7,44
2024-01-01,SKU0060,8,0,3,10
2024-01-08,SKU0060,7,0,3,9
2024-01-15,SKU0060,20,2,3,15
2024-01-22,SKU0060,21,2,3,11
2024-01-29,SKU0060,28,2,3,9
2024-02-05,SKU0060,24,0,3,10
2024-02-12,SKU0060,22,0,3,9
2024-02-19,SKU0060,17,0,3,9
2024-02-26,SKU0060,11,15,3,10
2024-03-04,SKU0060,4,0,3,11
2024-03-11,SKU0060,0,0,3,11
2024-03-18,SKU0060,0,0,3,13
2024-03-25,SKU0060,0,7,3,11
2024-04-01,SKU0060,11,5,3,13
2024-04-08,SKU0060,7,0,3,10
2024-04-15,SKU0060,1,18,3,11
2024-04-22,SKU0060,8,2,3,11
2024-04-29,SKU0060,1,0,3,11
2024-05-06,SKU0060,9,4,3,9
2024-05-13,SKU0060,4,0,3,9
2024-05-20,SKU0060,1,0,3,11
2024-05-27,SKU0060,0,0,3,9
2024-06-03,SKU0060,0,0,3,11
2024-06-10,SKU0060,0,0,3,13
2024-06-17,SKU0060,0,0,3,11
2024-06-24,SKU0060,8,1,3,10
2024-07-01,SKU0060,16,2,3,9
2024-07-08,SKU0060,12,0,3,11
2024-07-15,SKU0060,0,19,3,22
2024-07-22,SKU0060,0,0,3,13
2024-07-29,SKU0060,0,0,3,10
2024-08-05,SKU0060,1,1,3,11
2024-08-12,SKU0060,0,0,3,10
2024-08-19,SKU0060,11,2,3,11
2024-08-26,SKU0060,4,22,3,13
2024-09-02,SKU0060,6,2,3,11
2024-09-09,SKU0060,9,1,3,11
2024-09-16,SKU0060,3,0,3,12
2024-09-23,SKU0060,0,0,3,9
2024-09-30,SKU0060,19,3,3,20
2024-10-07,SKU0060,23,3,3,11
2024-10-14,SKU0060,17,0,3,11
2024-10-21,SKU0060,13,0,3,9
2024-10-28,SKU0060,4,0,3,17
2024-11-04,SKU0060,0,0,3,13
2024-11-11,SKU0060,0,0,3,10
2024-11-18,SKU0060,0,0,3,10
2024-11-25,SKU0060,0,0,3,13
2024-12-02,SKU0060,0,16,3,10
2024-12-09,SKU0060,0,0,3,14
2024-12-16,SKU0060,0,0,3,11
2024-12-23,SKU0060,0,0,3,10
2024-12-30,SKU0060,0,0,3,11
2025-01-06,SKU0060,0,0,3,15
2025-01-13,SKU0060,0,0,3,11
2025-01-20,SKU0060,23,1,3,12
2025-01-27,SKU0060,21,0,3,10
2025-02-03,SKU0060,22,2,3,10
2025-02-10,SKU0060,16,0,3,9
2025-02-17,SKU0060,11,0,3,9
2025-02-24,SKU0060,6,10,3,10
2025-03-03,SKU0060,4,0,3,9
2025-03-10,SKU0060,0,0,3,13
2025-03-17,SKU0060,0,14,3,15
2025-03-24,SKU0060,0,0,3,10
2025-03-31,SKU0060,10,1,3,9
2025-04-07,SKU0060,4,0,3,9
2025-04-14,SKU0060,0,0,3,12
2025-04-21,SKU0060,0,0,3,14
2025-04-28,SKU0060,0,0,3,11
2025-05-05,SKU0060,0,0,3,11
2025-05-12,SKU0060,0,19,3,9
2025-05-19,SKU0060,10,1,3,9
2025-05-26,SKU0060,14,4,3,9
2025-06-02,SKU0060,5,0,3,14
2025-06-09,SKU0060,0,0,3,10
2025-06-16,SKU0060,0,6,3,11
2025-06-23,SKU0060,0,0,3,14
2025-06-30,SKU0060,0,0,3,11
2025-07-07,SKU0060,0,0,3,10
2025-07-14,SKU0060,0,0,3,17
2025-07-21,SKU0060,0,0,3,9
2025-07-28,SKU0060,14,4,3,14
2025-08-04,SKU0060,12,0,3,9
2025-08-11,SKU0060,23,3,3,9
2025-08-18,SKU0060,19,0,3,9
2025-08-25,SKU0060,10,0,3,13
2025-09-01,SKU0060,4,0,3,10
2025-09-08,SKU0060,0,0,3,13
2025-09-15,SKU0060,0,0,3,17
2025-09-22,SKU0060,0,0,3,16
2025-09-29,SKU0060,13,4,3,12
2025-10-06,SKU0060,5,0,3,13
2025-10-13,SKU0060,0,0,3,16
2025-10-20,SKU0060,0,0,3,13
2025-10-27,SKU0060,11,3,3,9
2025-11-03,SKU0060,0,0,3,23
2025-11-10,SKU0060,0,0,3,16
2025-11-17,SKU0060,0,0,3,18
2025-11-24,SKU0060,0,0,3,13
2025-12-01,SKU0060,0,23,3,13
2025-12-08,SKU0060,0,0,3,15
2025-12-15,SKU0060,0,0,3,14
2025-12-22,SKU0060,0,10,3,12
2025-12-29,SKU0060,0,10,3,10
2024-01-01,SKU0061,45,0,14,92
2024-01-08,SKU0061,35,0,14,33
2024-01-15,SKU0061,21,0,14,45
2024-01-22,SKU0061,2,26,14,67
2024-01-29,SKU0061,0,0,14,71
2024-02-05,SKU0061,0,0,14,48
2024-02-12,SKU0061,0,0,14,59
2024-02-19,SKU0061,0,0,14,71
2024-02-26,SKU0061,39,4,14,62
2024-03-04,SKU0061,15,0,14,86
2024-03-11,SKU0061,0,0,14,89
2024-03-18,SKU0061,0,0,14,100
2024-03-25,SKU0061,23,3,14,78
2024-04-01,SKU0061,0,0,14,95
2024-04-08,SKU0061,0,54,14,91
2024-04-15,SKU0061,0,0,14,94
2024-04-22,SKU0061,0,0,14,64
2024-04-29,SKU0061,0,0,14,36
2024-05-06,SKU0061,0,0,14,93
2024-05-13,SKU0061,0,0,14,67
2024-05-20,SKU0061,27,5,14,60
2024-05-27,SKU0061,0,0,14,84
2024-06-03,SKU0061,0,0,14,57
2024-06-10,SKU0061,0,0,14,58
2024-06-17,SKU0061,0,29,14,69
2024-06-24,SKU0061,0,0,14,100
2024-07-01,SKU0061,0,32,14,91
2024-07-08,SKU0061,85,7,14,117
2024-07-15,SKU0061,64,0,14,74
2024-07-22,SKU0061,47,0,14,58
2024-07-29,SKU0061,75,3,14,86
2024-08-05,SKU0061,52,0,14,91
2024-08-12,SKU0061,25,0,14,89
2024-08-19,SKU0061,29,2,14,87
2024-08-26,SKU0061,61,13,14,93
2024-09-02,SKU0061,37,0,14,94
2024-09-09,SKU0061,17,0,14,70
2024-09-16,SKU0061,0,0,14,99
2024-09-23,SKU0061,0,55,14,79
2024-09-30,SKU0061,0,0,14,88
2024-10-07,SKU0061,0,63,14,80
2024-10-14,SKU0061,0,0,14,105
2024-10-21,SKU0061,0,44,14,124
2024-10-28,SKU0061,0,0,14,112
2024-11-04,SKU0061,0,0,14,103
2024-11-11,SKU0061,0,0,14,88
2024-11-18,SKU0061,0,0,14,119
2024-11-25,SKU0061,0,0,14,152
2024-12-02,SKU0061,62,12,14,96
2024-12-09,SKU0061,92,4,14,126
2024-12-16,SKU0061,54,0,14,145
2024-12-23,SKU0061,36,0,14,64
2024-12-30,SKU0061,6,0,14,110
2025-01-06,SKU0061,39,3,14,56
2025-01-13,SKU0061,25,0,14,43
2025-01-20,SKU0061,9,0,14,51
2025-01-27,SKU0061,0,0,14,85
2025-02-03,SKU0061,0,0,14,100
2025-02-10,SKU0061,0,51,14,53
2025-02-17,SKU0061,37,8,14,84
2025-02-24,SKU0061,20,0,14,59
2025-03-03,SKU0061,0,71,14,99
2025-03-10,SKU0061,28,6,14,62
2025-03-17,SKU0061,4,41,14,79
2025-03-24,SKU0061,0,0,14,87
2025-03-31,SKU0061,0,0,14,89
2025-04-07,SKU0061,34,5,14,75
2025-04-14,SKU0061,13,0,14,69
2025-04-21,SKU0061,0,0,14,101
2025-04-28,SKU0061,0,0,14,76
2025-05-05,SKU0061,0,0,14,113
2025-05-12,SKU0061,77,1,14,92
2025-05-19,SKU0061,53,0,14,73
2025-05-26,SKU0061,26,30,14,82
2025-06-02,SKU0061,40,9,14,92
2025-06-09,SKU0061,13,0,14,78
2025-06-16,SKU0061,21,6,14,74
2025-06-23,SKU0061,0,0,14,88
2025-06-30,SKU0061,0,66,14,110
2025-07-07,SKU0061,0,0,14,119
2025-07-14,SKU0061,0,33,14,63
2025-07-21,SKU0061,0,0,14,60
2025-07-28,SKU0061,0,0,14,82
2025-08-04,SKU0061,64,12,14,90
2025-08-11,SKU0061,96,4,14,60
2025-08-18,SKU0061,65,73,14,117
2025-08-25,SKU0061,35,0,14,111
2025-09-01,SKU0061,9,0,14,94
2025-09-08,SKU0061,0,0,14,48
2025-09-15,SKU0061,0,0,14,84
2025-09-22,SKU0061,0,0,14,89
2025-09-29,SKU0061,0,0,14,112
2025-10-06,SKU0061,0,0,14,87
2025-10-13,SKU0061,0,0,14,107
2025-10-20,SKU0061,0,0,14,126
2025-10-27,SKU0061,0,0,14,137
2025-11-03,SKU0061,61,10,14,122
2025-11-10,SKU0061,81,1,14,115
2025-11-17,SKU0061,59,0,14,77
2025-11-24,SKU0061,72,21,14,119
2025-12-01,SKU0061,35,0,14,119
2025-12-08,SKU0061,11,0,14,99
2025-12-15,SKU0061,0,0,14,115
2025-12-22,SKU0061,0,35,14,79
2025-12-29,SKU0061,36,15,14,54
2024-01-01,SKU0062,687,0,4,133
2024-01-08,SKU0062,619,0,4,107
2024-01-15,SKU0062,553,0,4,105
2024-01-22,SKU0062,482,0,4,118
2024-01-29,SKU0062,408,0,4,142
2024-02-05,SKU0062,327,205,4,142
2024-02-12,SKU0062,238,0,4,153
2024-02-19,SKU0062,154,180,4,145
2024-02-26,SKU0062,80,0,4,115
2024-03-04,SKU0062,198,25,4,116
2024-03-11,SKU0062,95,0,4,170
2024-03-18,SKU0062,0,0,4,169
2024-03-25,SKU0062,0,180,4,136
2024-04-01,SKU0062,0,0,4,152
2024-04-08,SKU0062,145,3,4,137
2024-04-15,SKU0062,54,159,4,148
2024-04-22,SKU0062,0,0,4,127
2024-04-29,SKU0062,0,0,4,156
2024-05-06,SKU0062,0,122,4,149
2024-05-13,SKU0062,0,0,4,159
2024-05-20,SKU0062,0,0,4,169
2024-05-27,SKU0062,0,0,4,182
2024-06-03,SKU0062,0,0,4,169
2024-06-10,SKU0062,0,0,4,171
2024-06-17,SKU0062,0,0,4,154
2024-06-24,SKU0062,0,275,4,181
2024-07-01,SKU0062,0,0,4,188
2024-07-08,SKU0062,176,69,4,214
2024-07-15,SKU0062,91,0,4,151
2024-07-22,SKU0062,0,0,4,207
2024-07-29,SKU0062,144,15,4,131
2024-08-05,SKU0062,58,0,4,169
2024-08-12,SKU0062,0,0,4,180
2024-08-19,SKU0062,0,0,4,212
2024-08-26,SKU0062,0,217,4,177
2024-09-02,SKU0062,0,0,4,157
2024-09-09,SKU0062,0,120,4,130
2024-09-16,SKU0062,0,0,4,186
2024-09-23,SKU0062,0,0,4,182
2024-09-30,SKU0062,0,0,4,181
2024-10-07,SKU0062,0,0,4,192
2024-10-14,SKU0062,0,0,4,156
2024-10-21,SKU0062,0,0,4,261
2024-10-28,SKU0062,0,0,4,266
2024-11-04,SKU0062,0,0,4,181
2024-11-11,SKU0062,0,0,4,182
2024-11-18,SKU0062,286,40,4,209
2024-11-25,SKU0062,155,0,4,260
2024-12-02,SKU0062,149,20,4,222
2024-12-09,SKU0062,0,0,4,275
2024-12-16,SKU0062,0,0,4,233
2024-12-23,SKU0062,0,0,4,204
2024-12-30,SKU0062,155,13,4,187
2025-01-06,SKU0062,308,15,4,144
2025-01-13,SKU0062,230,0,4,154
2025-01-20,SKU0062,139,0,4,159
2025-01-27,SKU0062,195,4,4,117
2025-02-03,SKU0062,369,24,4,172
2025-02-10,SKU0062,499,3,4,145
2025-02-17,SKU0062,410,148,4,124
2025-02-24,SKU0062,523,4,4,152
2025-03-03,SKU0062,444,0,4,155
2025-03-10,SKU0062,553,39,4,142
2025-03-17,SKU0062,422,0,4,224
2025-03-24,SKU0062,312,0,4,191
2025-03-31,SKU0062,193,0,4,218
2025-04-07,SKU0062,90,0,4,169
2025-04-14,SKU0062,222,55,4,183
2025-04-21,SKU0062,239,1,4,184
2025-04-28,SKU0062,284,45,4,147
2025-05-05,SKU0062,188,0,4,187
2025-05-12,SKU0062,87,0,4,186
2025-05-19,SKU0062,0,196,4,202
2025-05-26,SKU0062,0,0,4,173
2025-06-02,SKU0062,0,0,4,161
2025-06-09,SKU0062,154,44,4,178
2025-06-16,SKU0062,31,0,4,198
2025-06-23,SKU0062,108,24,4,133
2025-06-30,SKU0062,0,0,4,181
2025-07-07,SKU0062,0,300,4,231
2025-07-14,SKU0062,158,10,4,191
2025-07-21,SKU0062,71,0,4,160
2025-07-28,SKU0062,0,0,4,209
2025-08-04,SKU0062,0,0,4,183
2025-08-11,SKU0062,0,0,4,180
2025-08-18,SKU0062,0,214,4,161
2025-08-25,SKU0062,0,0,4,158
2025-09-01,SKU0062,0,0,4,180
2025-09-08,SKU0062,224,82,4,166
2025-09-15,SKU0062,124,0,4,186
2025-09-22,SKU0062,28,0,4,155
2025-09-29,SKU0062,0,0,4,165
2025-10-06,SKU0062,0,0,4,182
2025-10-13,SKU0062,397,6,4,252
2025-10-20,SKU0062,256,0,4,290
2025-10-27,SKU0062,89,299,4,272
2025-11-03,SKU0062,355,1,4,284
2025-11-10,SKU0062,231,0,4,271
2025-11-17,SKU0062,63,0,4,254
2025-11-24,SKU0062,517,36,4,288
2025-12-01,SKU0062,438,236,4,149
2025-12-08,SKU0062,303,0,4,231
2025-12-15,SKU0062,166,0,4,254
2025-12-22,SKU0062,41,0,4,213
2025-12-29,SKU0062,0,0,4,104
2024-01-01,SKU0063,71,1,6,26
2024-01-08,SKU0063,55,0,6,31
2024-01-15,SKU0063,43,0,6,27
2024-01-22,SKU0063,29,17,6,31
2024-01-29,SKU0063,17,0,6,26
2024-02-05,SKU0063,7,0,6,21
2024-02-12,SKU0063,0,0,6,29
2024-02-19,SKU0063,0,24,6,35
2024-02-26,SKU0063,0,24,6,20
2024-03-04,SKU0063,39,9,6,42
2024-03-11,SKU0063,14,45,6,53
2024-03-18,SKU0063,72,12,6,61
2024-03-25,SKU0063,73,4,6,23
2024-04-01,SKU0063,50,0,6,43
2024-04-08,SKU0063,27,0,6,44
2024-04-15,SKU0063,49,14,6,40
2024-04-22,SKU0063,30,0,6,37
2024-04-29,SKU0063,5,0,6,52
2024-05-06,SKU0063,0,0,6,38
2024-05-13,SKU0063,0,0,6,45
2024-05-20,SKU0063,0,0,6,24
2024-05-27,SKU0063,0,0,6,34
2024-06-03,SKU0063,30,2,6,39
2024-06-10,SKU0063,43,7,6,28
2024-06-17,SKU0063,29,0,6,27
2024-06-24,SKU0063,14,0,6,30
2024-07-01,SKU0063,0,77,6,55
2024-07-08,SKU0063,0,0,6,51
2024-07-15,SKU0063,0,0,6,29
2024-07-22,SKU0063,23,1,6,43
2024-07-29,SKU0063,2,40,6,41
2024-08-05,SKU0063,0,20,6,36
2024-08-12,SKU0063,0,35,6,31
2024-08-19,SKU0063,0,0,6,45
2024-08-26,SKU0063,0,0,6,52
2024-09-02,SKU0063,0,0,6,27
2024-09-09,SKU0063,0,0,6,70
2024-09-16,SKU0063,0,0,6,39
2024-09-23,SKU0063,0,0,6,38
2024-09-30,SKU0063,16,7,6,27
2024-10-07,SKU0063,0,0,6,53
2024-10-14,SKU0063,0,0,6,48
2024-10-21,SKU0063,0,0,6,47
2024-10-28,SKU0063,40,9,6,41
2024-11-04,SKU0063,46,3,6,38
2024-11-11,SKU0063,23,76,6,56
2024-11-18,SKU0063,5,0,6,44
2024-11-25,SKU0063,69,20,6,61
2024-12-02,SKU0063,37,61,6,61
2024-12-09,SKU0063,14,0,6,43
2024-12-16,SKU0063,0,27,6,39
2024-12-23,SKU0063,0,0,6,76
2024-12-30,SKU0063,0,0,6,33
2025-01-06,SKU0063,0,45,6,39
2025-01-13,SKU0063,0,0,6,37
2025-01-20,SKU0063,0,0,6,46
2025-01-27,SKU0063,0,0,6,43
2025-02-03,SKU0063,0,0,6,35
2025-02-10,SKU0063,0,0,6,38
2025-02-17,SKU0063,0,17,6,28
2025-02-24,SKU0063,0,0,6,42
2025-03-03,SKU0063,0,0,6,49
2025-03-10,SKU0063,0,41,6,37
2025-03-17,SKU0063,38,2,6,50
2025-03-24,SKU0063,22,0,6,33
2025-03-31,SKU0063,3,0,6,48
2025-04-07,SKU0063,0,51,6,39
2025-04-14,SKU0063,0,0,6,37
2025-04-21,SKU0063,0,0,6,41
2025-04-28,SKU0063,0,0,6,45
2025-05-05,SKU0063,0,43,6,28
2025-05-12,SKU0063,0,0,6,22
2025-05-19,SKU0063,0,23,6,34
2025-05-26,SKU0063,0,0,6,55
2025-06-02,SKU0063,0,0,6,39
2025-06-09,SKU0063,0,0,6,26
2025-06-16,SKU0063,0,0,6,32
2025-06-23,SKU0063,0,0,6,41
2025-06-30,SKU0063,0,0,6,23
2025-07-07,SKU0063,0,0,6,37
2025-07-14,SKU0063,0,0,6,42
2025-07-21,SKU0063,0,0,6,37
2025-07-28,SKU0063,44,17,6,49
2025-08-04,SKU0063,31,0,6,25
2025-08-11,SKU0063,9,0,6,45
2025-08-18,SKU0063,0,0,6,47
2025-08-25,SKU0063,0,0,6,62
2025-09-01,SKU0063,0,89,6,61
2025-09-08,SKU0063,27,3,6,46
2025-09-15,SKU0063,51,9,6,57
2025-09-22,SKU0063,35,19,6,37
2025-09-29,SKU0063,49,1,6,35
2025-10-06,SKU0063,27,0,6,47
2025-10-13,SKU0063,50,4,6,48
2025-10-20,SKU0063,69,10,6,44
2025-10-27,SKU0063,40,0,6,67
2025-11-03,SKU0063,9,0,6,58
2025-11-10,SKU0063,0,0,6,53
2025-11-17,SKU0063,0,0,6,39
2025-11-24,SKU0063,0,0,6,70
2025-12-01,SKU0063,42,15,6,41
2025-12-08,SKU0063,19,77,6,55
2025-12-15,SKU0063,0,27,6,48
2025-12-22,SKU0063,32,2,6,33
2025-12-29,SKU0063,23,0,6,16
2024-01-01,SKU0064,181,0,7,122
2024-01-08,SKU0064,129,154,7,101
2024-01-15,SKU0064,195,34,7,122
2024-01-22,SKU0064,145,149,7,133
2024-01-29,SKU0064,92,152,7,116
2024-02-05,SKU0064,40,0,7,114
2024-02-12,SKU0064,0,0,7,152
2024-02-19,SKU0064,0,0,7,156
2024-02-26,SKU0064,0,0,7,96
2024-03-04,SKU0064,0,0,7,112
2024-03-11,SKU0064,0,0,7,129
2024-03-18,SKU0064,0,0,7,202
2024-03-25,SKU0064,0,0,7,182
2024-04-01,SKU0064,168,55,7,154
2024-04-08,SKU0064,191,18,7,163
2024-04-15,SKU0064,129,0,7,139
2024-04-22,SKU0064,77,0,7,126
2024-04-29,SKU0064,8,0,7,166
2024-05-06,SKU0064,0,0,7,137
2024-05-13,SKU0064,0,0,7,193
2024-05-20,SKU0064,0,0,7,183
2024-05-27,SKU0064,117,41,7,169
2024-06-03,SKU0064,165,22,7,136
2024-06-10,SKU0064,104,76,7,117
2024-06-17,SKU0064,31,0,7,171
2024-06-24,SKU0064,0,0,7,129
2024-07-01,SKU0064,0,0,7,220
2024-07-08,SKU0064,0,0,7,167
2024-07-15,SKU0064,243,24,7,208
2024-07-22,SKU0064,177,0,7,159
2024-07-29,SKU0064,190,36,7,153
2024-08-05,SKU0064,103,0,7,177
2024-08-12,SKU0064,33,0,7,136
2024-08-19,SKU0064,0,0,7,195
2024-08-26,SKU0064,0,191,7,144
2024-09-02,SKU0064,0,0,7,162
2024-09-09,SKU0064,0,0,7,151
2024-09-16,SKU0064,0,0,7,154
2024-09-23,SKU0064,161,62,7,153
2024-09-30,SKU0064,234,6,7,162
2024-10-07,SKU0064,270,12,7,223
2024-10-14,SKU0064,176,175,7,229
2024-10-21,SKU0064,94,0,7,218
2024-10-28,SKU0064,0,0,7,292
2024-11-04,SKU0064,0,283,7,252
2024-11-11,SKU0064,0,199,7,208
2024-11-18,SKU0064,0,0,7,193
2024-11-25,SKU0064,101,40,7,281
2024-12-02,SKU0064,9,147,7,204
2024-12-09,SKU0064,181,9,7,239
2024-12-16,SKU0064,107,0,7,156
2024-12-23,SKU0064,21,0,7,179
2024-12-30,SKU0064,0,101,7,159
2025-01-06,SKU0064,0,0,7,126
2025-01-13,SKU0064,0,0,7,138
2025-01-20,SKU0064,0,0,7,153
2025-01-27,SKU0064,0,0,7,136
2025-02-03,SKU0064,0,184,7,151
2025-02-10,SKU0064,0,0,7,167
2025-02-17,SKU0064,0,0,7,157
2025-02-24,SKU0064,0,0,7,138
2025-03-03,SKU0064,0,0,7,138
2025-03-10,SKU0064,88,5,7,188
2025-03-17,SKU0064,2,228,7,210
2025-03-24,SKU0064,0,116,7,129
2025-03-31,SKU0064,0,219,7,162
2025-04-07,SKU0064,0,205,7,171
2025-04-14,SKU0064,176,76,7,196
2025-04-21,SKU0064,100,0,7,157
2025-04-28,SKU0064,26,0,7,202
2025-05-05,SKU0064,0,0,7,177
2025-05-12,SKU0064,0,0,7,199
2025-05-19,SKU0064,0,0,7,183
2025-05-26,SKU0064,0,171,7,181
2025-06-02,SKU0064,152,26,7,155
2025-06-09,SKU0064,93,0,7,147
2025-06-16,SKU0064,14,0,7,182
2025-06-23,SKU0064,0,0,7,169
2025-06-30,SKU0064,0,0,7,299
2025-07-07,SKU0064,248,4,7,199
2025-07-14,SKU0064,191,0,7,144
2025-07-21,SKU0064,117,0,7,139
2025-07-28,SKU0064,38,0,7,199
2025-08-04,SKU0064,0,0,7,168
2025-08-11,SKU0064,0,0,7,177
2025-08-18,SKU0064,0,0,7,139
2025-08-25,SKU0064,0,0,7,208
2025-09-01,SKU0064,145,24,7,144
2025-09-08,SKU0064,180,5,7,178
2025-09-15,SKU0064,192,18,7,159
2025-09-22,SKU0064,119,0,7,170
2025-09-29,SKU0064,37,0,7,187
2025-10-06,SKU0064,0,0,7,150
2025-10-13,SKU0064,0,0,7,278
2025-10-20,SKU0064,0,0,7,248
2025-10-27,SKU0064,0,0,7,261
2025-11-03,SKU0064,0,0,7,227
2025-11-10,SKU0064,0,0,7,216
2025-11-17,SKU0064,0,0,7,239
2025-11-24,SKU0064,0,0,7,247
2025-12-01,SKU0064,0,0,7,206
2025-12-08,SKU0064,0,241,7,232
2025-12-15,SKU0064,0,0,7,225
2025-12-22,SKU0064,0,0,7,238
2025-12-29,SKU0064,0,0,7,111
2024-01-01,SKU0065,35,0,11,42
2024-01-08,SKU0065,12,0,11,79
2024-01-15,SKU0065,0,48,11,44
2024-01-22,SKU0065,0,0,11,61
2024-01-29,SKU0065,0,0,11,54
2024-02-05,SKU0065,27,4,11,48
2024-02-12,SKU0065,5,0,11,66
2024-02-19,SKU0065,0,0,11,52
2024-02-26,SKU0065,0,0,11,66
2024-03-04,SKU0065,0,60,11,82
2024-03-11,SKU0065,0,27,11,55
2024-03-18,SKU0065,0,0,11,90
2024-03-25,SKU0065,0,0,11,45
2024-04-01,SKU0065,0,0,11,45
2024-04-08,SKU0065,0,0,11,46
2024-04-15,SKU0065,25,4,11,61
2024-04-22,SKU0065,42,16,11,78
2024-04-29,SKU0065,22,0,11,52
2024-05-06,SKU0065,4,0,11,51
2024-05-13,SKU0065,0,0,11,74
2024-05-20,SKU0065,0,30,11,71
2024-05-27,SKU0065,0,0,11,79
2024-06-03,SKU0065,0,0,11,67
2024-06-10,SKU0065,22,5,11,58
2024-06-17,SKU0065,53,11,11,62
2024-06-24,SKU0065,95,16,11,87
2024-07-01,SKU0065,63,46,11,102
2024-07-08,SKU0065,34,0,11,97
2024-07-15,SKU0065,40,6,11,33
2024-07-22,SKU0065,16,0,11,76
2024-07-29,SKU0065,0,0,11,81
2024-08-05,SKU0065,0,0,11,64
2024-08-12,SKU0065,0,0,11,68
2024-08-19,SKU0065,0,0,11,91
2024-08-26,SKU0065,0,0,11,76
2024-09-02,SKU0065,28,4,11,59
2024-09-09,SKU0065,9,0,11,56
2024-09-16,SKU0065,0,23,11,52
2024-09-23,SKU0065,0,0,11,44
2024-09-30,SKU0065,0,76,11,78
2024-10-07,SKU0065,0,0,11,80
2024-10-14,SKU0065,0,0,11,77
2024-10-21,SKU0065,0,0,11,97
2024-10-28,SKU0065,55,1,11,85
2024-11-04,SKU0065,28,58,11,75
2024-11-11,SKU0065,30,7,11,58
2024-11-18,SKU0065,45,4,11,81
2024-11-25,SKU0065,0,0,11,128
2024-12-02,SKU0065,0,0,11,77
2024-12-09,SKU0065,0,0,11,103
2024-12-16,SKU0065,0,0,11,120
2024-12-23,SKU0065,0,0,11,97
2024-12-30,SKU0065,0,0,11,55
2025-01-06,SKU0065,0,0,11,68
2025-01-13,SKU0065,0,0,11,58
2025-01-20,SKU0065,0,0,11,54
2025-01-27,SKU0065,0,0,11,63
2025-02-03,SKU0065,44,8,11,58
2025-02-10,SKU0065,17,0,11,78
2025-02-17,SKU0065,0,25,11,48
2025-02-24,SKU0065,41,1,11,45
2025-03-03,SKU0065,26,28,11,35
2025-03-10,SKU0065,5,0,11,66
2025-03-17,SKU0065,0,97,11,91
2025-03-24,SKU0065,0,0,11,86
2025-03-31,SKU0065,36,4,11,75
2025-04-07,SKU0065,65,6,11,46
2025-04-14,SKU0065,40,51,11,65
2025-04-21,SKU0065,80,7,11,77
2025-04-28,SKU0065,48,41,11,93
2025-05-05,SKU0065,26,0,11,68
2025-05-12,SKU0065,0,0,11,82
2025-05-19,SKU0065,0,0,11,81
2025-05-26,SKU0065,0,0,11,62
2025-06-02,SKU0065,53,6,11,79
2025-06-09,SKU0065,26,0,11,80
2025-06-16,SKU0065,0,0,11,92
2025-06-23,SKU0065,0,0,11,66
2025-06-30,SKU0065,0,0,11,109
2025-07-07,SKU0065,0,0,11,84
2025-07-14,SKU0065,29,1,11,52
2025-07-21,SKU0065,0,0,11,103
2025-07-28,SKU0065,58,8,11,70
2025-08-04,SKU0065,41,62,11,60
2025-08-11,SKU0065,3,0,11,99
2025-08-18,SKU0065,0,0,11,63
2025-08-25,SKU0065,19,8,11,57
2025-09-01,SKU0065,1,0,11,51
2025-09-08,SKU0065,0,0,11,86
2025-09-15,SKU0065,0,0,11,60
2025-09-22,SKU0065,0,0,11,102
2025-09-29,SKU0065,0,0,11,85
2025-10-06,SKU0065,0,0,11,51
2025-10-13,SKU0065,0,0,11,78
2025-10-20,SKU0065,0,0,11,107
2025-10-27,SKU0065,0,58,11,118
2025-11-03,SKU0065,0,0,11,129
2025-11-10,SKU0065,69,25,11,81
2025-11-17,SKU0065,39,0,11,99
2025-11-24,SKU0065,3,0,11,108
2025-12-01,SKU0065,0,0,11,106
2025-12-08,SKU0065,68,5,11,76
2025-12-15,SKU0065,34,0,11,101
2025-12-22,SKU0065,12,0,11,68
2025-12-29,SKU0065,0,0,11,30
2024-01-01,SKU0066,336,0,12,77
2024-01-08,SKU0066,332,5,12,110
2024-01-15,SKU0066,302,0,12,105
2024-01-22,SKU0066,270,0,12,99
2024-01-29,SKU0066,227,0,12,126
2024-02-05,SKU0066,192,0,12,108
2024-02-12,SKU0066,152,0,12,126
2024-02-19,SKU0066,126,0,12,91
2024-02-26,SKU0066,84,0,12,104
2024-03-04,SKU0066,32,0,12,134
2024-03-11,SKU0066,0,0,12,131
2024-03-18,SKU0066,0,0,12,216
2024-03-25,SKU0066,0,102,12,141
2024-04-01,SKU0066,0,0,12,160
2024-04-08,SKU0066,0,111,12,138
2024-04-15,SKU0066,0,0,12,178
2024-04-22,SKU0066,0,0,12,107
2024-04-29,SKU0066,0,0,12,154
2024-05-06,SKU0066,0,0,12,142
2024-05-13,SKU0066,0,0,12,162
2024-05-20,SKU0066,0,0,12,112
2024-05-27,SKU0066,96,26,12,126
2024-06-03,SKU0066,59,85,12,119
2024-06-10,SKU0066,18,0,12,115
2024-06-17,SKU0066,0,0,12,152
2024-06-24,SKU0066,0,0,12,144
2024-07-01,SKU0066,0,0,12,148
2024-07-08,SKU0066,0,0,12,157
2024-07-15,SKU0066,0,0,12,110
2024-07-22,SKU0066,0,0,12,135
2024-07-29,SKU0066,74,15,12,168
2024-08-05,SKU0066,17,0,12,143
2024-08-12,SKU0066,0,0,12,142
2024-08-19,SKU0066,94,14,12,119
2024-08-26,SKU0066,113,2,12,83
2024-09-02,SKU0066,73,0,12,145
2024-09-09,SKU0066,24,0,12,144
2024-09-16,SKU0066,0,0,12,131
2024-09-23,SKU0066,0,83,12,109
2024-09-30,SKU0066,0,0,12,124
2024-10-07,SKU0066,51,20,12,131
2024-10-14,SKU0066,0,0,12,170
2024-10-21,SKU0066,0,0,12,182
2024-10-28,SKU0066,189,20,12,231
2024-11-04,SKU0066,259,35,12,180
2024-11-11,SKU0066,195,0,12,188
2024-11-18,SKU0066,146,0,12,185
2024-11-25,SKU0066,139,9,12,153
2024-12-02,SKU0066,65,0,12,215
2024-12-09,SKU0066,4,0,12,168
2024-12-16,SKU0066,129,48,12,192
2024-12-23,SKU0066,71,0,12,180
2024-12-30,SKU0066,37,0,12,113
2025-01-06,SKU0066,2,0,12,115
2025-01-13,SKU0066,0,0,12,119
2025-01-20,SKU0066,0,0,12,115
2025-01-27,SKU0066,0,0,12,136
2025-02-03,SKU0066,0,0,12,142
2025-02-10,SKU0066,0,115,12,118
2025-02-17,SKU0066,0,0,12,106
2025-02-24,SKU0066,0,0,12,117
2025-03-03,SKU0066,0,185,12,171
2025-03-10,SKU0066,0,0,12,157
2025-03-17,SKU0066,0,0,12,153
2025-03-24,SKU0066,0,0,12,118
2025-03-31,SKU0066,0,0,12,160
2025-04-07,SKU0066,0,0,12,113
2025-04-14,SKU0066,0,133,12,161
2025-04-21,SKU0066,0,0,12,142
2025-04-28,SKU0066,0,0,12,158
2025-05-05,SKU0066,0,0,12,124
2025-05-12,SKU0066,0,0,12,146
2025-05-19,SKU0066,111,6,12,119
2025-05-26,SKU0066,65,0,12,123
2025-06-02,SKU0066,19,0,12,134
2025-06-09,SKU0066,52,7,12,148
2025-06-16,SKU0066,8,51,12,131
2025-06-23,SKU0066,0,0,12,134
2025-06-30,SKU0066,0,0,12,176
2025-07-07,SKU0066,0,0,12,146
2025-07-14,SKU0066,0,0,12,128
2025-07-21,SKU0066,0,0,12,141
2025-07-28,SKU0066,0,0,12,132
2025-08-04,SKU0066,0,0,12,154
2025-08-11,SKU0066,0,157,12,174
2025-08-18,SKU0066,0,0,12,158
2025-08-25,SKU0066,158,31,12,204
2025-09-01,SKU0066,108,0,12,167
2025-09-08,SKU0066,151,13,12,152
2025-09-15,SKU0066,100,0,12,154
2025-09-22,SKU0066,43,0,12,167
2025-09-29,SKU0066,0,0,12,175
2025-10-06,SKU0066,0,0,12,135
2025-10-13,SKU0066,0,0,12,228
2025-10-20,SKU0066,0,0,12,241
2025-10-27,SKU0066,0,0,12,202
2025-11-03,SKU0066,0,0,12,224
2025-11-10,SKU0066,0,0,12,174
2025-11-17,SKU0066,0,230,12,197
2025-11-24,SKU0066,0,200,12,305
2025-12-01,SKU0066,0,0,12,205
2025-12-08,SKU0066,0,0,12,185
2025-12-15,SKU0066,137,26,12,187
2025-12-22,SKU0066,71,0,12,196
2025-12-29,SKU0066,32,0,12,107
2024-01-01,SKU0067,263,0,9,79
2024-01-08,SKU0067,232,0,9,83
2024-01-15,SKU0067,213,40,9,54
2024-01-22,SKU0067,182,0,9,74
2024-01-29,SKU0067,149,0,9,80
2024-02-05,SKU0067,125,0,9,67
2024-02-12,SKU0067,104,0,9,54
2024-02-19,SKU0067,61,0,9,104
2024-02-26,SKU0067,44,0,9,40
2024-03-04,SKU0067,11,0,9,77
2024-03-11,SKU0067,0,119,9,105
2024-03-18,SKU0067,0,0,9,85
2024-03-25,SKU0067,0,0,9,63
2024-04-01,SKU0067,0,39,9,64
2024-04-08,SKU0067,0,0,9,89
2024-04-15,SKU0067,0,0,9,90
2024-04-22,SKU0067,0,74,9,86
2024-04-29,SKU0067,0,117,9,96
2024-05-06,SKU0067,0,0,9,87
2024-05-13,SKU0067,0,73,9,71
2024-05-20,SKU0067,0,81,9,88
2024-05-27,SKU0067,0,0,9,134
2024-06-03,SKU0067,0,0,9,79
2024-06-10,SKU0067,0,0,9,79
2024-06-17,SKU0067,0,100,9,81
2024-06-24,SKU0067,56,22,9,74
2024-07-01,SKU0067,116,3,9,106
2024-07-08,SKU0067,70,0,9,110
2024-07-15,SKU0067,38,0,9,68
2024-07-22,SKU0067,2,0,9,101
2024-07-29,SKU0067,0,0,9,100
2024-08-05,SKU0067,0,0,9,113
2024-08-12,SKU0067,0,0,9,65
2024-08-19,SKU0067,0,0,9,84
2024-08-26,SKU0067,0,0,9,89
2024-09-02,SKU0067,0,0,9,102
2024-09-09,SKU0067,0,87,9,91
2024-09-16,SKU0067,0,0,9,91
2024-09-23,SKU0067,0,0,9,95
2024-09-30,SKU0067,91,8,9,94
2024-10-07,SKU0067,65,27,9,65
2024-10-14,SKU0067,27,96,9,80
2024-10-21,SKU0067,0,100,9,178
2024-10-28,SKU0067,0,0,9,132
2024-11-04,SKU0067,0,0,9,132
2024-11-11,SKU0067,0,0,9,116
2024-11-18,SKU0067,82,24,9,99
2024-11-25,SKU0067,26,116,9,115
2024-12-02,SKU0067,0,0,9,113
2024-12-09,SKU0067,0,0,9,100
2024-12-16,SKU0067,54,11,9,135
2024-12-23,SKU0067,0,0,9,118
2024-12-30,SKU0067,0,0,9,85
2025-01-06,SKU0067,0,0,9,115
2025-01-13,SKU0067,0,0,9,49
2025-01-20,SKU0067,0,58,9,94
2025-01-27,SKU0067,0,0,9,88
2025-02-03,SKU0067,40,11,9,84
2025-02-10,SKU0067,71,9,9,70
2025-02-17,SKU0067,47,0,9,75
2025-02-24,SKU0067,22,0,9,55
2025-03-03,SKU0067,65,23,9,69
2025-03-10,SKU0067,116,16,9,89
2025-03-17,SKU0067,77,0,9,98
2025-03-24,SKU0067,34,0,9,129
2025-03-31,SKU0067,0,0,9,98
2025-04-07,SKU0067,76,1,9,93
2025-04-14,SKU0067,29,123,9,121
2025-04-21,SKU0067,0,0,9,102
2025-04-28,SKU0067,0,0,9,78
2025-05-05,SKU0067,0,59,9,87
2025-05-12,SKU0067,0,0,9,97
2025-05-19,SKU0067,0,0,9,99
2025-05-26,SKU0067,0,0,9,79
2025-06-02,SKU0067,0,0,9,92
2025-06-09,SKU0067,0,0,9,135
2025-06-16,SKU0067,0,0,9,108
2025-06-23,SKU0067,0,90,9,84
2025-06-30,SKU0067,0,0,9,143
2025-07-07,SKU0067,0,0,9,109
2025-07-14,SKU0067,82,14,9,93
2025-07-21,SKU0067,89,11,9,119
2025-07-28,SKU0067,53,0,9,101
2025-08-04,SKU0067,129,6,9,113
2025-08-11,SKU0067,187,19,9,98
2025-08-18,SKU0067,151,0,9,84
2025-08-25,SKU0067,173,13,9,103
2025-09-01,SKU0067,140,95,9,89
2025-09-08,SKU0067,103,0,9,101
2025-09-15,SKU0067,66,0,9,103
2025-09-22,SKU0067,14,0,9,157
2025-09-29,SKU0067,0,70,9,117
2025-10-06,SKU0067,0,0,9,70
2025-10-13,SKU0067,0,119,9,134
2025-10-20,SKU0067,0,142,9,116
2025-10-27,SKU0067,0,0,9,122
2025-11-03,SKU0067,0,117,9,158
2025-11-10,SKU0067,0,0,9,107
2025-11-17,SKU0067,0,0,9,88
2025-11-24,SKU0067,0,0,9,160
2025-12-01,SKU0067,0,0,9,104
2025-12-08,SKU0067,65,4,9,127
2025-12-15,SKU0067,104,14,9,79
2025-12-22,SKU0067,48,0,9,144
2025-12-29,SKU0067,74,6,9,66
2024-01-01,SKU0068,36,0,5,15
2024-01-08,SKU0068,26,0,5,21
2024-01-15,SKU0068,13,0,5,20
2024-01-22,SKU0068,31,1,5,19
2024-01-29,SKU0068,31,1,5,12
2024-02-05,SKU0068,26,7,5,13
2024-02-12,SKU0068,19,0,5,11
2024-02-19,SKU0068,10,0,5,17
2024-02-26,SKU0068,2,20,5,13
2024-03-04,SKU0068,0,30,5,21
2024-03-11,SKU0068,0,0,5,20
2024-03-18,SKU0068,0,0,5,26
2024-03-25,SKU0068,0,0,5,13
2024-04-01,SKU0068,0,31,5,22
2024-04-08,SKU0068,0,0,5,13
2024-04-15,SKU0068,0,0,5,20
2024-04-22,SKU0068,0,0,5,14
2024-04-29,SKU0068,11,4,5,18
2024-05-06,SKU0068,5,0,5,13
2024-05-13,SKU0068,2,0,5,11
2024-05-20,SKU0068,13,4,5,15
2024-05-27,SKU0068,7,0,5,11
2024-06-03,SKU0068,0,0,5,25
2024-06-10,SKU0068,0,0,5,11
2024-06-17,SKU0068,0,8,5,15
2024-06-24,SKU0068,0,0,5,20
2024-07-01,SKU0068,0,0,5,30
2024-07-08,SKU0068,0,0,5,17
2024-07-15,SKU0068,0,0,5,11
2024-07-22,SKU0068,0,0,5,14
2024-07-29,SKU0068,0,0,5,16
2024-08-05,SKU0068,9,2,5,14
2024-08-12,SKU0068,0,0,5,27
2024-08-19,SKU0068,0,0,5,13
2024-08-26,SKU0068,0,0,5,25
2024-09-02,SKU0068,18,3,5,20
2024-09-09,SKU0068,6,0,5,24
2024-09-16,SKU0068,2,0,5,10
2024-09-23,SKU0068,0,0,5,14
2024-09-30,SKU0068,13,2,5,18
2024-10-07,SKU0068,0,0,5,34
2024-10-14,SKU0068,0,50,5,29
2024-10-21,SKU0068,0,0,5,24
2024-10-28,SKU0068,0,0,5,24
2024-11-04,SKU0068,0,0,5,24
2024-11-11,SKU0068,0,0,5,24
2024-11-18,SKU0068,0,0,5,29
2024-11-25,SKU0068,0,0,5,16
2024-12-02,SKU0068,19,5,5,17
2024-12-09,SKU0068,2,44,5,27
2024-12-16,SKU0068,0,0,5,12
2024-12-23,SKU0068,0,16,5,25
2024-12-30,SKU0068,0,0,5,12
2025-01-06,SKU0068,0,0,5,13
2025-01-13,SKU0068,0,0,5,11
2025-01-20,SKU0068,0,0,5,28
2025-01-27,SKU0068,0,0,5,12
2025-02-03,SKU0068,0,0,5,14
2025-02-10,SKU0068,29,7,5,26
2025-02-17,SKU0068,24,0,5,13
2025-02-24,SKU0068,13,0,5,21
2025-03-03,SKU0068,4,0,5,16
2025-03-10,SKU0068,14,2,5,18
2025-03-17,SKU0068,0,18,5,32
2025-03-24,SKU0068,26,3,5,22
2025-03-31,SKU0068,14,0,5,26
2025-04-07,SKU0068,4,0,5,18
2025-04-14,SKU0068,0,0,5,29
2025-04-21,SKU0068,0,20,5,33
2025-04-28,SKU0068,0,0,5,12
2025-05-05,SKU0068,0,0,5,11
2025-05-12,SKU0068,0,0,5,16
2025-05-19,SKU0068,0,27,5,26
2025-05-26,SKU0068,0,0,5,29
2025-06-02,SKU0068,0,0,5,27
2025-06-09,SKU0068,0,0,5,21
2025-06-16,SKU0068,0,13,5,20
2025-06-23,SKU0068,14,3,5,14
2025-06-30,SKU0068,0,0,5,24
2025-07-07,SKU0068,0,14,5,11
2025-07-14,SKU0068,0,0,5,22
2025-07-21,SKU0068,0,0,5,18
2025-07-28,SKU0068,0,13,5,12
2025-08-04,SKU0068,0,0,5,21
2025-08-11,SKU0068,10,4,5,20
2025-08-18,SKU0068,7,0,5,11
2025-08-25,SKU0068,14,4,5,16
2025-09-01,SKU0068,3,0,5,20
2025-09-08,SKU0068,0,0,5,14
2025-09-15,SKU0068,0,0,5,15
2025-09-22,SKU0068,0,0,5,12
2025-09-29,SKU0068,0,0,5,27
2025-10-06,SKU0068,0,0,5,21
2025-10-13,SKU0068,0,0,5,18
2025-10-20,SKU0068,0,0,5,24
2025-10-27,SKU0068,0,0,5,27
2025-11-03,SKU0068,0,0,5,21
2025-11-10,SKU0068,0,16,5,19
2025-11-17,SKU0068,0,0,5,26
2025-11-24,SKU0068,0,0,5,46
2025-12-01,SKU0068,17,1,5,13
2025-12-08,SKU0068,21,2,5,14
2025-12-15,SKU0068,24,1,5,24
2025-12-22,SKU0068,42,9,5,25
2025-12-29,SKU0068,34,0,5,16
2024-01-01,SKU0069,311,0,4,34
2024-01-08,SKU0069,280,0,4,59
2024-01-15,SKU0069,317,8,4,53
2024-01-22,SKU0069,282,0,4,74
2024-01-29,SKU0069,250,0,4,51
2024-02-05,SKU0069,228,0,4,38
2024-02-12,SKU0069,196,96,4,53
2024-02-19,SKU0069,223,19,4,46
2024-02-26,SKU0069,243,16,4,50
2024-03-04,SKU0069,211,97,4,56
2024-03-11,SKU0069,170,92,4,69
2024-03-18,SKU0069,129,0,4,76
2024-03-25,SKU0069,91,0,4,76
2024-04-01,SKU0069,141,18,4,62
2024-04-08,SKU0069,106,79,4,67
2024-04-15,SKU0069,72,0,4,71
2024-04-22,SKU0069,42,0,4,59
2024-04-29,SKU0069,0,124,4,89
2024-05-06,SKU0069,0,0,4,82
2024-05-13,SKU0069,0,0,4,85
2024-05-20,SKU0069,82,2,4,64
2024-05-27,SKU0069,117,12,4,71
2024-06-03,SKU0069,89,0,4,55
2024-06-10,SKU0069,50,0,4,65
2024-06-17,SKU0069,14,0,4,75
2024-06-24,SKU0069,0,0,4,64
2024-07-01,SKU0069,0,0,4,100
2024-07-08,SKU0069,42,13,4,84
2024-07-15,SKU0069,12,0,4,53
2024-07-22,SKU0069,0,0,4,68
2024-07-29,SKU0069,0,0,4,76
2024-08-05,SKU0069,0,81,4,70
2024-08-12,SKU0069,0,82,4,59
2024-08-19,SKU0069,0,0,4,68
2024-08-26,SKU0069,0,0,4,82
2024-09-02,SKU0069,60,25,4,67
2024-09-09,SKU0069,58,11,4,59
2024-09-16,SKU0069,24,49,4,63
2024-09-23,SKU0069,96,4,4,76
2024-09-30,SKU0069,60,0,4,80
2024-10-07,SKU0069,21,0,4,65
2024-10-14,SKU0069,0,0,4,90
2024-10-21,SKU0069,0,0,4,85
2024-10-28,SKU0069,0,147,4,99
2024-11-04,SKU0069,0,0,4,65
2024-11-11,SKU0069,0,57,4,81
2024-11-18,SKU0069,96,36,4,78
2024-11-25,SKU0069,44,0,4,85
2024-12-02,SKU0069,0,0,4,79
2024-12-09,SKU0069,0,0,4,118
2024-12-16,SKU0069,0,60,4,69
2024-12-23,SKU0069,0,0,4,115
2024-12-30,SKU0069,0,0,4,64
2025-01-06,SKU0069,0,0,4,46
2025-01-13,SKU0069,39,2,4,46
2025-01-20,SKU0069,2,0,4,62
2025-01-27,SKU0069,0,0,4,49
2025-02-03,SKU0069,0,0,4,58
2025-02-10,SKU0069,0,0,4,62
2025-02-17,SKU0069,0,0,4,59
2025-02-24,SKU0069,0,0,4,49
2025-03-03,SKU0069,0,0,4,78
2025-03-10,SKU0069,0,103,4,75
2025-03-17,SKU0069,97,16,4,112
2025-03-24,SKU0069,62,0,4,72
2025-03-31,SKU0069,24,0,4,54
2025-04-07,SKU0069,0,0,4,68
2025-04-14,SKU0069,0,0,4,57
2025-04-21,SKU0069,0,0,4,56
2025-04-28,SKU0069,0,0,4,67
2025-05-05,SKU0069,0,42,4,73
2025-05-12,SKU0069,0,0,4,59
2025-05-19,SKU0069,0,0,4,60
2025-05-26,SKU0069,41,14,4,69
2025-06-02,SKU0069,0,0,4,80
2025-06-09,SKU0069,0,0,4,68
2025-06-16,SKU0069,0,0,4,40
2025-06-23,SKU0069,0,0,4,70
2025-06-30,SKU0069,0,0,4,90
2025-07-07,SKU0069,0,0,4,85
2025-07-14,SKU0069,0,0,4,68
2025-07-21,SKU0069,0,0,4,51
2025-07-28,SKU0069,0,0,4,75
2025-08-04,SKU0069,0,0,4,100
2025-08-11,SKU0069,71,22,4,82
2025-08-18,SKU0069,149,26,4,90
2025-08-25,SKU0069,209,37,4,88
2025-09-01,SKU0069,162,0,4,80
2025-09-08,SKU0069,118,62,4,60
2025-09-15,SKU0069,154,1,4,53
2025-09-22,SKU0069,124,0,4,48
2025-09-29,SKU0069,143,14,4,85
2025-10-06,SKU0069,150,7,4,76
2025-10-13,SKU0069,76,0,4,106
2025-10-20,SKU0069,9,110,4,111
2025-10-27,SKU0069,0,0,4,97
2025-11-03,SKU0069,0,65,4,94
2025-11-10,SKU0069,91,8,4,85
2025-11-17,SKU0069,30,0,4,108
2025-11-24,SKU0069,0,92,4,96
2025-12-01,SKU0069,125,3,4,96
2025-12-08,SKU0069,83,0,4,76
2025-12-15,SKU0069,4,0,4,151
2025-12-22,SKU0069,0,0,4,103
2025-12-29,SKU0069,56,3,4,37
2024-01-01,SKU0070,41,0,10,18
2024-01-08,SKU0070,31,0,10,28
2024-01-15,SKU0070,21,0,10,29
2024-01-22,SKU0070,4,0,10,52
2024-01-29,SKU0070,21,1,10,18
2024-02-05,SKU0070,6,0,10,39
2024-02-12,SKU0070,0,0,10,37
2024-02-19,SKU0070,24,5,10,48
2024-02-26,SKU0070,14,0,10,30
2024-03-04,SKU0070,0,34,10,37
2024-03-11,SKU0070,0,0,10,43
2024-03-18,SKU0070,0,0,10,50
2024-03-25,SKU0070,0,0,10,40
2024-04-01,SKU0070,0,0,10,33
2024-04-08,SKU0070,0,0,10,52
2024-04-15,SKU0070,0,0,10,23
2024-04-22,SKU0070,0,0,10,50
2024-04-29,SKU0070,45,17,10,50
2024-05-06,SKU0070,22,0,10,62
2024-05-13,SKU0070,8,36,10,31
2024-05-20,SKU0070,0,0,10,41
2024-05-27,SKU0070,26,6,10,34
2024-06-03,SKU0070,13,0,10,32
2024-06-10,SKU0070,15,7,10,41
2024-06-17,SKU0070,3,0,10,36
2024-06-24,SKU0070,0,0,10,22
2024-07-01,SKU0070,0,44,10,51
2024-07-08,SKU0070,0,0,10,39
2024-07-15,SKU0070,36,5,10,36
2024-07-22,SKU0070,21,0,10,33
2024-07-29,SKU0070,21,6,10,44
2024-08-05,SKU0070,8,0,10,40
2024-08-12,SKU0070,0,22,10,46
2024-08-19,SKU0070,0,0,10,50
2024-08-26,SKU0070,0,0,10,37
2024-09-02,SKU0070,0,0,10,37
2024-09-09,SKU0070,30,2,10,40
2024-09-16,SKU0070,29,4,10,40
2024-09-23,SKU0070,10,48,10,44
2024-09-30,SKU0070,0,0,10,29
2024-10-07,SKU0070,0,78,10,69
2024-10-14,SKU0070,61,13,10,69
2024-10-21,SKU0070,30,0,10,67
2024-10-28,SKU0070,3,0,10,75
2024-11-04,SKU0070,29,1,10,51
2024-11-11,SKU0070,16,0,10,32
2024-11-18,SKU0070,0,0,10,71
2024-11-25,SKU0070,0,0,10,32
2024-12-02,SKU0070,44,2,10,52
2024-12-09,SKU0070,23,0,10,63
2024-12-16,SKU0070,45,3,10,58
2024-12-23,SKU0070,28,0,10,61
2024-12-30,SKU0070,4,0,10,65
2025-01-06,SKU0070,47,8,10,47
2025-01-13,SKU0070,36,0,10,36
2025-01-20,SKU0070,22,26,10,39
2025-01-27,SKU0070,31,12,10,45
2025-02-03,SKU0070,21,14,10,27
2025-02-10,SKU0070,5,0,10,41
2025-02-17,SKU0070,0,0,10,56
2025-02-24,SKU0070,14,4,10,39
2025-03-03,SKU0070,21,9,10,44
2025-03-10,SKU0070,4,0,10,46
2025-03-17,SKU0070,0,0,10,45
2025-03-24,SKU0070,40,3,10,52
2025-03-31,SKU0070,21,27,10,52
2025-04-07,SKU0070,21,3,10,53
2025-04-14,SKU0070,10,19,10,37
2025-04-21,SKU0070,0,30,10,44
2025-04-28,SKU0070,0,0,10,47
2025-05-05,SKU0070,0,0,10,49
2025-05-12,SKU0070,0,0,10,48
2025-05-19,SKU0070,0,0,10,60
2025-05-26,SKU0070,0,0,10,54
2025-06-02,SKU0070,0,0,10,36
2025-06-09,SKU0070,30,6,10,70
2025-06-16,SKU0070,15,0,10,42
2025-06-23,SKU0070,0,0,10,50
2025-06-30,SKU0070,0,0,10,62
2025-07-07,SKU0070,0,0,10,60
2025-07-14,SKU0070,0,0,10,31
2025-07-21,SKU0070,0,0,10,53
2025-07-28,SKU0070,39,13,10,59
2025-08-04,SKU0070,21,0,10,48
2025-08-11,SKU0070,9,20,10,31
2025-08-18,SKU0070,0,0,10,57
2025-08-25,SKU0070,0,0,10,30
2025-09-01,SKU0070,0,0,10,38
2025-09-08,SKU0070,0,0,10,37
2025-09-15,SKU0070,0,0,10,43
2025-09-22,SKU0070,0,0,10,49
2025-09-29,SKU0070,31,12,10,68
2025-10-06,SKU0070,18,0,10,33
2025-10-13,SKU0070,51,11,10,88
2025-10-20,SKU0070,32,0,10,48
2025-10-27,SKU0070,10,33,10,62
2025-11-03,SKU0070,0,0,10,51
2025-11-10,SKU0070,43,2,10,39
2025-11-17,SKU0070,18,0,10,71
2025-11-24,SKU0070,0,0,10,77
2025-12-01,SKU0070,29,1,10,81
2025-12-08,SKU0070,3,0,10,77
2025-12-15,SKU0070,0,0,10,78
2025-12-22,SKU0070,0,0,10,79
2025-12-29,SKU0070,0,0,10,27
2024-01-01,SKU0071,136,52,7,39
2024-01-08,SKU0071,169,3,7,52
2024-01-15,SKU0071,143,0,7,56
2024-01-22,SKU0071,189,10,7,65
2024-01-29,SKU0071,164,0,7,66
2024-02-05,SKU0071,213,22,7,82
2024-02-12,SKU0071,189,41,7,47
2024-02-19,SKU0071,160,0,7,74
2024-02-26,SKU0071,126,0,7,74
2024-03-04,SKU0071,150,3,7,60
2024-03-11,SKU0071,185,14,7,83
2024-03-18,SKU0071,151,0,7,76
2024-03-25,SKU0071,132,0,7,40
2024-04-01,SKU0071,160,15,7,53
2024-04-08,SKU0071,134,0,7,60
2024-04-15,SKU0071,106,0,7,68
2024-04-22,SKU0071,76,0,7,71
2024-04-29,SKU0071,49,0,7,53
2024-05-06,SKU0071,16,0,7,61
2024-05-13,SKU0071,0,0,7,48
2024-05-20,SKU0071,0,35,7,33
2024-05-27,SKU0071,55,3,7,59
2024-06-03,SKU0071,27,0,7,53
2024-06-10,SKU0071,29,7,7,64
2024-06-17,SKU0071,0,0,7,69
2024-06-24,SKU0071,0,55,7,72
2024-07-01,SKU0071,0,0,7,110
2024-07-08,SKU0071,0,84,7,68
2024-07-15,SKU0071,37,10,7,61
2024-07-22,SKU0071,6,0,7,60
2024-07-29,SKU0071,0,0,7,72
2024-08-05,SKU0071,60,4,7,54
2024-08-12,SKU0071,25,0,7,79
2024-08-19,SKU0071,6,0,7,47
2024-08-26,SKU0071,55,22,7,56
2024-09-02,SKU0071,52,4,7,52
2024-09-09,SKU0071,18,0,7,79
2024-09-16,SKU0071,0,0,7,54
2024-09-23,SKU0071,0,22,7,42
2024-09-30,SKU0071,0,0,7,73
2024-10-07,SKU0071,0,0,7,85
2024-10-14,SKU0071,48,12,7,61
2024-10-21,SKU0071,7,0,7,90
2024-10-28,SKU0071,0,0,7,92
2024-11-04,SKU0071,55,9,7,60
2024-11-11,SKU0071,24,71,7,58
2024-11-18,SKU0071,59,11,7,65
2024-11-25,SKU0071,153,6,7,126
2024-12-02,SKU0071,119,83,7,82
2024-12-09,SKU0071,72,0,7,92
2024-12-16,SKU0071,26,0,7,109
2024-12-23,SKU0071,0,0,7,90
2024-12-30,SKU0071,0,53,7,72
2025-01-06,SKU0071,0,0,7,42
2025-01-13,SKU0071,43,7,7,60
2025-01-20,SKU0071,13,0,7,64
2025-01-27,SKU0071,0,0,7,67
2025-02-03,SKU0071,0,0,7,42
2025-02-10,SKU0071,0,0,7,69
2025-02-17,SKU0071,0,39,7,59
2025-02-24,SKU0071,35,1,7,52
2025-03-03,SKU0071,8,0,7,51
2025-03-10,SKU0071,26,7,7,57
2025-03-17,SKU0071,0,0,7,91
2025-03-24,SKU0071,36,15,7,69
2025-03-31,SKU0071,8,0,7,55
2025-04-07,SKU0071,0,0,7,50
2025-04-14,SKU0071,0,0,7,70
2025-04-21,SKU0071,0,0,7,56
2025-04-28,SKU0071,0,59,7,63
2025-05-05,SKU0071,0,0,7,70
2025-05-12,SKU0071,0,0,7,81
2025-05-19,SKU0071,31,14,7,57
2025-05-26,SKU0071,6,0,7,51
2025-06-02,SKU0071,0,0,7,52
2025-06-09,SKU0071,0,106,7,75
2025-06-16,SKU0071,0,0,7,103
2025-06-23,SKU0071,0,0,7,55
2025-06-30,SKU0071,0,0,7,96
2025-07-07,SKU0071,0,0,7,126
2025-07-14,SKU0071,0,0,7,76
2025-07-21,SKU0071,0,0,7,66
2025-07-28,SKU0071,0,0,7,79
2025-08-04,SKU0071,0,0,7,75
2025-08-11,SKU0071,0,0,7,78
2025-08-18,SKU0071,0,50,7,100
2025-08-25,SKU0071,0,0,7,63
2025-09-01,SKU0071,0,109,7,91
2025-09-08,SKU0071,0,84,7,88
2025-09-15,SKU0071,30,11,7,68
2025-09-22,SKU0071,0,102,7,81
2025-09-29,SKU0071,44,18,7,76
2025-10-06,SKU0071,6,0,7,81
2025-10-13,SKU0071,34,12,7,74
2025-10-20,SKU0071,75,3,7,98
2025-10-27,SKU0071,22,0,7,119
2025-11-03,SKU0071,0,0,7,108
2025-11-10,SKU0071,0,0,7,102
2025-11-17,SKU0071,0,0,7,78
2025-11-24,SKU0071,0,0,7,145
2025-12-01,SKU0071,0,0,7,76
2025-12-08,SKU0071,0,0,7,112
2025-12-15,SKU0071,0,0,7,131
2025-12-22,SKU0071,0,0,7,93
2025-12-29,SKU0071,0,0,7,42
2024-01-01,SKU0072,147,0,9,52
2024-01-08,SKU0072,113,0,9,88
2024-01-15,SKU0072,87,0,9,62
2024-01-22,SKU0072,61,0,9,63
2024-01-29,SKU0072,92,9,9,94
2024-02-05,SKU0072,60,0,9,92
2024-02-12,SKU0072,39,0,9,65
2024-02-19,SKU0072,0,0,9,95
2024-02-26,SKU0072,0,0,9,93
2024-03-04,SKU0072,0,76,9,79
2024-03-11,SKU0072,0,0,9,94
2024-03-18,SKU0072,0,167,9,141
2024-03-25,SKU0072,0,0,9,99
2024-04-01,SKU0072,53,18,9,89
2024-04-08,SKU0072,6,109,9,102
2024-04-15,SKU0072,0,115,9,99
2024-04-22,SKU0072,0,0,9,91
2024-04-29,SKU0072,0,0,9,74
2024-05-06,SKU0072,0,0,9,102
2024-05-13,SKU0072,0,0,9,93
2024-05-20,SKU0072,60,10,9,99
2024-05-27,SKU0072,21,0,9,117
2024-06-03,SKU0072,0,0,9,57
2024-06-10,SKU0072,0,0,9,70
2024-06-17,SKU0072,0,69,9,120
2024-06-24,SKU0072,0,0,9,107
2024-07-01,SKU0072,69,3,9,120
2024-07-08,SKU0072,19,0,9,133
2024-07-15,SKU0072,0,44,9,82
2024-07-22,SKU0072,0,0,9,91
2024-07-29,SKU0072,0,0,9,80
2024-08-05,SKU0072,0,0,9,90
2024-08-12,SKU0072,0,0,9,70
2024-08-19,SKU0072,0,0,9,96
2024-08-26,SKU0072,0,0,9,110
2024-09-02,SKU0072,0,0,9,118
2024-09-09,SKU0072,0,0,9,94
2024-09-16,SKU0072,0,0,9,95
2024-09-23,SKU0072,51,7,9,130
2024-09-30,SKU0072,92,9,9,77
2024-10-07,SKU0072,52,102,9,114
2024-10-14,SKU0072,23,0,9,84
2024-10-21,SKU0072,0,0,9,165
2024-10-28,SKU0072,0,0,9,204
2024-11-04,SKU0072,0,0,9,117
2024-11-11,SKU0072,93,25,9,111
2024-11-18,SKU0072,43,89,9,144
2024-11-25,SKU0072,0,200,9,183
2024-12-02,SKU0072,111,39,9,127
2024-12-09,SKU0072,69,0,9,115
2024-12-16,SKU0072,109,14,9,129
2024-12-23,SKU0072,50,0,9,186
2024-12-30,SKU0072,13,0,9,103
2025-01-06,SKU0072,0,0,9,98
2025-01-13,SKU0072,0,0,9,85
2025-01-20,SKU0072,0,0,9,61
2025-01-27,SKU0072,106,26,9,121
2025-02-03,SKU0072,76,95,9,69
2025-02-10,SKU0072,40,0,9,94
2025-02-17,SKU0072,68,24,9,109
2025-02-24,SKU0072,27,0,9,91
2025-03-03,SKU0072,53,5,9,78
2025-03-10,SKU0072,0,0,9,135
2025-03-17,SKU0072,0,135,9,114
2025-03-24,SKU0072,0,0,9,113
2025-03-31,SKU0072,0,52,9,69
2025-04-07,SKU0072,0,0,9,104
2025-04-14,SKU0072,0,0,9,107
2025-04-21,SKU0072,0,59,9,92
2025-04-28,SKU0072,0,0,9,131
2025-05-05,SKU0072,0,0,9,113
2025-05-12,SKU0072,66,22,9,84
2025-05-19,SKU0072,26,0,9,100
2025-05-26,SKU0072,0,0,9,115
2025-06-02,SKU0072,96,5,9,87
2025-06-09,SKU0072,61,0,9,98
2025-06-16,SKU0072,11,0,9,141
2025-06-23,SKU0072,0,72,9,67
2025-06-30,SKU0072,0,0,9,113
2025-07-07,SKU0072,0,0,9,133
2025-07-14,SKU0072,98,7,9,122
2025-07-21,SKU0072,77,0,9,55
2025-07-28,SKU0072,39,0,9,97
2025-08-04,SKU0072,6,0,9,78
2025-08-11,SKU0072,61,22,9,103
2025-08-18,SKU0072,168,1,9,137
2025-08-25,SKU0072,130,0,9,98
2025-09-01,SKU0072,87,50,9,109
2025-09-08,SKU0072,30,0,9,153
2025-09-15,SKU0072,0,0,9,133
2025-09-22,SKU0072,0,0,9,129
2025-09-29,SKU0072,0,0,9,90
2025-10-06,SKU0072,0,0,9,113
2025-10-13,SKU0072,0,0,9,152
2025-10-20,SKU0072,95,5,9,164
2025-10-27,SKU0072,24,0,9,169
2025-11-03,SKU0072,0,0,9,187
2025-11-10,SKU0072,0,0,9,135
2025-11-17,SKU0072,0,0,9,131
2025-11-24,SKU0072,0,104,9,187
2025-12-01,SKU0072,0,0,9,135
2025-12-08,SKU0072,144,26,9,169
2025-12-15,SKU0072,101,0,9,119
2025-12-22,SKU0072,36,0,9,172
2025-12-29,SKU0072,16,23,9,56
2024-01-01,SKU0073,17,0,10,21
2024-01-08,SKU0073,20,2,10,19
2024-01-15,SKU0073,17,0,10,19
2024-01-22,SKU0073,9,0,10,22
2024-01-29,SKU0073,27,4,10,35
2024-02-05,SKU0073,30,2,10,17
2024-02-12,SKU0073,21,0,10,25
2024-02-19,SKU0073,23,1,10,18
2024-02-26,SKU0073,16,0,10,18
2024-03-04,SKU0073,14,0,10,16
2024-03-11,SKU0073,4,0,10,29
2024-03-18,SKU0073,18,3,10,22
2024-03-25,SKU0073,15,0,10,19
2024-04-01,SKU0073,12,0,10,18
2024-04-08,SKU0073,8,0,10,16
2024-04-15,SKU0073,0,0,10,36
2024-04-22,SKU0073,0,0,10,16
2024-04-29,SKU0073,0,0,10,23
2024-05-06,SKU0073,0,0,10,29
2024-05-13,SKU0073,0,0,10,20
2024-05-20,SKU0073,0,7,10,16
2024-05-27,SKU0073,0,0,10,30
2024-06-03,SKU0073,0,0,10,22
2024-06-10,SKU0073,0,0,10,16
2024-06-17,SKU0073,0,0,10,17
2024-06-24,SKU0073,16,1,10,16
2024-07-01,SKU0073,7,0,10,23
2024-07-08,SKU0073,0,18,10,26
2024-07-15,SKU0073,0,0,10,15
2024-07-22,SKU0073,0,10,10,18
2024-07-29,SKU0073,0,12,10,19
2024-08-05,SKU0073,0,0,10,22
2024-08-12,SKU0073,7,1,10,18
2024-08-19,SKU0073,7,3,10,19
2024-08-26,SKU0073,0,0,10,24
2024-09-02,SKU0073,0,0,10,19
2024-09-09,SKU0073,0,0,10,19
2024-09-16,SKU0073,12,2,10,18
2024-09-23,SKU0073,10,0,10,18
2024-09-30,SKU0073,11,1,10,16
2024-10-07,SKU0073,7,0,10,16
2024-10-14,SKU0073,0,0,10,20
2024-10-21,SKU0073,10,1,10,25
2024-10-28,SKU0073,2,0,10,26
2024-11-04,SKU0073,13,4,10,18
2024-11-11,SKU0073,0,0,10,33
2024-11-18,SKU0073,0,0,10,21
2024-11-25,SKU0073,0,0,10,20
2024-12-02,SKU0073,14,5,10,26
2024-12-09,SKU0073,4,0,10,29
2024-12-16,SKU0073,0,0,10,38
2024-12-23,SKU0073,11,4,10,31
2024-12-30,SKU0073,8,0,10,17
2025-01-06,SKU0073,4,0,10,19
2025-01-13,SKU0073,0,22,10,25
2025-01-20,SKU0073,0,8,10,18
2025-01-27,SKU0073,0,0,10,16
2025-02-03,SKU0073,0,0,10,19
2025-02-10,SKU0073,0,9,10,16
2025-02-17,SKU0073,0,0,10,18
2025-02-24,SKU0073,0,0,10,26
2025-03-03,SKU0073,0,0,10,17
2025-03-10,SKU0073,0,14,10,27
2025-03-17,SKU0073,14,6,10,17
2025-03-24,SKU0073,7,0,10,20
2025-03-31,SKU0073,1,0,10,20
2025-04-07,SKU0073,0,0,10,16
2025-04-14,SKU0073,0,0,10,28
2025-04-21,SKU0073,0,0,10,20
2025-04-28,SKU0073,0,0,10,28
2025-05-05,SKU0073,0,0,10,19
2025-05-12,SKU0073,0,18,10,20
2025-05-19,SKU0073,0,0,10,15
2025-05-26,SKU0073,0,16,10,16
2025-06-02,SKU0073,0,0,10,18
2025-06-09,SKU0073,0,0,10,41
2025-06-16,SKU0073,0,31,10,28
2025-06-23,SKU0073,0,0,10,29
2025-06-30,SKU0073,10,3,10,17
2025-07-07,SKU0073,3,0,10,17
2025-07-14,SKU0073,7,1,10,15
2025-07-21,SKU0073,0,0,10,21
2025-07-28,SKU0073,10,1,10,27
2025-08-04,SKU0073,8,8,10,15
2025-08-11,SKU0073,16,2,10,16
2025-08-18,SKU0073,13,0,10,18
2025-08-25,SKU0073,13,0,10,16
2025-09-01,SKU0073,7,0,10,15
2025-09-08,SKU0073,15,2,10,19
2025-09-15,SKU0073,9,0,10,16
2025-09-22,SKU0073,4,0,10,16
2025-09-29,SKU0073,0,0,10,16
2025-10-06,SKU0073,9,3,10,20
2025-10-13,SKU0073,0,0,10,31
2025-10-20,SKU0073,0,0,10,28
2025-10-27,SKU0073,12,3,10,24
2025-11-03,SKU0073,8,0,10,15
2025-11-10,SKU0073,0,0,10,29
2025-11-17,SKU0073,0,0,10,28
2025-11-24,SKU0073,0,0,10,37
2025-12-01,SKU0073,0,0,10,27
2025-12-08,SKU0073,0,0,10,16
2025-12-15,SKU0073,0,0,10,25
2025-12-22,SKU0073,13,4,10,23
2025-12-29,SKU0073,11,0,10,19
2024-01-01,SKU0074,36,75,12,90
2024-01-08,SKU0074,15,0,12,55
2024-01-15,SKU0074,0,0,12,70
2024-01-22,SKU0074,0,0,12,79
2024-01-29,SKU0074,45,5,12,91
2024-02-05,SKU0074,64,11,12,78
2024-02-12,SKU0074,40,0,12,70
2024-02-19,SKU0074,13,0,12,95
2024-02-26,SKU0074,0,0,12,63
2024-03-04,SKU0074,0,0,12,86
2024-03-11,SKU0074,0,0,12,64
2024-03-18,SKU0074,42,19,12,76
2024-03-25,SKU0074,48,10,12,62
2024-04-01,SKU0074,25,0,12,70
2024-04-08,SKU0074,3,0,12,67
2024-04-15,SKU0074,0,43,12,103
2024-04-22,SKU0074,0,66,12,79
2024-04-29,SKU0074,0,0,12,75
2024-05-06,SKU0074,0,0,12,100
2024-05-13,SKU0074,0,0,12,70
2024-05-20,SKU0074,0,0,12,69
2024-05-27,SKU0074,40,1,12,119
2024-06-03,SKU0074,9,0,12,90
2024-06-10,SKU0074,0,88,12,75
2024-06-17,SKU0074,50,6,12,65
2024-06-24,SKU0074,25,0,12,86
2024-07-01,SKU0074,2,58,12,79
2024-07-08,SKU0074,68,15,12,94
2024-07-15,SKU0074,43,70,12,64
2024-07-22,SKU0074,18,32,12,82
2024-07-29,SKU0074,0,48,12,91
2024-08-05,SKU0074,0,0,12,90
2024-08-12,SKU0074,0,0,12,102
2024-08-19,SKU0074,0,0,12,103
2024-08-26,SKU0074,0,55,12,70
2024-09-02,SKU0074,0,0,12,67
2024-09-09,SKU0074,41,7,12,68
2024-09-16,SKU0074,15,50,12,89
2024-09-23,SKU0074,49,16,12,75
2024-09-30,SKU0074,20,0,12,84
2024-10-07,SKU0074,0,0,12,93
2024-10-14,SKU0074,0,0,12,70
2024-10-21,SKU0074,0,0,12,117
2024-10-28,SKU0074,0,0,12,97
2024-11-04,SKU0074,0,67,12,90
2024-11-11,SKU0074,60,1,12,84
2024-11-18,SKU0074,35,0,12,64
2024-11-25,SKU0074,0,0,12,121
2024-12-02,SKU0074,112,13,12,151
2024-12-09,SKU0074,78,55,12,81
2024-12-16,SKU0074,34,0,12,122
2024-12-23,SKU0074,0,0,12,116
2024-12-30,SKU0074,0,0,12,82
2025-01-06,SKU0074,42,2,12,59
2025-01-13,SKU0074,13,0,12,95
2025-01-20,SKU0074,0,0,12,75
2025-01-27,SKU0074,0,0,12,70
2025-02-03,SKU0074,0,0,12,70
2025-02-10,SKU0074,0,0,12,101
2025-02-17,SKU0074,0,0,12,58
2025-02-24,SKU0074,0,0,12,61
2025-03-03,SKU0074,0,0,12,107
2025-03-10,SKU0074,47,2,12,69
2025-03-17,SKU0074,11,0,12,116
2025-03-24,SKU0074,0,0,12,66
2025-03-31,SKU0074,0,0,12,78
2025-04-07,SKU0074,63,3,12,98
2025-04-14,SKU0074,35,36,12,87
2025-04-21,SKU0074,13,51,12,71
2025-04-28,SKU0074,0,0,12,77
2025-05-05,SKU0074,0,0,12,95
2025-05-12,SKU0074,0,0,12,124
2025-05-19,SKU0074,0,0,12,105
2025-05-26,SKU0074,57,19,12,87
2025-06-02,SKU0074,98,14,12,103
2025-06-09,SKU0074,102,4,12,102
2025-06-16,SKU0074,91,11,12,89
2025-06-23,SKU0074,50,0,12,105
2025-06-30,SKU0074,8,0,12,142
2025-07-07,SKU0074,0,0,12,83
2025-07-14,SKU0074,43,15,12,107
2025-07-21,SKU0074,11,0,12,80
2025-07-28,SKU0074,0,0,12,85
2025-08-04,SKU0074,0,0,12,103
2025-08-11,SKU0074,67,6,12,76
2025-08-18,SKU0074,31,71,12,105
2025-08-25,SKU0074,64,2,12,76
2025-09-01,SKU0074,35,0,12,106
2025-09-08,SKU0074,10,0,12,78
2025-09-15,SKU0074,89,2,12,126
2025-09-22,SKU0074,53,0,12,106
2025-09-29,SKU0074,26,43,12,83
2025-10-06,SKU0074,10,37,12,39
2025-10-13,SKU0074,0,0,12,151
2025-10-20,SKU0074,0,0,12,118
2025-10-27,SKU0074,0,0,12,118
2025-11-03,SKU0074,77,7,12,132
2025-11-10,SKU0074,40,0,12,123
2025-11-17,SKU0074,0,0,12,107
2025-11-24,SKU0074,0,0,12,171
2025-12-01,SKU0074,0,0,12,117
2025-12-08,SKU0074,0,0,12,99
2025-12-15,SKU0074,0,0,12,107
2025-12-22,SKU0074,0,0,12,162
2025-12-29,SKU0074,0,0,12,64
2024-01-01,SKU0075,186,0,4,63
2024-01-08,SKU0075,155,0,4,61
2024-01-15,SKU0075,182,17,4,55
2024-01-22,SKU0075,226,17,4,50
2024-01-29,SKU0075,190,0,4,55
2024-02-05,SKU0075,234,29,4,74
2024-02-12,SKU0075,197,0,4,74
2024-02-19,SKU0075,237,7,4,50
2024-02-26,SKU0075,201,0,4,57
2024-03-04,SKU0075,171,0,4,60
2024-03-11,SKU0075,128,0,4,81
2024-03-18,SKU0075,70,109,4,103
2024-03-25,SKU0075,33,103,4,54
2024-04-01,SKU0075,0,0,4,78
2024-04-08,SKU0075,0,0,4,70
2024-04-15,SKU0075,0,0,4,71
2024-04-22,SKU0075,63,21,4,67
2024-04-29,SKU0075,10,0,4,94
2024-05-06,SKU0075,0,0,4,96
2024-05-13,SKU0075,0,0,4,59
2024-05-20,SKU0075,44,8,4,76
2024-05-27,SKU0075,104,8,4,109
2024-06-03,SKU0075,63,0,4,75
2024-06-10,SKU0075,17,0,4,80
2024-06-17,SKU0075,0,0,4,79
2024-06-24,SKU0075,0,0,4,81
2024-07-01,SKU0075,0,0,4,111
2024-07-08,SKU0075,0,0,4,85
2024-07-15,SKU0075,0,0,4,55
2024-07-22,SKU0075,0,0,4,55
2024-07-29,SKU0075,42,12,4,86
2024-08-05,SKU0075,3,0,4,67
2024-08-12,SKU0075,0,0,4,66
2024-08-19,SKU0075,0,0,4,79
2024-08-26,SKU0075,0,0,4,62
2024-09-02,SKU0075,0,0,4,83
2024-09-09,SKU0075,0,0,4,55
2024-09-16,SKU0075,0,0,4,73
2024-09-23,SKU0075,112,21,4,68
2024-09-30,SKU0075,52,144,4,97
2024-10-07,SKU0075,13,97,4,78
2024-10-14,SKU0075,0,0,4,77
2024-10-21,SKU0075,0,0,4,102
2024-10-28,SKU0075,171,20,4,129
2024-11-04,SKU0075,106,0,4,117
2024-11-11,SKU0075,49,0,4,111
2024-11-18,SKU0075,1,0,4,67
2024-11-25,SKU0075,0,0,4,149
2024-12-02,SKU0075,0,97,4,107
2024-12-09,SKU0075,0,0,4,108
2024-12-16,SKU0075,0,72,4,104
2024-12-23,SKU0075,0,0,4,109
2024-12-30,SKU0075,0,0,4,64
2025-01-06,SKU0075,0,0,4,70
2025-01-13,SKU0075,0,0,4,65
2025-01-20,SKU0075,0,0,4,50
2025-01-27,SKU0075,0,0,4,80
2025-02-03,SKU0075,0,0,4,56
2025-02-10,SKU0075,0,0,4,47
2025-02-17,SKU0075,0,62,4,78
2025-02-24,SKU0075,0,0,4,70
2025-03-03,SKU0075,0,96,4,81
2025-03-10,SKU0075,61,4,4,81
2025-03-17,SKU0075,0,0,4,123
2025-03-24,SKU0075,0,90,4,79
2025-03-31,SKU0075,0,0,4,62
2025-04-07,SKU0075,0,0,4,66
2025-04-14,SKU0075,0,0,4,77
2025-04-21,SKU0075,114,15,4,72
2025-04-28,SKU0075,163,6,4,93
2025-05-05,SKU0075,128,0,4,56
2025-05-12,SKU0075,81,0,4,66
2025-05-19,SKU0075,33,0,4,94
2025-05-26,SKU0075,70,13,4,74
2025-06-02,SKU0075,141,24,4,95
2025-06-09,SKU0075,93,0,4,80
2025-06-16,SKU0075,52,0,4,83
2025-06-23,SKU0075,11,0,4,77
2025-06-30,SKU0075,0,0,4,122
2025-07-07,SKU0075,92,1,4,109
2025-07-14,SKU0075,46,0,4,64
2025-07-21,SKU0075,80,13,4,62
2025-07-28,SKU0075,35,0,4,64
2025-08-04,SKU0075,0,0,4,92
2025-08-11,SKU0075,0,0,4,94
2025-08-18,SKU0075,0,0,4,98
2025-08-25,SKU0075,0,0,4,90
2025-09-01,SKU0075,0,0,4,75
2025-09-08,SKU0075,0,0,4,79
2025-09-15,SKU0075,41,14,4,89
2025-09-22,SKU0075,0,79,4,75
2025-09-29,SKU0075,0,72,4,89
2025-10-06,SKU0075,38,13,4,84
2025-10-13,SKU0075,0,0,4,104
2025-10-20,SKU0075,0,0,4,126
2025-10-27,SKU0075,0,0,4,111
2025-11-03,SKU0075,126,24,4,98
2025-11-10,SKU0075,62,0,4,115
2025-11-17,SKU0075,7,0,4,101
2025-11-24,SKU0075,0,0,4,135
2025-12-01,SKU0075,0,0,4,105
2025-12-08,SKU0075,180,17,4,104
2025-12-15,SKU0075,132,0,4,83
2025-12-22,SKU0075,67,0,4,97
2025-12-29,SKU0075,33,72,4,51
2024-01-01,SKU0076,38,0,14,46
2024-01-08,SKU0076,28,0,14,43
2024-01-15,SKU0076,27,5,14,41
2024-01-22,SKU0076,20,0,14,25
2024-01-29,SKU0076,6,0,14,41
2024-02-05,SKU0076,0,0,14,44
2024-02-12,SKU0076,29,2,14,47
2024-02-19,SKU0076,19,0,14,40
2024-02-26,SKU0076,0,0,14,63
2024-03-04,SKU0076,0,0,14,48
2024-03-11,SKU0076,0,28,14,54
2024-03-18,SKU0076,0,0,14,116
2024-03-25,SKU0076,0,0,14,36
2024-04-01,SKU0076,0,0,14,66
2024-04-08,SKU0076,0,0,14,69
2024-04-15,SKU0076,0,40,14,53
2024-04-22,SKU0076,33,4,14,46
2024-04-29,SKU0076,10,39,14,68
2024-05-06,SKU0076,0,28,14,53
2024-05-13,SKU0076,0,0,14,69
2024-05-20,SKU0076,0,0,14,47
2024-05-27,SKU0076,0,15,14,34
2024-06-03,SKU0076,0,41,14,39
2024-06-10,SKU0076,0,0,14,61
2024-06-17,SKU0076,0,17,14,38
2024-06-24,SKU0076,19,5,14,52
2024-07-01,SKU0076,0,0,14,64
2024-07-08,SKU0076,0,0,14,48
2024-07-15,SKU0076,0,19,14,49
2024-07-22,SKU0076,0,0,14,54
2024-07-29,SKU0076,0,0,14,51
2024-08-05,SKU0076,0,0,14,39
2024-08-12,SKU0076,0,0,14,85
2024-08-19,SKU0076,54,1,14,64
2024-08-26,SKU0076,67,4,14,69
2024-09-02,SKU0076,55,0,14,43
2024-09-09,SKU0076,39,0,14,46
2024-09-16,SKU0076,21,43,14,49
2024-09-23,SKU0076,4,44,14,53
2024-09-30,SKU0076,0,0,14,44
2024-10-07,SKU0076,0,0,14,77
2024-10-14,SKU0076,0,0,14,75
2024-10-21,SKU0076,0,0,14,99
2024-10-28,SKU0076,0,0,14,96
2024-11-04,SKU0076,0,47,14,74
2024-11-11,SKU0076,0,0,14,67
2024-11-18,SKU0076,0,0,14,57
2024-11-25,SKU0076,0,83,14,110
2024-12-02,SKU0076,0,53,14,73
2024-12-09,SKU0076,0,0,14,86
2024-12-16,SKU0076,0,0,14,55
2024-12-23,SKU0076,0,0,14,101
2024-12-30,SKU0076,0,0,14,52
2025-01-06,SKU0076,25,8,14,46
2025-01-13,SKU0076,0,0,14,114
2025-01-20,SKU0076,0,0,14,42
2025-01-27,SKU0076,0,0,14,58
2025-02-03,SKU0076,0,0,14,49
2025-02-10,SKU0076,0,0,14,33
2025-02-17,SKU0076,0,0,14,47
2025-02-24,SKU0076,15,5,14,53
2025-03-03,SKU0076,0,0,14,90
2025-03-10,SKU0076,22,3,14,47
2025-03-17,SKU0076,0,0,14,77
2025-03-24,SKU0076,0,0,14,44
2025-03-31,SKU0076,0,0,14,74
2025-04-07,SKU0076,0,0,14,99
2025-04-14,SKU0076,0,0,14,67
2025-04-21,SKU0076,0,0,14,53
2025-04-28,SKU0076,0,18,14,47
2025-05-05,SKU0076,25,6,14,58
2025-05-12,SKU0076,3,0,14,75
2025-05-19,SKU0076,0,0,14,63
2025-05-26,SKU0076,0,0,14,75
2025-06-02,SKU0076,45,4,14,86
2025-06-09,SKU0076,22,0,14,87
2025-06-16,SKU0076,9,0,14,44
2025-06-23,SKU0076,0,0,14,75
2025-06-30,SKU0076,0,16,14,51
2025-07-07,SKU0076,0,62,14,85
2025-07-14,SKU0076,0,0,14,61
2025-07-21,SKU0076,54,14,14,73
2025-07-28,SKU0076,42,30,14,43
2025-08-04,SKU0076,88,1,14,107
2025-08-11,SKU0076,109,2,14,71
2025-08-18,SKU0076,89,0,14,63
2025-08-25,SKU0076,71,0,14,69
2025-09-01,SKU0076,54,0,14,58
2025-09-08,SKU0076,81,12,14,74
2025-09-15,SKU0076,60,0,14,66
2025-09-22,SKU0076,42,19,14,60
2025-09-29,SKU0076,62,9,14,56
2025-10-06,SKU0076,45,0,14,59
2025-10-13,SKU0076,24,0,14,64
2025-10-20,SKU0076,0,0,14,95
2025-10-27,SKU0076,34,10,14,94
2025-11-03,SKU0076,0,0,14,132
2025-11-10,SKU0076,48,9,14,68
2025-11-17,SKU0076,27,45,14,67
2025-11-24,SKU0076,48,2,14,117
2025-12-01,SKU0076,19,0,14,95
2025-12-08,SKU0076,0,95,14,97
2025-12-15,SKU0076,0,0,14,82
2025-12-22,SKU0076,63,12,14,88
2025-12-29,SKU0076,57,0,14,24
2024-01-01,SKU0077,241,0,10,151
2024-01-08,SKU0077,191,145,10,150
2024-01-15,SKU0077,153,75,10,104
2024-01-22,SKU0077,109,0,10,122
2024-01-29,SKU0077,59,0,10,123
2024-02-05,SKU0077,22,0,10,109
2024-02-12,SKU0077,0,0,10,107
2024-02-19,SKU0077,0,0,10,87
2024-02-26,SKU0077,0,0,10,169
2024-03-04,SKU0077,0,164,10,129
2024-03-11,SKU0077,0,0,10,176
2024-03-18,SKU0077,113,21,10,184
2024-03-25,SKU0077,52,174,10,145
2024-04-01,SKU0077,0,138,10,121
2024-04-08,SKU0077,0,150,10,154
2024-04-15,SKU0077,0,0,10,109
2024-04-22,SKU0077,90,34,10,112
2024-04-29,SKU0077,31,0,10,150
2024-05-06,SKU0077,0,0,10,134
2024-05-13,SKU0077,0,145,10,141
2024-05-20,SKU0077,0,106,10,157
2024-05-27,SKU0077,0,0,10,149
2024-06-03,SKU0077,76,27,10,120
2024-06-10,SKU0077,24,0,10,119
2024-06-17,SKU0077,80,11,10,134
2024-06-24,SKU0077,38,0,10,114
2024-07-01,SKU0077,76,21,10,208
2024-07-08,SKU0077,8,121,10,211
2024-07-15,SKU0077,0,124,10,145
2024-07-22,SKU0077,0,0,10,152
2024-07-29,SKU0077,0,94,10,155
2024-08-05,SKU0077,0,0,10,176
2024-08-12,SKU0077,142,56,10,184
2024-08-19,SKU0077,82,200,10,161
2024-08-26,SKU0077,30,0,10,134
2024-09-02,SKU0077,0,0,10,156
2024-09-09,SKU0077,125,12,10,174
2024-09-16,SKU0077,76,0,10,162
2024-09-23,SKU0077,16,0,10,158
2024-09-30,SKU0077,0,0,10,185
2024-10-07,SKU0077,0,0,10,196
2024-10-14,SKU0077,0,0,10,151
2024-10-21,SKU0077,0,0,10,223
2024-10-28,SKU0077,0,0,10,265
2024-11-04,SKU0077,0,163,10,245
2024-11-11,SKU0077,0,0,10,240
2024-11-18,SKU0077,0,0,10,158
2024-11-25,SKU0077,168,47,10,273
2024-12-02,SKU0077,101,0,10,174
2024-12-09,SKU0077,25,0,10,216
2024-12-16,SKU0077,68,13,10,191
2024-12-23,SKU0077,0,0,10,185
2024-12-30,SKU0077,0,0,10,183
2025-01-06,SKU0077,0,0,10,117
2025-01-13,SKU0077,0,72,10,177
2025-01-20,SKU0077,0,0,10,154
2025-01-27,SKU0077,0,0,10,101
2025-02-03,SKU0077,0,71,10,123
2025-02-10,SKU0077,101,3,10,165
2025-02-17,SKU0077,36,0,10,194
2025-02-24,SKU0077,0,0,10,136
2025-03-03,SKU0077,74,2,10,163
2025-03-10,SKU0077,153,4,10,157
2025-03-17,SKU0077,66,0,10,244
2025-03-24,SKU0077,147,4,10,151
2025-03-31,SKU0077,88,0,10,174
2025-04-07,SKU0077,105,17,10,165
2025-04-14,SKU0077,57,64,10,144
2025-04-21,SKU0077,0,0,10,198
2025-04-28,SKU0077,0,92,10,145
2025-05-05,SKU0077,0,0,10,147
2025-05-12,SKU0077,70,5,10,180
2025-05-19,SKU0077,96,29,10,126
2025-05-26,SKU0077,120,13,10,179
2025-06-02,SKU0077,57,0,10,140
2025-06-09,SKU0077,7,0,10,123
2025-06-16,SKU0077,0,0,10,173
2025-06-23,SKU0077,0,0,10,138
2025-06-30,SKU0077,0,190,10,249
2025-07-07,SKU0077,177,26,10,208
2025-07-14,SKU0077,119,138,10,163
2025-07-21,SKU0077,55,0,10,155
2025-07-28,SKU0077,0,0,10,158
2025-08-04,SKU0077,0,170,10,205
2025-08-11,SKU0077,0,0,10,161
2025-08-18,SKU0077,0,0,10,208
2025-08-25,SKU0077,0,61,10,105
2025-09-01,SKU0077,0,0,10,191
2025-09-08,SKU0077,0,136,10,149
2025-09-15,SKU0077,0,0,10,153
2025-09-22,SKU0077,0,0,10,151
2025-09-29,SKU0077,0,0,10,178
2025-10-06,SKU0077,0,0,10,131
2025-10-13,SKU0077,0,0,10,208
2025-10-20,SKU0077,0,0,10,298
2025-10-27,SKU0077,0,0,10,276
2025-11-03,SKU0077,0,0,10,240
2025-11-10,SKU0077,0,0,10,226
2025-11-17,SKU0077,0,0,10,203
2025-11-24,SKU0077,260,6,10,259
2025-12-01,SKU0077,187,0,10,225
2025-12-08,SKU0077,96,0,10,265
2025-12-15,SKU0077,2,238,10,264
2025-12-22,SKU0077,0,224,10,249
2025-12-29,SKU0077,0,0,10,90
2024-01-01,SKU0078,197,129,6,119
2024-01-08,SKU0078,294,31,6,136
2024-01-15,SKU0078,231,0,6,119
2024-01-22,SKU0078,174,0,6,122
2024-01-29,SKU0078,117,61,6,102
2024-02-05,SKU0078,134,4,6,88
2024-02-12,SKU0078,64,0,6,148
2024-02-19,SKU0078,109,1,6,106
2024-02-26,SKU0078,61,0,6,88
2024-03-04,SKU0078,0,0,6,165
2024-03-11,SKU0078,0,242,6,167
2024-03-18,SKU0078,0,0,6,186
2024-03-25,SKU0078,132,39,6,166
2024-04-01,SKU0078,219,53,6,144
2024-04-08,SKU0078,294,16,6,130
2024-04-15,SKU0078,232,0,6,130
2024-04-22,SKU0078,179,0,6,114
2024-04-29,SKU0078,122,79,6,135
2024-05-06,SKU0078,49,0,6,176
2024-05-13,SKU0078,0,0,6,153
2024-05-20,SKU0078,0,78,6,147
2024-05-27,SKU0078,0,0,6,165
2024-06-03,SKU0078,0,0,6,128
2024-06-10,SKU0078,0,221,6,154
2024-06-17,SKU0078,0,0,6,103
2024-06-24,SKU0078,92,27,6,129
2024-07-01,SKU0078,0,0,6,185
2024-07-08,SKU0078,0,0,6,169
2024-07-15,SKU0078,0,0,6,125
2024-07-22,SKU0078,0,0,6,126
2024-07-29,SKU0078,0,105,6,171
2024-08-05,SKU0078,0,0,6,136
2024-08-12,SKU0078,0,0,6,169
2024-08-19,SKU0078,0,0,6,118
2024-08-26,SKU0078,68,14,6,137
2024-09-02,SKU0078,0,142,6,146
2024-09-09,SKU0078,0,0,6,165
2024-09-16,SKU0078,0,101,6,146
2024-09-23,SKU0078,79,10,6,143
2024-09-30,SKU0078,84,5,6,175
2024-10-07,SKU0078,7,0,6,150
2024-10-14,SKU0078,0,199,6,154
2024-10-21,SKU0078,0,0,6,212
2024-10-28,SKU0078,175,3,6,286
2024-11-04,SKU0078,375,2,6,235
2024-11-11,SKU0078,485,37,6,176
2024-11-18,SKU0078,404,0,6,153
2024-11-25,SKU0078,276,0,6,268
2024-12-02,SKU0078,176,0,6,225
2024-12-09,SKU0078,66,0,6,234
2024-12-16,SKU0078,0,0,6,178
2024-12-23,SKU0078,131,8,6,224
2024-12-30,SKU0078,55,0,6,153
2025-01-06,SKU0078,0,0,6,126
2025-01-13,SKU0078,0,238,6,182
2025-01-20,SKU0078,0,90,6,157
2025-01-27,SKU0078,0,0,6,133
2025-02-03,SKU0078,0,0,6,160
2025-02-10,SKU0078,0,0,6,117
2025-02-17,SKU0078,0,0,6,115
2025-02-24,SKU0078,0,0,6,138
2025-03-03,SKU0078,0,0,6,124
2025-03-10,SKU0078,79,17,6,154
2025-03-17,SKU0078,0,0,6,193
2025-03-24,SKU0078,0,124,6,138
2025-03-31,SKU0078,130,10,6,155
2025-04-07,SKU0078,61,0,6,145
2025-04-14,SKU0078,126,9,6,187
2025-04-21,SKU0078,52,0,6,135
2025-04-28,SKU0078,0,0,6,120
2025-05-05,SKU0078,0,190,6,110
2025-05-12,SKU0078,93,8,6,139
2025-05-19,SKU0078,4,0,6,190
2025-05-26,SKU0078,0,0,6,182
2025-06-02,SKU0078,0,0,6,140
2025-06-09,SKU0078,0,0,6,176
2025-06-16,SKU0078,0,0,6,136
2025-06-23,SKU0078,91,4,6,145
2025-06-30,SKU0078,9,0,6,177
2025-07-07,SKU0078,0,0,6,170
2025-07-14,SKU0078,0,0,6,157
2025-07-21,SKU0078,0,0,6,182
2025-07-28,SKU0078,0,232,6,156
2025-08-04,SKU0078,0,0,6,149
2025-08-11,SKU0078,70,16,6,153
2025-08-18,SKU0078,0,0,6,197
2025-08-25,SKU0078,0,0,6,142
2025-09-01,SKU0078,0,0,6,172
2025-09-08,SKU0078,0,0,6,164
2025-09-15,SKU0078,88,30,6,142
2025-09-22,SKU0078,10,0,6,183
2025-09-29,SKU0078,124,35,6,142
2025-10-06,SKU0078,178,11,6,170
2025-10-13,SKU0078,87,0,6,220
2025-10-20,SKU0078,181,34,6,216
2025-10-27,SKU0078,61,309,6,262
2025-11-03,SKU0078,0,0,6,183
2025-11-10,SKU0078,0,0,6,184
2025-11-17,SKU0078,0,0,6,213
2025-11-24,SKU0078,0,0,6,273
2025-12-01,SKU0078,0,0,6,216
2025-12-08,SKU0078,0,0,6,265
2025-12-15,SKU0078,0,304,6,231
2025-12-22,SKU0078,0,0,6,175
2025-12-29,SKU0078,74,8,6,62
2024-01-01,SKU0079,142,56,7,74
2024-01-08,SKU0079,121,0,7,53
2024-01-15,SKU0079,97,78,7,63
2024-01-22,SKU0079,109,9,7,72
2024-01-29,SKU0079,59,0,7,92
2024-02-05,SKU0079,27,0,7,81
2024-02-12,SKU0079,0,0,7,88
2024-02-19,SKU0079,0,0,7,95
2024-02-26,SKU0079,0,0,7,66
2024-03-04,SKU0079,0,0,7,88
2024-03-11,SKU0079,0,0,7,89
2024-03-18,SKU0079,0,0,7,138
2024-03-25,SKU0079,0,0,7,101
2024-04-01,SKU0079,65,23,7,83
2024-04-08,SKU0079,19,0,7,82
2024-04-15,SKU0079,0,81,7,72
2024-04-22,SKU0079,0,0,7,85
2024-04-29,SKU0079,0,0,7,82
2024-05-06,SKU0079,0,0,7,106
2024-05-13,SKU0079,0,0,7,67
2024-05-20,SKU0079,0,0,7,95
2024-05-27,SKU0079,0,143,7,103
2024-06-03,SKU0079,0,0,7,98
2024-06-10,SKU0079,50,13,7,112
2024-06-17,SKU0079,80,17,7,71
2024-06-24,SKU0079,41,114,7,92
2024-07-01,SKU0079,0,0,7,126
2024-07-08,SKU0079,125,17,7,116
2024-07-15,SKU0079,78,0,7,90
2024-07-22,SKU0079,38,0,7,96
2024-07-29,SKU0079,1,0,7,82
2024-08-05,SKU0079,0,99,7,99
2024-08-12,SKU0079,0,0,7,110
2024-08-19,SKU0079,0,0,7,103
2024-08-26,SKU0079,0,60,7,106
2024-09-02,SKU0079,116,17,7,83
2024-09-09,SKU0079,73,0,7,106
2024-09-16,SKU0079,42,0,7,80
2024-09-23,SKU0079,0,62,7,84
2024-09-30,SKU0079,0,95,7,114
2024-10-07,SKU0079,0,0,7,64
2024-10-14,SKU0079,0,0,7,94
2024-10-21,SKU0079,88,33,7,137
2024-10-28,SKU0079,19,0,7,155
2024-11-04,SKU0079,0,0,7,140
2024-11-11,SKU0079,0,0,7,136
2024-11-18,SKU0079,0,85,7,129
2024-11-25,SKU0079,0,0,7,160
2024-12-02,SKU0079,0,0,7,130
2024-12-09,SKU0079,159,2,7,120
2024-12-16,SKU0079,107,0,7,104
2024-12-23,SKU0079,43,0,7,131
2024-12-30,SKU0079,136,6,7,118
2025-01-06,SKU0079,102,0,7,84
2025-01-13,SKU0079,178,34,7,134
2025-01-20,SKU0079,132,0,7,92
2025-01-27,SKU0079,176,1,7,76
2025-02-03,SKU0079,129,0,7,100
2025-02-10,SKU0079,102,48,7,53
2025-02-17,SKU0079,63,0,7,93
2025-02-24,SKU0079,94,30,7,104
2025-03-03,SKU0079,54,64,7,84
2025-03-10,SKU0079,19,0,7,65
2025-03-17,SKU0079,0,0,7,120
2025-03-24,SKU0079,0,0,7,89
2025-03-31,SKU0079,0,0,7,102
2025-04-07,SKU0079,0,0,7,102
2025-04-14,SKU0079,93,16,7,91
2025-04-21,SKU0079,43,0,7,123
2025-04-28,SKU0079,3,0,7,86
2025-05-05,SKU0079,74,7,7,90
2025-05-12,SKU0079,21,0,7,120
2025-05-19,SKU0079,0,0,7,104
2025-05-26,SKU0079,0,0,7,101
2025-06-02,SKU0079,0,0,7,80
2025-06-09,SKU0079,0,0,7,112
2025-06-16,SKU0079,0,0,7,121
2025-06-23,SKU0079,0,0,7,123
2025-06-30,SKU0079,0,0,7,112
2025-07-07,SKU0079,0,0,7,130
2025-07-14,SKU0079,0,0,7,81
2025-07-21,SKU0079,0,0,7,161
2025-07-28,SKU0079,0,0,7,82
2025-08-04,SKU0079,0,131,7,110
2025-08-11,SKU0079,0,59,7,110
2025-08-18,SKU0079,0,0,7,107
2025-08-25,SKU0079,0,0,7,109
2025-09-01,SKU0079,0,0,7,99
2025-09-08,SKU0079,0,0,7,126
2025-09-15,SKU0079,0,0,7,96
2025-09-22,SKU0079,0,0,7,102
2025-09-29,SKU0079,0,50,7,92
2025-10-06,SKU0079,0,0,7,95
2025-10-13,SKU0079,0,0,7,138
2025-10-20,SKU0079,0,0,7,151
2025-10-27,SKU0079,73,2,7,148
2025-11-03,SKU0079,16,0,7,138
2025-11-10,SKU0079,116,7,7,79
2025-11-17,SKU0079,53,0,7,156
2025-11-24,SKU0079,0,0,7,140
2025-12-01,SKU0079,78,6,7,119
2025-12-08,SKU0079,29,0,7,91
2025-12-15,SKU0079,0,0,7,133
2025-12-22,SKU0079,121,7,7,142
2025-12-29,SKU0079,87,0,7,66
2024-01-01,SKU0080,338,18,11,134
2024-01-08,SKU0080,291,129,11,125
2024-01-15,SKU0080,242,0,11,127
2024-01-22,SKU0080,191,0,11,134
2024-01-29,SKU0080,138,0,11,175
2024-02-05,SKU0080,87,0,11,162
2024-02-12,SKU0080,26,84,11,139
2024-02-19,SKU0080,0,0,11,144
2024-02-26,SKU0080,0,0,11,218
2024-03-04,SKU0080,0,0,11,185
2024-03-11,SKU0080,0,0,11,208
2024-03-18,SKU0080,0,0,11,238
2024-03-25,SKU0080,0,0,11,179
2024-04-01,SKU0080,0,0,11,200
2024-04-08,SKU0080,70,3,11,165
2024-04-15,SKU0080,6,0,11,179
2024-04-22,SKU0080,163,13,11,170
2024-04-29,SKU0080,96,0,11,176
2024-05-06,SKU0080,81,15,11,187
2024-05-13,SKU0080,16,0,11,218
2024-05-20,SKU0080,0,0,11,197
2024-05-27,SKU0080,0,0,11,196
2024-06-03,SKU0080,0,174,11,183
2024-06-10,SKU0080,0,0,11,200
2024-06-17,SKU0080,0,68,11,193
2024-06-24,SKU0080,0,0,11,127
2024-07-01,SKU0080,166,16,11,193
2024-07-08,SKU0080,90,0,11,197
2024-07-15,SKU0080,24,0,11,207
2024-07-22,SKU0080,0,0,11,135
2024-07-29,SKU0080,0,0,11,184
2024-08-05,SKU0080,0,0,11,160
2024-08-12,SKU0080,0,0,11,181
2024-08-19,SKU0080,0,0,11,227
2024-08-26,SKU0080,0,127,11,175
2024-09-02,SKU0080,0,0,11,165
2024-09-09,SKU0080,0,117,11,170
2024-09-16,SKU0080,0,155,11,176
2024-09-23,SKU0080,0,94,11,133
2024-09-30,SKU0080,156,47,11,194
2024-10-07,SKU0080,85,0,11,180
2024-10-14,SKU0080,10,234,11,249
2024-10-21,SKU0080,0,0,11,295
2024-10-28,SKU0080,0,0,11,341
2024-11-04,SKU0080,0,0,11,214
2024-11-11,SKU0080,0,0,11,224
2024-11-18,SKU0080,69,24,11,165
2024-11-25,SKU0080,0,0,11,349
2024-12-02,SKU0080,0,110,11,223
2024-12-09,SKU0080,0,259,11,256
2024-12-16,SKU0080,0,0,11,239
2024-12-23,SKU0080,0,0,11,233
2024-12-30,SKU0080,0,0,11,172
2025-01-06,SKU0080,0,0,11,160
2025-01-13,SKU0080,0,0,11,122
2025-01-20,SKU0080,93,6,11,254
2025-01-27,SKU0080,34,107,11,137
2025-02-03,SKU0080,0,0,11,150
2025-02-10,SKU0080,0,0,11,237
2025-02-17,SKU0080,0,0,11,176
2025-02-24,SKU0080,0,101,11,154
2025-03-03,SKU0080,0,0,11,171
2025-03-10,SKU0080,0,124,11,225
2025-03-17,SKU0080,0,0,11,274
2025-03-24,SKU0080,87,9,11,206
2025-03-31,SKU0080,27,0,11,158
2025-04-07,SKU0080,0,0,11,187
2025-04-14,SKU0080,0,0,11,224
2025-04-21,SKU0080,0,0,11,144
2025-04-28,SKU0080,0,122,11,141
2025-05-05,SKU0080,0,67,11,191
2025-05-12,SKU0080,0,0,11,176
2025-05-19,SKU0080,0,0,11,182
2025-05-26,SKU0080,0,0,11,212
2025-06-02,SKU0080,0,109,11,114
2025-06-09,SKU0080,0,0,11,162
2025-06-16,SKU0080,138,59,11,209
2025-06-23,SKU0080,72,0,11,182
2025-06-30,SKU0080,0,0,11,274
2025-07-07,SKU0080,0,0,11,217
2025-07-14,SKU0080,0,0,11,157
2025-07-21,SKU0080,105,40,11,201
2025-07-28,SKU0080,49,137,11,143
2025-08-04,SKU0080,0,0,11,213
2025-08-11,SKU0080,0,0,11,254
2025-08-18,SKU0080,0,0,11,201
2025-08-25,SKU0080,0,0,11,214
2025-09-01,SKU0080,0,0,11,188
2025-09-08,SKU0080,0,0,11,162
2025-09-15,SKU0080,0,193,11,197
2025-09-22,SKU0080,0,0,11,142
2025-09-29,SKU0080,0,0,11,188
2025-10-06,SKU0080,0,0,11,260
2025-10-13,SKU0080,0,161,11,233
2025-10-20,SKU0080,0,0,11,296
2025-10-27,SKU0080,0,0,11,228
2025-11-03,SKU0080,0,0,11,240
2025-11-10,SKU0080,0,0,11,216
2025-11-17,SKU0080,0,0,11,222
2025-11-24,SKU0080,0,193,11,325
2025-12-01,SKU0080,0,0,11,289
2025-12-08,SKU0080,0,0,11,211
2025-12-15,SKU0080,0,0,11,346
2025-12-22,SKU0080,186,53,11,215
2025-12-29,SKU0080,167,39,11,64
2024-01-01,SKU0081,90,0,6,32
2024-01-08,SKU0081,81,0,6,20
2024-01-15,SKU0081,77,5,6,15
2024-01-22,SKU0081,69,0,6,20
2024-01-29,SKU0081,82,4,6,14
2024-02-05,SKU0081,71,0,6,23
2024-02-12,SKU0081,68,5,6,34
2024-02-19,SKU0081,59,17,6,20
2024-02-26,SKU0081,50,0,6,20
2024-03-04,SKU0081,40,0,6,18
2024-03-11,SKU0081,28,0,6,26
2024-03-18,SKU0081,10,0,6,35
2024-03-25,SKU0081,8,0,6,12
2024-04-01,SKU0081,0,0,6,24
2024-04-08,SKU0081,0,28,6,29
2024-04-15,SKU0081,0,0,6,38
2024-04-22,SKU0081,0,0,6,14
2024-04-29,SKU0081,19,9,6,21
2024-05-06,SKU0081,8,0,6,22
2024-05-13,SKU0081,0,0,6,20
2024-05-20,SKU0081,0,0,6,28
2024-05-27,SKU0081,0,0,6,16
2024-06-03,SKU0081,0,0,6,25
2024-06-10,SKU0081,0,0,6,18
2024-06-17,SKU0081,0,0,6,27
2024-06-24,SKU0081,0,0,6,21
2024-07-01,SKU0081,0,49,6,35
2024-07-08,SKU0081,0,0,6,43
2024-07-15,SKU0081,0,0,6,24
2024-07-22,SKU0081,0,0,6,20
2024-07-29,SKU0081,0,31,6,28
2024-08-05,SKU0081,0,0,6,30
2024-08-12,SKU0081,0,0,6,28
2024-08-19,SKU0081,0,0,6,21
2024-08-26,SKU0081,0,0,6,28
2024-09-02,SKU0081,0,0,6,27
2024-09-09,SKU0081,16,4,6,29
2024-09-16,SKU0081,5,0,6,23
2024-09-23,SKU0081,14,3,6,23
2024-09-30,SKU0081,3,0,6,20
2024-10-07,SKU0081,29,8,6,37
2024-10-14,SKU0081,54,3,6,28
2024-10-21,SKU0081,38,43,6,27
2024-10-28,SKU0081,16,30,6,41
2024-11-04,SKU0081,0,35,6,34
2024-11-11,SKU0081,0,0,6,25
2024-11-18,SKU0081,0,0,6,43
2024-11-25,SKU0081,0,0,6,37
2024-12-02,SKU0081,0,27,6,37
2024-12-09,SKU0081,19,3,6,31
2024-12-16,SKU0081,4,0,6,31
2024-12-23,SKU0081,0,0,6,36
2024-12-30,SKU0081,0,0,6,28
2025-01-06,SKU0081,0,30,6,23
2025-01-13,SKU0081,0,34,6,25
2025-01-20,SKU0081,0,18,6,25
2025-01-27,SKU0081,0,0,6,26
2025-02-03,SKU0081,0,0,6,26
2025-02-10,SKU0081,0,0,6,16
2025-02-17,SKU0081,0,0,6,15
2025-02-24,SKU0081,0,0,6,41
2025-03-03,SKU0081,0,0,6,28
2025-03-10,SKU0081,0,0,6,38
2025-03-17,SKU0081,16,3,6,27
2025-03-24,SKU0081,5,34,6,21
2025-03-31,SKU0081,0,0,6,29
2025-04-07,SKU0081,0,0,6,33
2025-04-14,SKU0081,13,1,6,18
2025-04-21,SKU0081,0,0,6,44
2025-04-28,SKU0081,0,0,6,20
2025-05-05,SKU0081,0,0,6,34
2025-05-12,SKU0081,0,0,6,12
2025-05-19,SKU0081,0,20,6,33
2025-05-26,SKU0081,0,0,6,33
2025-06-02,SKU0081,0,0,6,32
2025-06-09,SKU0081,0,0,6,45
2025-06-16,SKU0081,0,0,6,27
2025-06-23,SKU0081,0,0,6,37
2025-06-30,SKU0081,0,0,6,51
2025-07-07,SKU0081,14,5,6,24
2025-07-14,SKU0081,3,0,6,23
2025-07-21,SKU0081,0,29,6,19
2025-07-28,SKU0081,0,16,6,16
2025-08-04,SKU0081,0,0,6,23
2025-08-11,SKU0081,0,0,6,27
2025-08-18,SKU0081,30,9,6,40
2025-08-25,SKU0081,35,3,6,34
2025-09-01,SKU0081,23,0,6,28
2025-09-08,SKU0081,48,7,6,31
2025-09-15,SKU0081,33,20,6,25
2025-09-22,SKU0081,15,43,6,37
2025-09-29,SKU0081,0,0,6,35
2025-10-06,SKU0081,51,1,6,45
2025-10-13,SKU0081,37,0,6,31
2025-10-20,SKU0081,22,0,6,32
2025-10-27,SKU0081,2,0,6,40
2025-11-03,SKU0081,0,68,6,50
2025-11-10,SKU0081,0,0,6,30
2025-11-17,SKU0081,0,0,6,40
2025-11-24,SKU0081,0,0,6,34
2025-12-01,SKU0081,0,53,6,42
2025-12-08,SKU0081,0,0,6,31
2025-12-15,SKU0081,0,0,6,38
2025-12-22,SKU0081,0,0,6,38
2025-12-29,SKU0081,0,4,6,11
2024-01-01,SKU0082,229,0,6,152
2024-01-08,SKU0082,142,124,6,142
2024-01-15,SKU0082,84,0,6,116
2024-01-22,SKU0082,11,0,6,152
2024-01-29,SKU0082,0,0,6,143
2024-02-05,SKU0082,0,0,6,152
2024-02-12,SKU0082,0,130,6,169
2024-02-19,SKU0082,0,0,6,141
2024-02-26,SKU0082,0,0,6,198
2024-03-04,SKU0082,0,0,6,166
2024-03-11,SKU0082,0,0,6,181
2024-03-18,SKU0082,0,0,6,225
2024-03-25,SKU0082,0,0,6,164
2024-04-01,SKU0082,0,0,6,171
2024-04-08,SKU0082,0,0,6,193
2024-04-15,SKU0082,0,0,6,167
2024-04-22,SKU0082,0,0,6,162
2024-04-29,SKU0082,0,0,6,160
2024-05-06,SKU0082,0,130,6,188
2024-05-13,SKU0082,0,0,6,132
2024-05-20,SKU0082,0,0,6,155
2024-05-27,SKU0082,0,0,6,133
2024-06-03,SKU0082,0,0,6,165
2024-06-10,SKU0082,0,0,6,169
2024-06-17,SKU0082,145,27,6,155
2024-06-24,SKU0082,51,0,6,184
2024-07-01,SKU0082,0,0,6,267
2024-07-08,SKU0082,0,0,6,187
2024-07-15,SKU0082,0,0,6,156
2024-07-22,SKU0082,0,0,6,200
2024-07-29,SKU0082,0,155,6,181
2024-08-05,SKU0082,0,0,6,157
2024-08-12,SKU0082,91,3,6,190
2024-08-19,SKU0082,7,0,6,172
2024-08-26,SKU0082,0,202,6,173
2024-09-02,SKU0082,0,0,6,160
2024-09-09,SKU0082,0,0,6,161
2024-09-16,SKU0082,142,62,6,155
2024-09-23,SKU0082,63,85,6,186
2024-09-30,SKU0082,113,49,6,171
2024-10-07,SKU0082,15,0,6,196
2024-10-14,SKU0082,0,0,6,261
2024-10-21,SKU0082,0,0,6,309
2024-10-28,SKU0082,254,25,6,292
2024-11-04,SKU0082,146,0,6,269
2024-11-11,SKU0082,34,0,6,203
2024-11-18,SKU0082,0,114,6,216
2024-11-25,SKU0082,0,0,6,362
2024-12-02,SKU0082,0,285,6,278
2024-12-09,SKU0082,242,52,6,266
2024-12-16,SKU0082,135,0,6,213
2024-12-23,SKU0082,22,0,6,248
2024-12-30,SKU0082,0,0,6,180
2025-01-06,SKU0082,0,243,6,150
2025-01-13,SKU0082,125,52,6,196
2025-01-20,SKU0082,50,238,6,184
2025-01-27,SKU0082,0,0,6,164
2025-02-03,SKU0082,0,0,6,178
2025-02-10,SKU0082,140,12,6,151
2025-02-17,SKU0082,80,0,6,124
2025-02-24,SKU0082,129,1,6,172
2025-03-03,SKU0082,36,0,6,166
2025-03-10,SKU0082,0,0,6,159
2025-03-17,SKU0082,0,0,6,318
2025-03-24,SKU0082,0,0,6,168
2025-03-31,SKU0082,0,222,6,182
2025-04-07,SKU0082,0,0,6,227
2025-04-14,SKU0082,102,23,6,205
2025-04-21,SKU0082,24,0,6,177
2025-04-28,SKU0082,0,0,6,189
2025-05-05,SKU0082,0,0,6,233
2025-05-12,SKU0082,0,0,6,204
2025-05-19,SKU0082,0,0,6,212
2025-05-26,SKU0082,0,0,6,160
2025-06-02,SKU0082,164,5,6,192
2025-06-09,SKU0082,251,26,6,224
2025-06-16,SKU0082,324,40,6,214
2025-06-23,SKU0082,227,0,6,208
2025-06-30,SKU0082,242,51,6,282
2025-07-07,SKU0082,404,21,6,239
2025-07-14,SKU0082,522,9,6,187
2025-07-21,SKU0082,409,0,6,208
2025-07-28,SKU0082,448,36,6,188
2025-08-04,SKU0082,336,0,6,203
2025-08-11,SKU0082,241,0,6,224
2025-08-18,SKU0082,168,0,6,154
2025-08-25,SKU0082,78,0,6,178
2025-09-01,SKU0082,230,49,6,260
2025-09-08,SKU0082,125,0,6,217
2025-09-15,SKU0082,33,0,6,200
2025-09-22,SKU0082,0,0,6,170
2025-09-29,SKU0082,247,2,6,201
2025-10-06,SKU0082,119,0,6,237
2025-10-13,SKU0082,0,0,6,247
2025-10-20,SKU0082,0,0,6,334
2025-10-27,SKU0082,0,0,6,315
2025-11-03,SKU0082,0,0,6,247
2025-11-10,SKU0082,0,207,6,181
2025-11-17,SKU0082,0,0,6,220
2025-11-24,SKU0082,0,316,6,256
2025-12-01,SKU0082,0,0,6,297
2025-12-08,SKU0082,0,0,6,292
2025-12-15,SKU0082,0,0,6,293
2025-12-22,SKU0082,0,208,6,289
2025-12-29,SKU0082,0,0,6,120
2024-01-01,SKU0083,147,0,6,23
2024-01-08,SKU0083,131,0,6,36
2024-01-15,SKU0083,115,0,6,32
2024-01-22,SKU0083,112,5,6,36
2024-01-29,SKU0083,127,9,6,35
2024-02-05,SKU0083,151,2,6,26
2024-02-12,SKU0083,135,0,6,30
2024-02-19,SKU0083,122,0,6,30
2024-02-26,SKU0083,111,0,6,23
2024-03-04,SKU0083,92,0,6,36
2024-03-11,SKU0083,73,0,6,31
2024-03-18,SKU0083,47,0,6,49
2024-03-25,SKU0083,65,3,6,49
2024-04-01,SKU0083,49,22,6,33
2024-04-08,SKU0083,36,0,6,27
2024-04-15,SKU0083,22,0,6,29
2024-04-22,SKU0083,4,0,6,38
2024-04-29,SKU0083,0,51,6,41
2024-05-06,SKU0083,0,0,6,47
2024-05-13,SKU0083,0,0,6,26
2024-05-20,SKU0083,54,13,6,56
2024-05-27,SKU0083,40,0,6,30
2024-06-03,SKU0083,52,11,6,51
2024-06-10,SKU0083,41,0,6,25
2024-06-17,SKU0083,65,22,6,55
2024-06-24,SKU0083,46,0,6,38
2024-07-01,SKU0083,19,0,6,53
2024-07-08,SKU0083,0,0,6,42
2024-07-15,SKU0083,35,4,6,30
2024-07-22,SKU0083,41,1,6,29
2024-07-29,SKU0083,44,1,6,23
2024-08-05,SKU0083,26,0,6,37
2024-08-12,SKU0083,2,52,6,50
2024-08-19,SKU0083,0,0,6,46
2024-08-26,SKU0083,29,5,6,32
2024-09-02,SKU0083,7,0,6,40
2024-09-09,SKU0083,66,3,6,41
2024-09-16,SKU0083,49,0,6,38
2024-09-23,SKU0083,28,0,6,50
2024-09-30,SKU0083,9,0,6,41
2024-10-07,SKU0083,0,0,6,46
2024-10-14,SKU0083,0,25,6,46
2024-10-21,SKU0083,20,9,6,49
2024-10-28,SKU0083,0,0,6,68
2024-11-04,SKU0083,0,0,6,80
2024-11-11,SKU0083,0,50,6,49
2024-11-18,SKU0083,0,47,6,63
2024-11-25,SKU0083,0,0,6,69
2024-12-02,SKU0083,39,9,6,37
2024-12-09,SKU0083,14,0,6,45
2024-12-16,SKU0083,25,4,6,54
2024-12-23,SKU0083,49,11,6,53
2024-12-30,SKU0083,32,58,6,34
2025-01-06,SKU0083,37,8,6,24
2025-01-13,SKU0083,27,0,6,20
2025-01-20,SKU0083,44,10,6,36
2025-01-27,SKU0083,20,0,6,49
2025-02-03,SKU0083,7,35,6,27
2025-02-10,SKU0083,10,4,6,18
2025-02-17,SKU0083,0,0,6,40
2025-02-24,SKU0083,0,0,6,34
2025-03-03,SKU0083,0,0,6,35
2025-03-10,SKU0083,20,1,6,39
2025-03-17,SKU0083,0,0,6,57
2025-03-24,SKU0083,0,0,6,35
2025-03-31,SKU0083,0,0,6,26
2025-04-07,SKU0083,0,0,6,37
2025-04-14,SKU0083,0,0,6,46
2025-04-21,SKU0083,0,0,6,48
2025-04-28,SKU0083,0,33,6,33
2025-05-05,SKU0083,43,2,6,43
2025-05-12,SKU0083,18,0,6,52
2025-05-19,SKU0083,0,0,6,36
2025-05-26,SKU0083,0,0,6,37
2025-06-02,SKU0083,0,0,6,47
2025-06-09,SKU0083,23,2,6,33
2025-06-16,SKU0083,7,0,6,29
2025-06-23,SKU0083,52,14,6,50
2025-06-30,SKU0083,38,35,6,30
2025-07-07,SKU0083,13,0,6,42
2025-07-14,SKU0083,0,0,6,41
2025-07-21,SKU0083,0,0,6,43
2025-07-28,SKU0083,0,0,6,25
2025-08-04,SKU0083,0,0,6,56
2025-08-11,SKU0083,0,30,6,32
2025-08-18,SKU0083,0,0,6,36
2025-08-25,SKU0083,0,0,6,44
2025-09-01,SKU0083,0,0,6,45
2025-09-08,SKU0083,0,0,6,51
2025-09-15,SKU0083,0,0,6,24
2025-09-22,SKU0083,55,13,6,40
2025-09-29,SKU0083,58,1,6,38
2025-10-06,SKU0083,56,4,6,20
2025-10-13,SKU0083,76,10,6,49
2025-10-20,SKU0083,45,0,6,56
2025-10-27,SKU0083,11,0,6,83
2025-11-03,SKU0083,0,0,6,40
2025-11-10,SKU0083,0,0,6,55
2025-11-17,SKU0083,0,0,6,64
2025-11-24,SKU0083,54,3,6,72
2025-12-01,SKU0083,31,0,6,51
2025-12-08,SKU0083,8,0,6,39
2025-12-15,SKU0083,0,52,6,61
2025-12-22,SKU0083,0,0,6,56
2025-12-29,SKU0083,0,0,6,22
2024-01-01,SKU0084,97,0,5,63
2024-01-08,SKU0084,72,0,5,46
2024-01-15,SKU0084,36,0,5,72
2024-01-22,SKU0084,8,0,5,54
2024-01-29,SKU0084,76,16,5,63
2024-02-05,SKU0084,44,0,5,60
2024-02-12,SKU0084,7,0,5,73
2024-02-19,SKU0084,0,0,5,46
2024-02-26,SKU0084,0,0,5,58
2024-03-04,SKU0084,0,0,5,83
2024-03-11,SKU0084,0,69,5,85
2024-03-18,SKU0084,0,0,5,103
2024-03-25,SKU0084,0,0,5,68
2024-04-01,SKU0084,0,0,5,65
2024-04-08,SKU0084,0,0,5,64
2024-04-15,SKU0084,0,0,5,87
2024-04-22,SKU0084,0,0,5,98
2024-04-29,SKU0084,0,0,5,72
2024-05-06,SKU0084,0,0,5,77
2024-05-13,SKU0084,57,2,5,107
2024-05-20,SKU0084,6,151,5,97
2024-05-27,SKU0084,0,0,5,70
2024-06-03,SKU0084,0,0,5,88
2024-06-10,SKU0084,0,0,5,96
2024-06-17,SKU0084,0,0,5,102
2024-06-24,SKU0084,51,9,5,61
2024-07-01,SKU0084,0,0,5,91
2024-07-08,SKU0084,0,47,5,78
2024-07-15,SKU0084,0,0,5,55
2024-07-22,SKU0084,0,0,5,88
2024-07-29,SKU0084,0,0,5,74
2024-08-05,SKU0084,0,0,5,60
2024-08-12,SKU0084,0,144,5,85
2024-08-19,SKU0084,0,65,5,83
2024-08-26,SKU0084,157,2,5,112
2024-09-02,SKU0084,118,91,5,80
2024-09-09,SKU0084,78,0,5,75
2024-09-16,SKU0084,45,0,5,61
2024-09-23,SKU0084,1,0,5,81
2024-09-30,SKU0084,0,0,5,90
2024-10-07,SKU0084,0,54,5,86
2024-10-14,SKU0084,0,0,5,104
2024-10-21,SKU0084,0,0,5,100
2024-10-28,SKU0084,0,0,5,148
2024-11-04,SKU0084,0,0,5,116
2024-11-11,SKU0084,0,0,5,124
2024-11-18,SKU0084,0,0,5,100
2024-11-25,SKU0084,0,151,5,111
2024-12-02,SKU0084,0,0,5,106
2024-12-09,SKU0084,0,0,5,103
2024-12-16,SKU0084,146,4,5,114
2024-12-23,SKU0084,182,1,5,101
2024-12-30,SKU0084,138,0,5,75
2025-01-06,SKU0084,198,5,5,85
2025-01-13,SKU0084,262,4,5,65
2025-01-20,SKU0084,224,52,5,68
2025-01-27,SKU0084,196,79,5,63
2025-02-03,SKU0084,160,0,5,72
2025-02-10,SKU0084,118,0,5,84
2025-02-17,SKU0084,81,0,5,68
2025-02-24,SKU0084,95,12,5,81
2025-03-03,SKU0084,52,0,5,80
2025-03-10,SKU0084,1,0,5,101
2025-03-17,SKU0084,138,30,5,122
2025-03-24,SKU0084,90,0,5,81
2025-03-31,SKU0084,32,158,5,106
2025-04-07,SKU0084,0,0,5,93
2025-04-14,SKU0084,0,0,5,118
2025-04-21,SKU0084,0,0,5,91
2025-04-28,SKU0084,0,104,5,97
2025-05-05,SKU0084,0,0,5,84
2025-05-12,SKU0084,0,0,5,107
2025-05-19,SKU0084,87,15,5,73
2025-05-26,SKU0084,89,6,5,73
2025-06-02,SKU0084,132,5,5,83
2025-06-09,SKU0084,193,22,5,97
2025-06-16,SKU0084,156,0,5,70
2025-06-23,SKU0084,118,0,5,79
2025-06-30,SKU0084,51,0,5,104
2025-07-07,SKU0084,0,0,5,99
2025-07-14,SKU0084,60,2,5,101
2025-07-21,SKU0084,13,0,5,92
2025-07-28,SKU0084,0,0,5,90
2025-08-04,SKU0084,0,0,5,78
2025-08-11,SKU0084,66,3,5,83
2025-08-18,SKU0084,88,11,5,81
2025-08-25,SKU0084,186,10,5,103
2025-09-01,SKU0084,151,0,5,69
2025-09-08,SKU0084,112,0,5,85
2025-09-15,SKU0084,64,0,5,97
2025-09-22,SKU0084,151,4,5,93
2025-09-29,SKU0084,106,0,5,70
2025-10-06,SKU0084,62,0,5,84
2025-10-13,SKU0084,0,0,5,107
2025-10-20,SKU0084,0,97,5,102
2025-10-27,SKU0084,0,0,5,108
2025-11-03,SKU0084,0,0,5,85
2025-11-10,SKU0084,0,0,5,112
2025-11-17,SKU0084,0,67,5,107
2025-11-24,SKU0084,270,15,5,181
2025-12-01,SKU0084,200,0,5,141
2025-12-08,SKU0084,128,0,5,135
2025-12-15,SKU0084,53,0,5,148
2025-12-22,SKU0084,115,39,5,90
2025-12-29,SKU0084,84,0,5,72
2024-01-01,SKU0085,210,29,5,96
2024-01-08,SKU0085,252,13,5,72
2024-01-15,SKU0085,215,107,5,70
2024-01-22,SKU0085,169,0,5,92
2024-01-29,SKU0085,127,0,5,97
2024-02-05,SKU0085,121,11,5,105
2024-02-12,SKU0085,76,0,5,92
2024-02-19,SKU0085,41,0,5,65
2024-02-26,SKU0085,0,0,5,113
2024-03-04,SKU0085,0,0,5,88
2024-03-11,SKU0085,0,0,5,85
2024-03-18,SKU0085,0,0,5,97
2024-03-25,SKU0085,0,0,5,78
2024-04-01,SKU0085,0,0,5,87
2024-04-08,SKU0085,63,28,5,82
2024-04-15,SKU0085,12,0,5,101
2024-04-22,SKU0085,0,0,5,111
2024-04-29,SKU0085,0,0,5,100
2024-05-06,SKU0085,0,0,5,73
2024-05-13,SKU0085,0,0,5,131
2024-05-20,SKU0085,0,127,5,107
2024-05-27,SKU0085,0,0,5,90
2024-06-03,SKU0085,0,0,5,90
2024-06-10,SKU0085,0,0,5,82
2024-06-17,SKU0085,0,121,5,88
2024-06-24,SKU0085,0,145,5,115
2024-07-01,SKU0085,0,0,5,110
2024-07-08,SKU0085,0,172,5,127
2024-07-15,SKU0085,0,0,5,73
2024-07-22,SKU0085,0,0,5,92
2024-07-29,SKU0085,57,19,5,88
2024-08-05,SKU0085,17,77,5,74
2024-08-12,SKU0085,0,0,5,97
2024-08-19,SKU0085,0,116,5,103
2024-08-26,SKU0085,0,0,5,77
2024-09-02,SKU0085,0,110,5,77
2024-09-09,SKU0085,0,0,5,96
2024-09-16,SKU0085,0,0,5,108
2024-09-23,SKU0085,66,24,5,82
2024-09-30,SKU0085,20,0,5,80
2024-10-07,SKU0085,0,0,5,112
2024-10-14,SKU0085,0,142,5,122
2024-10-21,SKU0085,0,195,5,177
2024-10-28,SKU0085,0,0,5,154
2024-11-04,SKU0085,164,32,5,125
2024-11-11,SKU0085,100,0,5,100
2024-11-18,SKU0085,109,23,5,88
2024-11-25,SKU0085,5,246,5,183
2024-12-02,SKU0085,0,0,5,134
2024-12-09,SKU0085,0,0,5,187
2024-12-16,SKU0085,0,0,5,117
2024-12-23,SKU0085,0,0,5,150
2024-12-30,SKU0085,0,0,5,92
2025-01-06,SKU0085,0,0,5,91
2025-01-13,SKU0085,34,14,5,98
2025-01-20,SKU0085,0,0,5,103
2025-01-27,SKU0085,0,0,5,108
2025-02-03,SKU0085,0,0,5,95
2025-02-10,SKU0085,0,0,5,92
2025-02-17,SKU0085,0,0,5,91
2025-02-24,SKU0085,0,0,5,114
2025-03-03,SKU0085,0,0,5,99
2025-03-10,SKU0085,0,0,5,105
2025-03-17,SKU0085,0,152,5,130
2025-03-24,SKU0085,0,0,5,125
2025-03-31,SKU0085,0,0,5,106
2025-04-07,SKU0085,0,0,5,92
2025-04-14,SKU0085,113,22,5,87
2025-04-21,SKU0085,65,0,5,101
2025-04-28,SKU0085,20,62,5,87
2025-05-05,SKU0085,0,0,5,102
2025-05-12,SKU0085,0,0,5,113
2025-05-19,SKU0085,0,0,5,103
2025-05-26,SKU0085,0,0,5,122
2025-06-02,SKU0085,0,0,5,115
2025-06-09,SKU0085,0,79,5,96
2025-06-16,SKU0085,0,0,5,126
2025-06-23,SKU0085,0,0,5,108
2025-06-30,SKU0085,96,3,5,106
2025-07-07,SKU0085,38,0,5,109
2025-07-14,SKU0085,0,0,5,89
2025-07-21,SKU0085,0,0,5,140
2025-07-28,SKU0085,0,0,5,113
2025-08-04,SKU0085,0,0,5,98
2025-08-11,SKU0085,0,0,5,114
2025-08-18,SKU0085,0,0,5,126
2025-08-25,SKU0085,0,0,5,100
2025-09-01,SKU0085,0,0,5,78
2025-09-08,SKU0085,57,6,5,109
2025-09-15,SKU0085,131,10,5,92
2025-09-22,SKU0085,69,164,5,104
2025-09-29,SKU0085,23,0,5,88
2025-10-06,SKU0085,0,0,5,107
2025-10-13,SKU0085,124,29,5,135
2025-10-20,SKU0085,216,70,5,198
2025-10-27,SKU0085,139,0,5,142
2025-11-03,SKU0085,69,0,5,150
2025-11-10,SKU0085,3,0,5,110
2025-11-17,SKU0085,0,0,5,92
2025-11-24,SKU0085,0,0,5,234
2025-12-01,SKU0085,171,21,5,136
2025-12-08,SKU0085,190,17,5,136
2025-12-15,SKU0085,111,206,5,133
2025-12-22,SKU0085,41,204,5,114
2025-12-29,SKU0085,16,80,5,53
2024-01-01,SKU0086,120,0,9,74
2024-01-08,SKU0086,82,0,9,101
2024-01-15,SKU0086,45,0,9,89
2024-01-22,SKU0086,4,49,9,88
2024-01-29,SKU0086,0,0,9,120
2024-02-05,SKU0086,58,11,9,90
2024-02-12,SKU0086,28,0,9,89
2024-02-19,SKU0086,39,13,9,84
2024-02-26,SKU0086,6,0,9,82
2024-03-04,SKU0086,96,13,9,89
2024-03-11,SKU0086,56,0,9,103
2024-03-18,SKU0086,6,0,9,123
2024-03-25,SKU0086,0,0,9,109
2024-04-01,SKU0086,57,13,9,93
2024-04-08,SKU0086,23,0,9,95
2024-04-15,SKU0086,0,0,9,95
2024-04-22,SKU0086,0,0,9,67
2024-04-29,SKU0086,0,0,9,101
2024-05-06,SKU0086,0,0,9,123
2024-05-13,SKU0086,0,71,9,71
2024-05-20,SKU0086,0,114,9,111
2024-05-27,SKU0086,0,0,9,64
2024-06-03,SKU0086,0,0,9,95
2024-06-10,SKU0086,71,15,9,70
2024-06-17,SKU0086,43,0,9,63
2024-06-24,SKU0086,0,0,9,128
2024-07-01,SKU0086,0,0,9,145
2024-07-08,SKU0086,0,0,9,134
2024-07-15,SKU0086,38,9,9,83
2024-07-22,SKU0086,0,0,9,119
2024-07-29,SKU0086,0,0,9,102
2024-08-05,SKU0086,0,0,9,142
2024-08-12,SKU0086,0,0,9,111
2024-08-19,SKU0086,0,0,9,75
2024-08-26,SKU0086,0,80,9,75
2024-09-02,SKU0086,47,16,9,113
2024-09-09,SKU0086,14,0,9,85
2024-09-16,SKU0086,0,89,9,117
2024-09-23,SKU0086,0,0,9,104
2024-09-30,SKU0086,0,0,9,82
2024-10-07,SKU0086,0,0,9,94
2024-10-14,SKU0086,0,0,9,120
2024-10-21,SKU0086,0,0,9,142
2024-10-28,SKU0086,0,0,9,166
2024-11-04,SKU0086,0,0,9,156
2024-11-11,SKU0086,0,0,9,128
2024-11-18,SKU0086,0,0,9,172
2024-11-25,SKU0086,71,23,9,162
2024-12-02,SKU0086,64,17,9,177
2024-12-09,SKU0086,15,0,9,139
2024-12-16,SKU0086,110,20,9,167
2024-12-23,SKU0086,59,0,9,118
2024-12-30,SKU0086,8,0,9,129
2025-01-06,SKU0086,0,0,9,77
2025-01-13,SKU0086,0,0,9,111
2025-01-20,SKU0086,0,0,9,98
2025-01-27,SKU0086,0,0,9,80
2025-02-03,SKU0086,0,0,9,41
2025-02-10,SKU0086,0,63,9,96
2025-02-17,SKU0086,0,0,9,56
2025-02-24,SKU0086,36,11,9,88
2025-03-03,SKU0086,109,16,9,99
2025-03-10,SKU0086,68,0,9,106
2025-03-17,SKU0086,97,6,9,159
2025-03-24,SKU0086,68,0,9,72
2025-03-31,SKU0086,27,0,9,107
2025-04-07,SKU0086,0,0,9,99
2025-04-14,SKU0086,0,0,9,114
2025-04-21,SKU0086,59,10,9,123
2025-04-28,SKU0086,34,0,9,67
2025-05-05,SKU0086,0,0,9,94
2025-05-12,SKU0086,0,0,9,87
2025-05-19,SKU0086,0,0,9,105
2025-05-26,SKU0086,0,0,9,85
2025-06-02,SKU0086,0,0,9,92
2025-06-09,SKU0086,0,0,9,121
2025-06-16,SKU0086,0,0,9,79
2025-06-23,SKU0086,0,0,9,122
2025-06-30,SKU0086,0,0,9,109
2025-07-07,SKU0086,0,0,9,83
2025-07-14,SKU0086,0,0,9,104
2025-07-21,SKU0086,0,0,9,83
2025-07-28,SKU0086,0,0,9,154
2025-08-04,SKU0086,91,7,9,103
2025-08-11,SKU0086,38,0,9,147
2025-08-18,SKU0086,0,0,9,124
2025-08-25,SKU0086,0,42,9,89
2025-09-01,SKU0086,0,0,9,112
2025-09-08,SKU0086,0,45,9,113
2025-09-15,SKU0086,0,0,9,116
2025-09-22,SKU0086,0,0,9,103
2025-09-29,SKU0086,0,0,9,99
2025-10-06,SKU0086,0,52,9,81
2025-10-13,SKU0086,0,0,9,134
2025-10-20,SKU0086,94,27,9,172
2025-10-27,SKU0086,34,0,9,137
2025-11-03,SKU0086,0,0,9,139
2025-11-10,SKU0086,75,15,9,132
2025-11-17,SKU0086,25,104,9,138
2025-11-24,SKU0086,0,69,9,180
2025-12-01,SKU0086,0,0,9,146
2025-12-08,SKU0086,0,0,9,159
2025-12-15,SKU0086,0,0,9,138
2025-12-22,SKU0086,0,0,9,185
2025-12-29,SKU0086,0,0,9,70
2024-01-01,SKU0087,140,0,6,50
2024-01-08,SKU0087,113,32,6,47
2024-01-15,SKU0087,89,0,6,43
2024-01-22,SKU0087,61,0,6,65
2024-01-29,SKU0087,28,0,6,68
2024-02-05,SKU0087,0,0,6,58
2024-02-12,SKU0087,50,4,6,76
2024-02-19,SKU0087,10,60,6,77
2024-02-26,SKU0087,37,8,6,80
2024-03-04,SKU0087,0,0,6,79
2024-03-11,SKU0087,0,0,6,92
2024-03-18,SKU0087,60,1,6,89
2024-03-25,SKU0087,33,0,6,55
2024-04-01,SKU0087,0,0,6,84
2024-04-08,SKU0087,47,4,6,64
2024-04-15,SKU0087,9,0,6,77
2024-04-22,SKU0087,0,0,6,54
2024-04-29,SKU0087,0,0,6,75
2024-05-06,SKU0087,0,0,6,81
2024-05-13,SKU0087,0,0,6,77
2024-05-20,SKU0087,0,0,6,74
2024-05-27,SKU0087,0,0,6,53
2024-06-03,SKU0087,0,0,6,54
2024-06-10,SKU0087,0,65,6,78
2024-06-17,SKU0087,0,0,6,62
2024-06-24,SKU0087,0,68,6,67
2024-07-01,SKU0087,0,104,6,108
2024-07-08,SKU0087,0,0,6,76
2024-07-15,SKU0087,81,35,6,83
2024-07-22,SKU0087,152,12,6,97
2024-07-29,SKU0087,116,0,6,69
2024-08-05,SKU0087,74,0,6,87
2024-08-12,SKU0087,45,70,6,69
2024-08-19,SKU0087,15,0,6,63
2024-08-26,SKU0087,0,0,6,67
2024-09-02,SKU0087,0,66,6,69
2024-09-09,SKU0087,0,85,6,67
2024-09-16,SKU0087,0,0,6,61
2024-09-23,SKU0087,0,0,6,70
2024-09-30,SKU0087,0,0,6,86
2024-10-07,SKU0087,39,13,6,76
2024-10-14,SKU0087,0,0,6,93
2024-10-21,SKU0087,50,13,6,84
2024-10-28,SKU0087,0,0,6,117
2024-11-04,SKU0087,0,104,6,100
2024-11-11,SKU0087,0,101,6,79
2024-11-18,SKU0087,0,95,6,65
2024-11-25,SKU0087,0,0,6,132
2024-12-02,SKU0087,0,0,6,113
2024-12-09,SKU0087,0,0,6,100
2024-12-16,SKU0087,0,124,6,84
2024-12-23,SKU0087,113,25,6,117
2024-12-30,SKU0087,73,0,6,85
2025-01-06,SKU0087,45,0,6,64
2025-01-13,SKU0087,17,0,6,55
2025-01-20,SKU0087,0,0,6,55
2025-01-27,SKU0087,0,94,6,75
2025-02-03,SKU0087,68,21,6,80
2025-02-10,SKU0087,41,64,6,68
2025-02-17,SKU0087,16,0,6,59
2025-02-24,SKU0087,0,0,6,87
2025-03-03,SKU0087,0,0,6,81
2025-03-10,SKU0087,0,75,6,95
2025-03-17,SKU0087,0,0,6,102
2025-03-24,SKU0087,0,0,6,83
2025-03-31,SKU0087,75,4,6,70
2025-04-07,SKU0087,32,0,6,88
2025-04-14,SKU0087,0,0,6,80
2025-04-21,SKU0087,0,0,6,59
2025-04-28,SKU0087,0,0,6,66
2025-05-05,SKU0087,44,14,6,99
2025-05-12,SKU0087,19,0,6,56
2025-05-19,SKU0087,0,0,6,65
2025-05-26,SKU0087,0,0,6,78
2025-06-02,SKU0087,0,81,6,72
2025-06-09,SKU0087,0,0,6,81
2025-06-16,SKU0087,0,85,6,73
2025-06-23,SKU0087,0,0,6,74
2025-06-30,SKU0087,0,74,6,113
2025-07-07,SKU0087,0,0,6,109
2025-07-14,SKU0087,0,0,6,57
2025-07-21,SKU0087,0,40,6,76
2025-07-28,SKU0087,0,0,6,93
2025-08-04,SKU0087,0,0,6,101
2025-08-11,SKU0087,36,8,6,76
2025-08-18,SKU0087,1,0,6,74
2025-08-25,SKU0087,0,0,6,77
2025-09-01,SKU0087,0,90,6,69
2025-09-08,SKU0087,0,0,6,83
2025-09-15,SKU0087,0,62,6,93
2025-09-22,SKU0087,0,0,6,69
2025-09-29,SKU0087,0,0,6,59
2025-10-06,SKU0087,0,0,6,90
2025-10-13,SKU0087,0,158,6,105
2025-10-20,SKU0087,0,0,6,119
2025-10-27,SKU0087,0,0,6,115
2025-11-03,SKU0087,0,142,6,113
2025-11-10,SKU0087,0,0,6,90
2025-11-17,SKU0087,0,0,6,81
2025-11-24,SKU0087,0,222,6,154
2025-12-01,SKU0087,0,59,6,109
2025-12-08,SKU0087,0,0,6,108
2025-12-15,SKU0087,0,0,6,109
2025-12-22,SKU0087,137,2,6,106
2025-12-29,SKU0087,121,39,6,35
2024-01-01,SKU0088,58,0,6,48
2024-01-08,SKU0088,46,0,6,24
2024-01-15,SKU0088,25,0,6,43
2024-01-22,SKU0088,30,11,6,41
2024-01-29,SKU0088,18,0,6,27
2024-02-05,SKU0088,10,0,6,17
2024-02-12,SKU0088,0,56,6,31
2024-02-19,SKU0088,0,0,6,29
2024-02-26,SKU0088,0,0,6,28
2024-03-04,SKU0088,0,0,6,46
2024-03-11,SKU0088,0,0,6,61
2024-03-18,SKU0088,0,0,6,58
2024-03-25,SKU0088,0,49,6,37
2024-04-01,SKU0088,0,63,6,57
2024-04-08,SKU0088,0,0,6,38
2024-04-15,SKU0088,0,0,6,32
2024-04-22,SKU0088,0,0,6,28
2024-04-29,SKU0088,0,0,6,34
2024-05-06,SKU0088,0,0,6,35
2024-05-13,SKU0088,0,0,6,35
2024-05-20,SKU0088,28,4,6,44
2024-05-27,SKU0088,9,0,6,37
2024-06-03,SKU0088,0,0,6,28
2024-06-10,SKU0088,0,0,6,41
2024-06-17,SKU0088,0,0,6,54
2024-06-24,SKU0088,0,0,6,32
2024-07-01,SKU0088,0,0,6,50
2024-07-08,SKU0088,27,12,6,39
2024-07-15,SKU0088,3,0,6,50
2024-07-22,SKU0088,0,0,6,42
2024-07-29,SKU0088,0,0,6,34
2024-08-05,SKU0088,0,0,6,33
2024-08-12,SKU0088,25,2,6,52
2024-08-19,SKU0088,5,65,6,50
2024-08-26,SKU0088,0,0,6,56
2024-09-02,SKU0088,37,5,6,33
2024-09-09,SKU0088,13,0,6,50
2024-09-16,SKU0088,0,0,6,54
2024-09-23,SKU0088,0,0,6,32
2024-09-30,SKU0088,0,0,6,40
2024-10-07,SKU0088,0,0,6,30
2024-10-14,SKU0088,29,12,6,52
2024-10-21,SKU0088,11,0,6,41
2024-10-28,SKU0088,0,0,6,59
2024-11-04,SKU0088,40,7,6,50
2024-11-11,SKU0088,16,38,6,47
2024-11-18,SKU0088,0,0,6,64
2024-11-25,SKU0088,0,0,6,63
2024-12-02,SKU0088,0,51,6,67
2024-12-09,SKU0088,0,0,6,45
2024-12-16,SKU0088,0,55,6,55
2024-12-23,SKU0088,17,6,6,45
2024-12-30,SKU0088,5,0,6,27
2025-01-06,SKU0088,0,0,6,41
2025-01-13,SKU0088,52,1,6,41
2025-01-20,SKU0088,38,0,6,27
2025-01-27,SKU0088,16,0,6,46
2025-02-03,SKU0088,4,0,6,31
2025-02-10,SKU0088,0,13,6,28
2025-02-17,SKU0088,0,0,6,20
2025-02-24,SKU0088,0,0,6,25
2025-03-03,SKU0088,0,40,6,47
2025-03-10,SKU0088,0,0,6,53
2025-03-17,SKU0088,0,83,6,51
2025-03-24,SKU0088,0,0,6,41
2025-03-31,SKU0088,0,0,6,43
2025-04-07,SKU0088,0,0,6,39
2025-04-14,SKU0088,0,0,6,25
2025-04-21,SKU0088,0,0,6,34
2025-04-28,SKU0088,38,13,6,38
2025-05-05,SKU0088,19,50,6,45
2025-05-12,SKU0088,32,1,6,41
2025-05-19,SKU0088,6,0,6,50
2025-05-26,SKU0088,0,0,6,38
2025-06-02,SKU0088,0,0,6,48
2025-06-09,SKU0088,25,3,6,44
2025-06-16,SKU0088,2,0,6,54
2025-06-23,SKU0088,0,0,6,26
2025-06-30,SKU0088,0,0,6,55
2025-07-07,SKU0088,0,0,6,55
2025-07-14,SKU0088,0,0,6,45
2025-07-21,SKU0088,0,22,6,37
2025-07-28,SKU0088,33,12,6,54
2025-08-04,SKU0088,20,0,6,25
2025-08-11,SKU0088,0,0,6,45
2025-08-18,SKU0088,0,0,6,31
2025-08-25,SKU0088,0,0,6,53
2025-09-01,SKU0088,0,0,6,37
2025-09-08,SKU0088,16,6,6,37
2025-09-15,SKU0088,40,10,6,51
2025-09-22,SKU0088,35,4,6,58
2025-09-29,SKU0088,13,0,6,41
2025-10-06,SKU0088,0,32,6,54
2025-10-13,SKU0088,0,0,6,52
2025-10-20,SKU0088,0,0,6,68
2025-10-27,SKU0088,0,0,6,65
2025-11-03,SKU0088,0,0,6,52
2025-11-10,SKU0088,0,71,6,60
2025-11-17,SKU0088,0,0,6,37
2025-11-24,SKU0088,0,0,6,61
2025-12-01,SKU0088,0,0,6,71
2025-12-08,SKU0088,0,0,6,59
2025-12-15,SKU0088,33,5,6,70
2025-12-22,SKU0088,76,7,6,53
2025-12-29,SKU0088,63,30,6,27
2024-01-01,SKU0089,153,0,14,308
2024-01-08,SKU0089,212,5,14,301
2024-01-15,SKU0089,121,0,14,353
2024-01-22,SKU0089,35,0,14,255
2024-01-29,SKU0089,136,26,14,228
2024-02-05,SKU0089,39,0,14,328
2024-02-12,SKU0089,0,0,14,242
2024-02-19,SKU0089,0,0,14,269
2024-02-26,SKU0089,0,0,14,379
2024-03-04,SKU0089,0,0,14,314
2024-03-11,SKU0089,158,12,14,376
2024-03-18,SKU0089,240,37,14,497
2024-03-25,SKU0089,139,0,14,388
2024-04-01,SKU0089,18,0,14,409
2024-04-08,SKU0089,0,0,14,459
2024-04-15,SKU0089,0,0,14,384
2024-04-22,SKU0089,0,217,14,294
2024-04-29,SKU0089,117,11,14,342
2024-05-06,SKU0089,246,15,14,301
2024-05-13,SKU0089,134,0,14,317
2024-05-20,SKU0089,26,152,14,346
2024-05-27,SKU0089,210,30,14,304
2024-06-03,SKU0089,103,266,14,392
2024-06-10,SKU0089,0,0,14,355
2024-06-17,SKU0089,0,254,14,389
2024-06-24,SKU0089,0,0,14,393
2024-07-01,SKU0089,0,0,14,498
2024-07-08,SKU0089,0,273,14,421
2024-07-15,SKU0089,255,11,14,249
2024-07-22,SKU0089,157,144,14,348
2024-07-29,SKU0089,54,0,14,314
2024-08-05,SKU0089,0,238,14,388
2024-08-12,SKU0089,0,0,14,343
2024-08-19,SKU0089,0,0,14,450
2024-08-26,SKU0089,0,331,14,311
2024-09-02,SKU0089,0,195,14,329
2024-09-09,SKU0089,0,0,14,371
2024-09-16,SKU0089,0,0,14,267
2024-09-23,SKU0089,115,27,14,403
2024-09-30,SKU0089,5,0,14,373
2024-10-07,SKU0089,0,0,14,385
2024-10-14,SKU0089,224,73,14,457
2024-10-21,SKU0089,72,0,14,537
2024-10-28,SKU0089,0,0,14,622
2024-11-04,SKU0089,0,0,14,581
2024-11-11,SKU0089,0,337,14,492
2024-11-18,SKU0089,348,38,14,581
2024-11-25,SKU0089,183,0,14,591
2024-12-02,SKU0089,40,356,14,452
2024-12-09,SKU0089,0,305,14,467
2024-12-16,SKU0089,0,0,14,412
2024-12-23,SKU0089,0,0,14,431
2024-12-30,SKU0089,0,0,14,445
2025-01-06,SKU0089,0,0,14,343
2025-01-13,SKU0089,0,254,14,280
2025-01-20,SKU0089,0,249,14,280
2025-01-27,SKU0089,0,0,14,414
2025-02-03,SKU0089,0,0,14,346
2025-02-10,SKU0089,0,395,14,485
2025-02-17,SKU0089,0,0,14,356
2025-02-24,SKU0089,0,0,14,335
2025-03-03,SKU0089,0,249,14,340
2025-03-10,SKU0089,0,0,14,423
2025-03-17,SKU0089,145,36,14,457
2025-03-24,SKU0089,50,207,14,363
2025-03-31,SKU0089,0,0,14,432
2025-04-07,SKU0089,0,0,14,463
2025-04-14,SKU0089,0,0,14,349
2025-04-21,SKU0089,0,0,14,434
2025-04-28,SKU0089,0,0,14,351
2025-05-05,SKU0089,0,0,14,372
2025-05-12,SKU0089,278,71,14,344
2025-05-19,SKU0089,167,276,14,336
2025-05-26,SKU0089,50,0,14,404
2025-06-02,SKU0089,0,0,14,451
2025-06-09,SKU0089,0,208,14,468
2025-06-16,SKU0089,0,0,14,404
2025-06-23,SKU0089,0,0,14,459
2025-06-30,SKU0089,303,98,14,442
2025-07-07,SKU0089,142,0,14,584
2025-07-14,SKU0089,28,0,14,340
2025-07-21,SKU0089,0,328,14,425
2025-07-28,SKU0089,149,34,14,402
2025-08-04,SKU0089,38,297,14,451
2025-08-11,SKU0089,142,6,14,446
2025-08-18,SKU0089,0,195,14,476
2025-08-25,SKU0089,0,0,14,471
2025-09-01,SKU0089,0,325,14,390
2025-09-08,SKU0089,0,0,14,353
2025-09-15,SKU0089,0,0,14,379
2025-09-22,SKU0089,175,41,14,422
2025-09-29,SKU0089,48,0,14,483
2025-10-06,SKU0089,311,33,14,419
2025-10-13,SKU0089,150,0,14,431
2025-10-20,SKU0089,0,0,14,615
2025-10-27,SKU0089,0,435,14,638
2025-11-03,SKU0089,0,308,14,572
2025-11-10,SKU0089,0,0,14,528
2025-11-17,SKU0089,0,0,14,563
2025-11-24,SKU0089,429,70,14,519
2025-12-01,SKU0089,784,9,14,627
2025-12-08,SKU0089,632,0,14,483
2025-12-15,SKU0089,474,0,14,571
2025-12-22,SKU0089,298,0,14,465
2025-12-29,SKU0089,363,8,14,241
2024-01-01,SKU0090,112,52,6,36
2024-01-08,SKU0090,118,4,6,34
2024-01-15,SKU0090,93,63,6,61
2024-01-22,SKU0090,78,31,6,28
2024-01-29,SKU0090,106,1,6,34
2024-02-05,SKU0090,91,48,6,33
2024-02-12,SKU0090,70,0,6,35
2024-02-19,SKU0090,49,0,6,39
2024-02-26,SKU0090,100,6,6,57
2024-03-04,SKU0090,106,3,6,49
2024-03-11,SKU0090,139,3,6,55
2024-03-18,SKU0090,109,0,6,63
2024-03-25,SKU0090,84,0,6,61
2024-04-01,SKU0090,43,0,6,99
2024-04-08,SKU0090,15,0,6,57
2024-04-15,SKU0090,0,0,6,67
2024-04-22,SKU0090,0,0,6,77
2024-04-29,SKU0090,0,0,6,47
2024-05-06,SKU0090,0,0,6,71
2024-05-13,SKU0090,0,0,6,54
2024-05-20,SKU0090,0,0,6,52
2024-05-27,SKU0090,31,2,6,48
2024-06-03,SKU0090,0,64,6,75
2024-06-10,SKU0090,54,11,6,59
2024-06-17,SKU0090,22,0,6,71
2024-06-24,SKU0090,4,0,6,37
2024-07-01,SKU0090,0,0,6,99
2024-07-08,SKU0090,0,66,6,63
2024-07-15,SKU0090,36,5,6,40
2024-07-22,SKU0090,4,0,6,67
2024-07-29,SKU0090,0,0,6,55
2024-08-05,SKU0090,0,0,6,54
2024-08-12,SKU0090,0,0,6,64
2024-08-19,SKU0090,0,0,6,47
2024-08-26,SKU0090,0,0,6,85
2024-09-02,SKU0090,0,57,6,45
2024-09-09,SKU0090,0,0,6,43
2024-09-16,SKU0090,0,38,6,53
2024-09-23,SKU0090,0,0,6,47
2024-09-30,SKU0090,0,0,6,60
2024-10-07,SKU0090,0,0,6,32
2024-10-14,SKU0090,0,0,6,85
2024-10-21,SKU0090,53,4,6,101
2024-10-28,SKU0090,4,0,6,83
2024-11-04,SKU0090,0,0,6,69
2024-11-11,SKU0090,0,0,6,89
2024-11-18,SKU0090,0,70,6,66
2024-11-25,SKU0090,0,0,6,85
2024-12-02,SKU0090,46,20,6,84
2024-12-09,SKU0090,1,0,6,78
2024-12-16,SKU0090,0,85,6,65
2024-12-23,SKU0090,0,0,6,60
2024-12-30,SKU0090,0,0,6,50
2025-01-06,SKU0090,0,0,6,29
2025-01-13,SKU0090,0,0,6,58
2025-01-20,SKU0090,0,0,6,36
2025-01-27,SKU0090,0,0,6,52
2025-02-03,SKU0090,0,0,6,33
2025-02-10,SKU0090,71,5,6,59
2025-02-17,SKU0090,41,0,6,58
2025-02-24,SKU0090,23,0,6,40
2025-03-03,SKU0090,25,1,6,36
2025-03-10,SKU0090,0,0,6,64
2025-03-17,SKU0090,78,16,6,90
2025-03-24,SKU0090,46,0,6,54
2025-03-31,SKU0090,17,0,6,54
2025-04-07,SKU0090,0,0,6,41
2025-04-14,SKU0090,0,0,6,51
2025-04-21,SKU0090,0,0,6,62
2025-04-28,SKU0090,0,0,6,47
2025-05-05,SKU0090,0,0,6,75
2025-05-12,SKU0090,0,0,6,74
2025-05-19,SKU0090,0,0,6,63
2025-05-26,SKU0090,0,0,6,65
2025-06-02,SKU0090,0,0,6,38
2025-06-09,SKU0090,0,0,6,43
2025-06-16,SKU0090,0,0,6,36
2025-06-23,SKU0090,0,0,6,41
2025-06-30,SKU0090,0,108,6,71
2025-07-07,SKU0090,0,71,6,52
2025-07-14,SKU0090,44,7,6,34
2025-07-21,SKU0090,16,0,6,58
2025-07-28,SKU0090,47,1,6,45
2025-08-04,SKU0090,10,52,6,71
2025-08-11,SKU0090,0,0,6,64
2025-08-18,SKU0090,48,10,6,76
2025-08-25,SKU0090,19,32,6,68
2025-09-01,SKU0090,0,43,6,67
2025-09-08,SKU0090,0,0,6,60
2025-09-15,SKU0090,0,0,6,56
2025-09-22,SKU0090,0,0,6,45
2025-09-29,SKU0090,0,0,6,55
2025-10-06,SKU0090,0,62,6,46
2025-10-13,SKU0090,0,109,6,93
2025-10-20,SKU0090,0,0,6,96
2025-10-27,SKU0090,0,0,6,133
2025-11-03,SKU0090,90,8,6,97
2025-11-10,SKU0090,50,0,6,79
2025-11-17,SKU0090,1,0,6,95
2025-11-24,SKU0090,0,0,6,95
2025-12-01,SKU0090,0,0,6,72
2025-12-08,SKU0090,0,0,6,90
2025-12-15,SKU0090,0,0,6,80
2025-12-22,SKU0090,0,0,6,110
2025-12-29,SKU0090,46,5,6,39
2024-01-01,SKU0091,229,0,14,162
2024-01-08,SKU0091,186,0,14,171
2024-01-15,SKU0091,198,1,14,150
2024-01-22,SKU0091,154,0,14,126
2024-01-29,SKU0091,106,0,14,149
2024-02-05,SKU0091,150,32,14,136
2024-02-12,SKU0091,111,0,14,156
2024-02-19,SKU0091,75,0,14,123
2024-02-26,SKU0091,37,0,14,122
2024-03-04,SKU0091,0,103,14,114
2024-03-11,SKU0091,0,0,14,164
2024-03-18,SKU0091,0,0,14,213
2024-03-25,SKU0091,59,14,14,162
2024-04-01,SKU0091,4,0,14,192
2024-04-08,SKU0091,107,20,14,132
2024-04-15,SKU0091,49,0,14,193
2024-04-22,SKU0091,1,0,14,167
2024-04-29,SKU0091,0,0,14,182
2024-05-06,SKU0091,0,0,14,160
2024-05-13,SKU0091,0,0,14,184
2024-05-20,SKU0091,0,0,14,224
2024-05-27,SKU0091,0,0,14,147
2024-06-03,SKU0091,0,0,14,142
2024-06-10,SKU0091,0,0,14,172
2024-06-17,SKU0091,0,0,14,165
2024-06-24,SKU0091,0,0,14,203
2024-07-01,SKU0091,0,0,14,258
2024-07-08,SKU0091,85,18,14,198
2024-07-15,SKU0091,32,0,14,153
2024-07-22,SKU0091,0,0,14,125
2024-07-29,SKU0091,0,75,14,126
2024-08-05,SKU0091,0,0,14,178
2024-08-12,SKU0091,0,0,14,151
2024-08-19,SKU0091,0,0,14,216
2024-08-26,SKU0091,0,86,14,171
2024-09-02,SKU0091,0,0,14,186
2024-09-09,SKU0091,0,0,14,200
2024-09-16,SKU0091,0,109,14,184
2024-09-23,SKU0091,0,0,14,125
2024-09-30,SKU0091,0,120,14,143
2024-10-07,SKU0091,0,0,14,232
2024-10-14,SKU0091,0,0,14,162
2024-10-21,SKU0091,0,0,14,216
2024-10-28,SKU0091,0,0,14,278
2024-11-04,SKU0091,0,0,14,236
2024-11-11,SKU0091,0,0,14,194
2024-11-18,SKU0091,0,0,14,229
2024-11-25,SKU0091,0,0,14,335
2024-12-02,SKU0091,0,0,14,263
2024-12-09,SKU0091,0,0,14,187
2024-12-16,SKU0091,0,87,14,229
2024-12-23,SKU0091,0,0,14,231
2024-12-30,SKU0091,0,80,14,192
2025-01-06,SKU0091,70,21,14,158
2025-01-13,SKU0091,28,0,14,140
2025-01-20,SKU0091,0,0,14,144
2025-01-27,SKU0091,0,67,14,131
2025-02-03,SKU0091,0,79,14,157
2025-02-10,SKU0091,0,0,14,131
2025-02-17,SKU0091,65,24,14,143
2025-02-24,SKU0091,10,0,14,166
2025-03-03,SKU0091,0,0,14,155
2025-03-10,SKU0091,0,0,14,199
2025-03-17,SKU0091,0,0,14,200
2025-03-24,SKU0091,0,0,14,194
2025-03-31,SKU0091,107,8,14,149
2025-04-07,SKU0091,46,0,14,177
2025-04-14,SKU0091,0,0,14,201
2025-04-21,SKU0091,0,0,14,171
2025-04-28,SKU0091,0,0,14,193
2025-05-05,SKU0091,0,0,14,173
2025-05-12,SKU0091,87,23,14,218
2025-05-19,SKU0091,20,0,14,253
2025-05-26,SKU0091,0,0,14,246
2025-06-02,SKU0091,0,0,14,164
2025-06-09,SKU0091,174,7,14,205
2025-06-16,SKU0091,133,0,14,123
2025-06-23,SKU0091,83,60,14,168
2025-06-30,SKU0091,105,29,14,266
2025-07-07,SKU0091,40,0,14,255
2025-07-14,SKU0091,0,143,14,180
2025-07-21,SKU0091,0,0,14,137
2025-07-28,SKU0091,0,0,14,193
2025-08-04,SKU0091,0,0,14,220
2025-08-11,SKU0091,0,0,14,162
2025-08-18,SKU0091,87,8,14,212
2025-08-25,SKU0091,30,0,14,185
2025-09-01,SKU0091,0,0,14,182
2025-09-08,SKU0091,0,0,14,143
2025-09-15,SKU0091,0,0,14,156
2025-09-22,SKU0091,0,0,14,151
2025-09-29,SKU0091,0,0,14,230
2025-10-06,SKU0091,0,0,14,215
2025-10-13,SKU0091,0,0,14,188
2025-10-20,SKU0091,0,0,14,226
2025-10-27,SKU0091,0,0,14,332
2025-11-03,SKU0091,0,192,14,276
2025-11-10,SKU0091,0,0,14,222
2025-11-17,SKU0091,0,172,14,208
2025-11-24,SKU0091,0,0,14,277
2025-12-01,SKU0091,0,0,14,239
2025-12-08,SKU0091,0,0,14,202
2025-12-15,SKU0091,0,0,14,321
2025-12-22,SKU0091,0,0,14,259
2025-12-29,SKU0091,106,33,14,149
2024-01-01,SKU0092,636,163,10,170
2024-01-08,SKU0092,573,179,10,166
2024-01-15,SKU0092,503,193,10,193
2024-01-22,SKU0092,445,0,10,165
2024-01-29,SKU0092,395,0,10,142
2024-02-05,SKU0092,317,0,10,213
2024-02-12,SKU0092,369,16,10,152
2024-02-19,SKU0092,298,0,10,199
2024-02-26,SKU0092,239,0,10,169
2024-03-04,SKU0092,161,0,10,195
2024-03-11,SKU0092,84,0,10,209
2024-03-18,SKU0092,0,0,10,257
2024-03-25,SKU0092,174,46,10,214
2024-04-01,SKU0092,104,130,10,182
2024-04-08,SKU0092,25,0,10,229
2024-04-15,SKU0092,0,0,10,233
2024-04-22,SKU0092,0,0,10,181
2024-04-29,SKU0092,64,14,10,198
2024-05-06,SKU0092,0,0,10,211
2024-05-13,SKU0092,0,0,10,205
2024-05-20,SKU0092,153,8,10,188
2024-05-27,SKU0092,78,0,10,245
2024-06-03,SKU0092,19,0,10,181
2024-06-10,SKU0092,0,0,10,162
2024-06-17,SKU0092,0,0,10,165
2024-06-24,SKU0092,0,0,10,211
2024-07-01,SKU0092,0,0,10,205
2024-07-08,SKU0092,0,0,10,292
2024-07-15,SKU0092,0,0,10,218
2024-07-22,SKU0092,0,0,10,222
2024-07-29,SKU0092,0,0,10,138
2024-08-05,SKU0092,0,0,10,294
2024-08-12,SKU0092,126,18,10,221
2024-08-19,SKU0092,64,0,10,157
2024-08-26,SKU0092,0,202,10,197
2024-09-02,SKU0092,0,0,10,179
2024-09-09,SKU0092,234,20,10,227
2024-09-16,SKU0092,165,0,10,226
2024-09-23,SKU0092,178,34,10,234
2024-09-30,SKU0092,108,0,10,195
2024-10-07,SKU0092,16,0,10,245
2024-10-14,SKU0092,0,0,10,241
2024-10-21,SKU0092,0,0,10,309
2024-10-28,SKU0092,0,0,10,304
2024-11-04,SKU0092,0,0,10,289
2024-11-11,SKU0092,0,0,10,256
2024-11-18,SKU0092,0,189,10,259
2024-11-25,SKU0092,0,0,10,408
2024-12-02,SKU0092,0,0,10,262
2024-12-09,SKU0092,317,54,10,298
2024-12-16,SKU0092,222,0,10,273
2024-12-23,SKU0092,89,315,10,359
2024-12-30,SKU0092,19,0,10,206
2025-01-06,SKU0092,0,0,10,223
2025-01-13,SKU0092,0,0,10,161
2025-01-20,SKU0092,170,14,10,203
2025-01-27,SKU0092,99,0,10,189
2025-02-03,SKU0092,34,0,10,153
2025-02-10,SKU0092,0,0,10,191
2025-02-17,SKU0092,201,79,10,263
2025-02-24,SKU0092,133,0,10,227
2025-03-03,SKU0092,39,0,10,249
2025-03-10,SKU0092,232,16,10,234
2025-03-17,SKU0092,137,0,10,299
2025-03-24,SKU0092,38,0,10,260
2025-03-31,SKU0092,0,162,10,181
2025-04-07,SKU0092,0,0,10,260
2025-04-14,SKU0092,0,0,10,219
2025-04-21,SKU0092,0,111,10,269
2025-04-28,SKU0092,0,0,10,239
2025-05-05,SKU0092,122,26,10,203
2025-05-12,SKU0092,226,20,10,222
2025-05-19,SKU0092,131,0,10,267
2025-05-26,SKU0092,35,0,10,268
2025-06-02,SKU0092,0,236,10,203
2025-06-09,SKU0092,111,43,10,234
2025-06-16,SKU0092,38,0,10,216
2025-06-23,SKU0092,233,15,10,226
2025-06-30,SKU0092,143,0,10,293
2025-07-07,SKU0092,40,0,10,267
2025-07-14,SKU0092,0,0,10,237
2025-07-21,SKU0092,0,0,10,221
2025-07-28,SKU0092,0,0,10,208
2025-08-04,SKU0092,244,42,10,254
2025-08-11,SKU0092,295,18,10,286
2025-08-18,SKU0092,405,2,10,300
2025-08-25,SKU0092,534,43,10,245
2025-09-01,SKU0092,447,150,10,187
2025-09-08,SKU0092,380,94,10,168
2025-09-15,SKU0092,305,189,10,176
2025-09-22,SKU0092,247,0,10,153
2025-09-29,SKU0092,171,0,10,211
2025-10-06,SKU0092,233,42,10,217
2025-10-13,SKU0092,124,0,10,251
2025-10-20,SKU0092,0,0,10,333
2025-10-27,SKU0092,0,0,10,358
2025-11-03,SKU0092,0,0,10,302
2025-11-10,SKU0092,0,234,10,278
2025-11-17,SKU0092,96,22,10,257
2025-11-24,SKU0092,0,0,10,430
2025-12-01,SKU0092,0,0,10,372
2025-12-08,SKU0092,0,0,10,295
2025-12-15,SKU0092,151,60,10,374
2025-12-22,SKU0092,30,0,10,355
2025-12-29,SKU0092,27,11,10,74
2024-01-01,SKU0093,210,0,14,207
2024-01-08,SKU0093,149,0,14,186
2024-01-15,SKU0093,84,192,14,187
2024-01-22,SKU0093,7,0,14,213
2024-01-29,SKU0093,0,0,14,223
2024-02-05,SKU0093,0,0,14,168
2024-02-12,SKU0093,0,0,14,167
2024-02-19,SKU0093,0,0,14,167
2024-02-26,SKU0093,0,77,14,250
2024-03-04,SKU0093,0,0,14,170
2024-03-11,SKU0093,118,34,14,205
2024-03-18,SKU0093,218,76,14,315
2024-03-25,SKU0093,319,27,14,207
2024-04-01,SKU0093,363,33,14,234
2024-04-08,SKU0093,298,0,14,207
2024-04-15,SKU0093,234,160,14,211
2024-04-22,SKU0093,166,0,14,251
2024-04-29,SKU0093,87,0,14,273
2024-05-06,SKU0093,14,145,14,201
2024-05-13,SKU0093,0,0,14,202
2024-05-20,SKU0093,0,0,14,241
2024-05-27,SKU0093,104,36,14,199
2024-06-03,SKU0093,210,6,14,282
2024-06-10,SKU0093,127,0,14,267
2024-06-17,SKU0093,66,0,14,207
2024-06-24,SKU0093,0,0,14,203
2024-07-01,SKU0093,0,74,14,221
2024-07-08,SKU0093,0,0,14,152
2024-07-15,SKU0093,0,173,14,221
2024-07-22,SKU0093,224,6,14,262
2024-07-29,SKU0093,162,0,14,218
2024-08-05,SKU0093,287,7,14,212
2024-08-12,SKU0093,220,0,14,196
2024-08-19,SKU0093,174,0,14,149
2024-08-26,SKU0093,102,0,14,256
2024-09-02,SKU0093,40,0,14,231
2024-09-09,SKU0093,0,0,14,242
2024-09-16,SKU0093,0,0,14,191
2024-09-23,SKU0093,70,14,14,171
2024-09-30,SKU0093,7,0,14,197
2024-10-07,SKU0093,196,18,14,237
2024-10-14,SKU0093,121,0,14,261
2024-10-21,SKU0093,6,0,14,380
2024-10-28,SKU0093,0,299,14,317
2024-11-04,SKU0093,0,134,14,218
2024-11-11,SKU0093,0,0,14,240
2024-11-18,SKU0093,0,0,14,286
2024-11-25,SKU0093,0,0,14,318
2024-12-02,SKU0093,173,55,14,278
2024-12-09,SKU0093,84,0,14,354
2024-12-16,SKU0093,199,26,14,240
2024-12-23,SKU0093,107,0,14,299
2024-12-30,SKU0093,34,0,14,285
2025-01-06,SKU0093,0,0,14,216
2025-01-13,SKU0093,0,0,14,229
2025-01-20,SKU0093,59,20,14,216
2025-01-27,SKU0093,0,0,14,282
2025-02-03,SKU0093,0,0,14,193
2025-02-10,SKU0093,0,0,14,209
2025-02-17,SKU0093,94,32,14,192
2025-02-24,SKU0093,42,120,14,169
2025-03-03,SKU0093,0,0,14,209
2025-03-10,SKU0093,0,0,14,227
2025-03-17,SKU0093,157,39,14,329
2025-03-24,SKU0093,89,0,14,230
2025-03-31,SKU0093,23,0,14,249
2025-04-07,SKU0093,0,0,14,166
2025-04-14,SKU0093,114,11,14,256
2025-04-21,SKU0093,25,0,14,290
2025-04-28,SKU0093,0,0,14,233
2025-05-05,SKU0093,0,0,14,232
2025-05-12,SKU0093,77,11,14,235
2025-05-19,SKU0093,11,0,14,221
2025-05-26,SKU0093,0,86,14,194
2025-06-02,SKU0093,0,154,14,237
2025-06-09,SKU0093,0,0,14,271
2025-06-16,SKU0093,0,0,14,253
2025-06-23,SKU0093,0,0,14,252
2025-06-30,SKU0093,107,12,14,218
2025-07-07,SKU0093,20,0,14,326
2025-07-14,SKU0093,0,0,14,202
2025-07-21,SKU0093,0,0,14,273
2025-07-28,SKU0093,0,0,14,259
2025-08-04,SKU0093,133,43,14,303
2025-08-11,SKU0093,52,0,14,273
2025-08-18,SKU0093,102,5,14,262
2025-08-25,SKU0093,162,22,14,293
2025-09-01,SKU0093,98,0,14,228
2025-09-08,SKU0093,30,0,14,247
2025-09-15,SKU0093,0,0,14,205
2025-09-22,SKU0093,0,0,14,210
2025-09-29,SKU0093,0,0,14,249
2025-10-06,SKU0093,0,0,14,170
2025-10-13,SKU0093,0,0,14,404
2025-10-20,SKU0093,0,0,14,386
2025-10-27,SKU0093,0,0,14,392
2025-11-03,SKU0093,0,0,14,459
2025-11-10,SKU0093,0,0,14,286
2025-11-17,SKU0093,0,0,14,308
2025-11-24,SKU0093,152,4,14,454
2025-12-01,SKU0093,33,0,14,428
2025-12-08,SKU0093,0,233,14,331
2025-12-15,SKU0093,0,0,14,374
2025-12-22,SKU0093,0,155,14,249
2025-12-29,SKU0093,0,0,14,89
2024-01-01,SKU0094,81,111,3,77
2024-01-08,SKU0094,29,0,3,74
2024-01-15,SKU0094,0,141,3,71
2024-01-22,SKU0094,0,0,3,80
2024-01-29,SKU0094,60,8,3,86
2024-02-05,SKU0094,6,0,3,97
2024-02-12,SKU0094,0,0,3,90
2024-02-19,SKU0094,0,0,3,96
2024-02-26,SKU0094,0,0,3,85
2024-03-04,SKU0094,0,0,3,72
2024-03-11,SKU0094,0,0,3,95
2024-03-18,SKU0094,147,35,3,141
2024-03-25,SKU0094,181,2,3,75
2024-04-01,SKU0094,122,156,3,99
2024-04-08,SKU0094,148,25,3,91
2024-04-15,SKU0094,207,14,3,78
2024-04-22,SKU0094,138,0,3,93
2024-04-29,SKU0094,83,0,3,101
2024-05-06,SKU0094,34,119,3,83
2024-05-13,SKU0094,0,165,3,108
2024-05-20,SKU0094,0,0,3,100
2024-05-27,SKU0094,0,0,3,104
2024-06-03,SKU0094,0,166,3,126
2024-06-10,SKU0094,148,5,3,77
2024-06-17,SKU0094,86,0,3,108
2024-06-24,SKU0094,12,103,3,122
2024-07-01,SKU0094,0,0,3,155
2024-07-08,SKU0094,185,7,3,95
2024-07-15,SKU0094,125,0,3,86
2024-07-22,SKU0094,53,0,3,96
2024-07-29,SKU0094,85,12,3,96
2024-08-05,SKU0094,13,0,3,96
2024-08-12,SKU0094,0,0,3,135
2024-08-19,SKU0094,147,2,3,99
2024-08-26,SKU0094,178,20,3,82
2024-09-02,SKU0094,225,4,3,75
2024-09-09,SKU0094,156,0,3,131
2024-09-16,SKU0094,200,3,3,85
2024-09-23,SKU0094,127,182,3,135
2024-09-30,SKU0094,68,0,3,92
2024-10-07,SKU0094,19,0,3,88
2024-10-14,SKU0094,0,0,3,118
2024-10-21,SKU0094,0,0,3,162
2024-10-28,SKU0094,101,28,3,123
2024-11-04,SKU0094,41,171,3,111
2024-11-11,SKU0094,0,0,3,114
2024-11-18,SKU0094,0,0,3,130
2024-11-25,SKU0094,183,30,3,162
2024-12-02,SKU0094,98,0,3,122
2024-12-09,SKU0094,16,0,3,132
2024-12-16,SKU0094,232,15,3,122
2024-12-23,SKU0094,149,204,3,122
2024-12-30,SKU0094,96,0,3,86
2025-01-06,SKU0094,38,0,3,80
2025-01-13,SKU0094,131,9,3,100
2025-01-20,SKU0094,66,0,3,108
2025-01-27,SKU0094,18,0,3,85
2025-02-03,SKU0094,0,0,3,108
2025-02-10,SKU0094,0,0,3,104
2025-02-17,SKU0094,0,0,3,125
2025-02-24,SKU0094,0,0,3,115
2025-03-03,SKU0094,0,210,3,100
2025-03-10,SKU0094,80,11,3,107
2025-03-17,SKU0094,209,76,3,155
2025-03-24,SKU0094,147,0,3,95
2025-03-31,SKU0094,71,182,3,127
2025-04-07,SKU0094,126,31,3,85
2025-04-14,SKU0094,186,32,3,114
2025-04-21,SKU0094,123,0,3,97
2025-04-28,SKU0094,58,0,3,124
2025-05-05,SKU0094,0,121,3,90
2025-05-12,SKU0094,0,0,3,94
2025-05-19,SKU0094,0,0,3,138
2025-05-26,SKU0094,0,0,3,109
2025-06-02,SKU0094,0,0,3,115
2025-06-09,SKU0094,0,0,3,99
2025-06-16,SKU0094,0,0,3,98
2025-06-23,SKU0094,0,0,3,103
2025-06-30,SKU0094,129,29,3,184
2025-07-07,SKU0094,25,296,3,159
2025-07-14,SKU0094,0,0,3,115
2025-07-21,SKU0094,0,0,3,82
2025-07-28,SKU0094,89,39,3,121
2025-08-04,SKU0094,4,0,3,139
2025-08-11,SKU0094,77,10,3,107
2025-08-18,SKU0094,12,0,3,111
2025-08-25,SKU0094,140,32,3,103
2025-09-01,SKU0094,65,0,3,98
2025-09-08,SKU0094,0,0,3,108
2025-09-15,SKU0094,0,0,3,87
2025-09-22,SKU0094,0,0,3,93
2025-09-29,SKU0094,0,103,3,114
2025-10-06,SKU0094,0,0,3,167
2025-10-13,SKU0094,0,0,3,158
2025-10-20,SKU0094,0,0,3,155
2025-10-27,SKU0094,0,172,3,187
2025-11-03,SKU0094,177,21,3,173
2025-11-10,SKU0094,103,0,3,111
2025-11-17,SKU0094,7,233,3,163
2025-11-24,SKU0094,0,0,3,223
2025-12-01,SKU0094,220,33,3,127
2025-12-08,SKU0094,134,0,3,134
2025-12-15,SKU0094,265,8,3,182
2025-12-22,SKU0094,187,0,3,125
2025-12-29,SKU0094,147,91,3,61
2024-01-01,SKU0095,224,7,5,50
2024-01-08,SKU0095,199,0,5,41
2024-01-15,SKU0095,164,69,5,77
2024-01-22,SKU0095,136,0,5,53
2024-01-29,SKU0095,93,0,5,87
2024-02-05,SKU0095,122,9,5,49
2024-02-12,SKU0095,94,0,5,52
2024-02-19,SKU0095,61,0,5,56
2024-02-26,SKU0095,27,0,5,66
2024-03-04,SKU0095,0,79,5,77
2024-03-11,SKU0095,79,23,5,78
2024-03-18,SKU0095,19,0,5,106
2024-03-25,SKU0095,0,0,5,71
2024-04-01,SKU0095,0,0,5,45
2024-04-08,SKU0095,0,0,5,45
2024-04-15,SKU0095,82,16,5,79
2024-04-22,SKU0095,50,0,5,67
2024-04-29,SKU0095,10,0,5,74
2024-05-06,SKU0095,0,0,5,79
2024-05-13,SKU0095,0,0,5,60
2024-05-20,SKU0095,0,0,5,48
2024-05-27,SKU0095,0,55,5,61
2024-06-03,SKU0095,63,2,5,50
2024-06-10,SKU0095,24,0,5,78
2024-06-17,SKU0095,0,0,5,67
2024-06-24,SKU0095,0,0,5,57
2024-07-01,SKU0095,0,60,5,93
2024-07-08,SKU0095,0,0,5,92
2024-07-15,SKU0095,0,0,5,71
2024-07-22,SKU0095,51,18,5,71
2024-07-29,SKU0095,12,0,5,84
2024-08-05,SKU0095,22,6,5,46
2024-08-12,SKU0095,0,0,5,87
2024-08-19,SKU0095,0,0,5,80
2024-08-26,SKU0095,0,0,5,73
2024-09-02,SKU0095,0,0,5,62
2024-09-09,SKU0095,0,0,5,59
2024-09-16,SKU0095,0,63,5,71
2024-09-23,SKU0095,0,0,5,65
2024-09-30,SKU0095,0,0,5,103
2024-10-07,SKU0095,0,0,5,80
2024-10-14,SKU0095,0,80,5,94
2024-10-21,SKU0095,0,0,5,138
2024-10-28,SKU0095,0,0,5,121
2024-11-04,SKU0095,109,10,5,106
2024-11-11,SKU0095,66,99,5,81
2024-11-18,SKU0095,24,0,5,83
2024-11-25,SKU0095,0,94,5,118
2024-12-02,SKU0095,0,0,5,108
2024-12-09,SKU0095,0,0,5,93
2024-12-16,SKU0095,96,35,5,123
2024-12-23,SKU0095,48,60,5,75
2024-12-30,SKU0095,19,0,5,69
2025-01-06,SKU0095,0,0,5,75
2025-01-13,SKU0095,0,57,5,47
2025-01-20,SKU0095,0,0,5,83
2025-01-27,SKU0095,0,0,5,69
2025-02-03,SKU0095,0,0,5,67
2025-02-10,SKU0095,0,0,5,73
2025-02-17,SKU0095,0,0,5,66
2025-02-24,SKU0095,0,0,5,46
2025-03-03,SKU0095,0,40,5,62
2025-03-10,SKU0095,0,103,5,71
2025-03-17,SKU0095,162,10,5,128
2025-03-24,SKU0095,124,0,5,84
2025-03-31,SKU0095,91,0,5,66
2025-04-07,SKU0095,49,121,5,80
2025-04-14,SKU0095,15,74,5,58
2025-04-21,SKU0095,0,0,5,70
2025-04-28,SKU0095,0,0,5,83
2025-05-05,SKU0095,0,0,5,112
2025-05-12,SKU0095,89,22,5,84
2025-05-19,SKU0095,54,0,5,66
2025-05-26,SKU0095,6,66,5,94
2025-06-02,SKU0095,0,0,5,82
2025-06-09,SKU0095,0,0,5,80
2025-06-16,SKU0095,0,0,5,82
2025-06-23,SKU0095,0,0,5,81
2025-06-30,SKU0095,0,0,5,96
2025-07-07,SKU0095,0,0,5,129
2025-07-14,SKU0095,100,1,5,60
2025-07-21,SKU0095,109,16,5,62
2025-07-28,SKU0095,61,0,5,84
2025-08-04,SKU0095,96,8,5,77
2025-08-11,SKU0095,42,0,5,83
2025-08-18,SKU0095,0,0,5,74
2025-08-25,SKU0095,0,0,5,84
2025-09-01,SKU0095,0,0,5,60
2025-09-08,SKU0095,0,0,5,107
2025-09-15,SKU0095,0,104,5,75
2025-09-22,SKU0095,0,0,5,94
2025-09-29,SKU0095,98,6,5,75
2025-10-06,SKU0095,56,0,5,85
2025-10-13,SKU0095,108,26,5,93
2025-10-20,SKU0095,36,0,5,128
2025-10-27,SKU0095,0,0,5,93
2025-11-03,SKU0095,0,0,5,122
2025-11-10,SKU0095,53,5,5,69
2025-11-17,SKU0095,5,0,5,80
2025-11-24,SKU0095,0,0,5,152
2025-12-01,SKU0095,0,0,5,96
2025-12-08,SKU0095,0,63,5,108
2025-12-15,SKU0095,113,31,5,112
2025-12-22,SKU0095,56,81,5,109
2025-12-29,SKU0095,31,0,5,50
2024-01-01,SKU0096,72,0,9,38
2024-01-08,SKU0096,57,0,9,37
2024-01-15,SKU0096,40,0,9,42
2024-01-22,SKU0096,33,21,9,17
2024-01-29,SKU0096,12,0,9,52
2024-02-05,SKU0096,3,0,9,22
2024-02-12,SKU0096,45,1,9,40
2024-02-19,SKU0096,38,0,9,18
2024-02-26,SKU0096,28,28,9,22
2024-03-04,SKU0096,16,0,9,27
2024-03-11,SKU0096,0,0,9,39
2024-03-18,SKU0096,45,12,9,55
2024-03-25,SKU0096,29,0,9,44
2024-04-01,SKU0096,60,8,9,45
2024-04-08,SKU0096,35,56,9,63
2024-04-15,SKU0096,20,0,9,46
2024-04-22,SKU0096,5,0,9,33
2024-04-29,SKU0096,0,0,9,33
2024-05-06,SKU0096,0,0,9,46
2024-05-13,SKU0096,18,4,9,53
2024-05-20,SKU0096,8,0,9,32
2024-05-27,SKU0096,30,5,9,35
2024-06-03,SKU0096,17,0,9,32
2024-06-10,SKU0096,2,18,9,45
2024-06-17,SKU0096,24,5,9,25
2024-06-24,SKU0096,10,0,9,34
2024-07-01,SKU0096,0,0,9,40
2024-07-08,SKU0096,27,5,9,56
2024-07-15,SKU0096,11,0,9,38
2024-07-22,SKU0096,1,0,9,26
2024-07-29,SKU0096,34,15,9,39
2024-08-05,SKU0096,14,0,9,54
2024-08-12,SKU0096,1,0,9,34
2024-08-19,SKU0096,0,0,9,26
2024-08-26,SKU0096,0,28,9,35
2024-09-02,SKU0096,0,0,9,22
2024-09-09,SKU0096,24,6,9,28
2024-09-16,SKU0096,44,4,9,43
2024-09-23,SKU0096,26,0,9,39
2024-09-30,SKU0096,11,0,9,41
2024-10-07,SKU0096,0,0,9,47
2024-10-14,SKU0096,0,43,9,44
2024-10-21,SKU0096,0,0,9,45
2024-10-28,SKU0096,52,16,9,68
2024-11-04,SKU0096,22,0,9,70
2024-11-11,SKU0096,1,0,9,56
2024-11-18,SKU0096,0,0,9,55
2024-11-25,SKU0096,0,0,9,65
2024-12-02,SKU0096,0,23,9,52
2024-12-09,SKU0096,0,0,9,74
2024-12-16,SKU0096,42,8,9,64
2024-12-23,SKU0096,55,10,9,49
2024-12-30,SKU0096,46,0,9,24
2025-01-06,SKU0096,38,0,9,19
2025-01-13,SKU0096,25,0,9,36
2025-01-20,SKU0096,13,0,9,29
2025-01-27,SKU0096,2,18,9,30
2025-02-03,SKU0096,0,0,9,49
2025-02-10,SKU0096,0,0,9,26
2025-02-17,SKU0096,0,0,9,47
2025-02-24,SKU0096,0,0,9,64
2025-03-03,SKU0096,0,34,9,48
2025-03-10,SKU0096,32,1,9,56
2025-03-17,SKU0096,6,0,9,71
2025-03-24,SKU0096,0,0,9,34
2025-03-31,SKU0096,31,3,9,35
2025-04-07,SKU0096,18,0,9,37
2025-04-14,SKU0096,4,0,9,39
2025-04-21,SKU0096,0,0,9,35
2025-04-28,SKU0096,0,42,9,49
2025-05-05,SKU0096,20,8,9,33
2025-05-12,SKU0096,23,5,9,23
2025-05-19,SKU0096,10,38,9,36
2025-05-26,SKU0096,16,7,9,60
2025-06-02,SKU0096,1,0,9,39
2025-06-09,SKU0096,0,24,9,44
2025-06-16,SKU0096,0,0,9,59
2025-06-23,SKU0096,0,0,9,73
2025-06-30,SKU0096,0,0,9,65
2025-07-07,SKU0096,49,11,9,61
2025-07-14,SKU0096,23,0,9,69
2025-07-21,SKU0096,6,28,9,44
2025-07-28,SKU0096,0,0,9,35
2025-08-04,SKU0096,0,0,9,34
2025-08-11,SKU0096,53,11,9,57
2025-08-18,SKU0096,30,27,9,59
2025-08-25,SKU0096,1,0,9,67
2025-09-01,SKU0096,0,0,9,37
2025-09-08,SKU0096,56,13,9,56
2025-09-15,SKU0096,39,0,9,42
2025-09-22,SKU0096,21,0,9,47
2025-09-29,SKU0096,2,0,9,44
2025-10-06,SKU0096,0,0,9,31
2025-10-13,SKU0096,0,0,9,64
2025-10-20,SKU0096,0,0,9,76
2025-10-27,SKU0096,0,0,9,51
2025-11-03,SKU0096,70,6,9,67
2025-11-10,SKU0096,52,0,9,54
2025-11-17,SKU0096,34,38,9,47
2025-11-24,SKU0096,7,0,9,78
2025-12-01,SKU0096,39,17,9,61
2025-12-08,SKU0096,18,0,9,51
2025-12-15,SKU0096,0,0,9,49
2025-12-22,SKU0096,0,0,9,32
2025-12-29,SKU0096,0,0,9,28
2024-01-01,SKU0097,818,0,13,296
2024-01-08,SKU0097,714,0,13,318
2024-01-15,SKU0097,823,23,13,263
2024-01-22,SKU0097,839,10,13,254
2024-01-29,SKU0097,762,0,13,287
2024-02-05,SKU0097,661,198,13,278
2024-02-12,SKU0097,569,209,13,273
2024-02-19,SKU0097,486,0,13,255
2024-02-26,SKU0097,395,103,13,301
2024-03-04,SKU0097,290,0,13,386
2024-03-11,SKU0097,389,90,13,393
2024-03-18,SKU0097,234,0,13,492
2024-03-25,SKU0097,122,0,13,354
2024-04-01,SKU0097,7,0,13,293
2024-04-08,SKU0097,0,0,13,323
2024-04-15,SKU0097,0,139,13,293
2024-04-22,SKU0097,0,0,13,283
2024-04-29,SKU0097,0,0,13,329
2024-05-06,SKU0097,271,3,13,336
2024-05-13,SKU0097,349,3,13,320
2024-05-20,SKU0097,244,0,13,336
2024-05-27,SKU0097,122,0,13,334
2024-06-03,SKU0097,26,0,13,265
2024-06-10,SKU0097,0,0,13,356
2024-06-17,SKU0097,202,21,13,363
2024-06-24,SKU0097,98,0,13,280
2024-07-01,SKU0097,0,378,13,426
2024-07-08,SKU0097,283,3,13,424
2024-07-15,SKU0097,145,358,13,433
2024-07-22,SKU0097,201,9,13,352
2024-07-29,SKU0097,106,224,13,277
2024-08-05,SKU0097,0,0,13,362
2024-08-12,SKU0097,0,0,13,356
2024-08-19,SKU0097,0,0,13,379
2024-08-26,SKU0097,0,0,13,406
2024-09-02,SKU0097,0,0,13,354
2024-09-09,SKU0097,0,169,13,357
2024-09-16,SKU0097,0,0,13,383
2024-09-23,SKU0097,0,0,13,286
2024-09-30,SKU0097,0,0,13,338
2024-10-07,SKU0097,0,0,13,342
2024-10-14,SKU0097,0,0,13,330
2024-10-21,SKU0097,0,0,13,435
2024-10-28,SKU0097,0,0,13,711
2024-11-04,SKU0097,307,88,13,415
2024-11-11,SKU0097,163,322,13,485
2024-11-18,SKU0097,219,19,13,485
2024-11-25,SKU0097,57,0,13,555
2024-12-02,SKU0097,0,0,13,442
2024-12-09,SKU0097,0,0,13,511
2024-12-16,SKU0097,0,0,13,438
2024-12-23,SKU0097,0,0,13,549
2024-12-30,SKU0097,0,0,13,307
2025-01-06,SKU0097,0,0,13,311
2025-01-13,SKU0097,0,188,13,310
2025-01-20,SKU0097,0,0,13,291
2025-01-27,SKU0097,0,0,13,283
2025-02-03,SKU0097,182,56,13,397
2025-02-10,SKU0097,78,0,13,374
2025-02-17,SKU0097,0,0,13,325
2025-02-24,SKU0097,0,108,13,241
2025-03-03,SKU0097,0,0,13,285
2025-03-10,SKU0097,0,0,13,371
2025-03-17,SKU0097,254,35,13,486
2025-03-24,SKU0097,258,41,13,347
2025-03-31,SKU0097,160,0,13,279
2025-04-07,SKU0097,42,0,13,356
2025-04-14,SKU0097,0,268,13,404
2025-04-21,SKU0097,246,21,13,363
2025-04-28,SKU0097,274,17,13,377
2025-05-05,SKU0097,154,0,13,409
2025-05-12,SKU0097,40,170,13,390
2025-05-19,SKU0097,0,139,13,355
2025-05-26,SKU0097,0,0,13,444
2025-06-02,SKU0097,0,132,13,270
2025-06-09,SKU0097,0,0,13,341
2025-06-16,SKU0097,0,0,13,332
2025-06-23,SKU0097,0,0,13,348
2025-06-30,SKU0097,0,0,13,477
2025-07-07,SKU0097,0,0,13,488
2025-07-14,SKU0097,0,0,13,332
2025-07-21,SKU0097,0,0,13,317
2025-07-28,SKU0097,0,0,13,396
2025-08-04,SKU0097,0,0,13,264
2025-08-11,SKU0097,0,0,13,321
2025-08-18,SKU0097,0,0,13,329
2025-08-25,SKU0097,0,0,13,441
2025-09-01,SKU0097,0,0,13,349
2025-09-08,SKU0097,114,28,13,290
2025-09-15,SKU0097,0,0,13,409
2025-09-22,SKU0097,0,0,13,321
2025-09-29,SKU0097,0,0,13,422
2025-10-06,SKU0097,240,43,13,483
2025-10-13,SKU0097,69,0,13,537
2025-10-20,SKU0097,0,0,13,518
2025-10-27,SKU0097,352,96,13,511
2025-11-03,SKU0097,156,0,13,703
2025-11-10,SKU0097,13,0,13,494
2025-11-17,SKU0097,0,0,13,415
2025-11-24,SKU0097,0,0,13,628
2025-12-01,SKU0097,0,0,13,466
2025-12-08,SKU0097,0,378,13,496
2025-12-15,SKU0097,0,0,13,415
2025-12-22,SKU0097,0,0,13,620
2025-12-29,SKU0097,143,34,13,179
2024-01-01,SKU0098,244,0,5,108
2024-01-08,SKU0098,203,0,5,87
2024-01-15,SKU0098,160,0,5,92
2024-01-22,SKU0098,122,0,5,70
2024-01-29,SKU0098,174,17,5,70
2024-02-05,SKU0098,127,0,5,103
2024-02-12,SKU0098,97,46,5,66
2024-02-19,SKU0098,33,0,5,136
2024-02-26,SKU0098,38,13,5,82
2024-03-04,SKU0098,0,0,5,131
2024-03-11,SKU0098,0,0,5,178
2024-03-18,SKU0098,0,145,5,140
2024-03-25,SKU0098,81,22,5,135
2024-04-01,SKU0098,6,0,5,155
2024-04-08,SKU0098,0,0,5,97
2024-04-15,SKU0098,0,0,5,128
2024-04-22,SKU0098,0,0,5,102
2024-04-29,SKU0098,127,42,5,107
2024-05-06,SKU0098,64,165,5,113
2024-05-13,SKU0098,3,0,5,93
2024-05-20,SKU0098,0,137,5,141
2024-05-27,SKU0098,0,0,5,81
2024-06-03,SKU0098,0,0,5,97
2024-06-10,SKU0098,0,0,5,130
2024-06-17,SKU0098,0,0,5,105
2024-06-24,SKU0098,0,107,5,103
2024-07-01,SKU0098,0,0,5,184
2024-07-08,SKU0098,0,0,5,109
2024-07-15,SKU0098,0,0,5,64
2024-07-22,SKU0098,0,126,5,86
2024-07-29,SKU0098,0,0,5,128
2024-08-05,SKU0098,0,0,5,121
2024-08-12,SKU0098,0,0,5,91
2024-08-19,SKU0098,97,4,5,127
2024-08-26,SKU0098,204,5,5,142
2024-09-02,SKU0098,257,8,5,120
2024-09-09,SKU0098,257,20,5,138
2024-09-16,SKU0098,214,0,5,98
2024-09-23,SKU0098,282,11,5,115
2024-09-30,SKU0098,221,195,5,113
2024-10-07,SKU0098,162,0,5,109
2024-10-14,SKU0098,92,217,5,141
2024-10-21,SKU0098,14,0,5,129
2024-10-28,SKU0098,119,17,5,212
2024-11-04,SKU0098,193,68,5,161
2024-11-11,SKU0098,113,0,5,132
2024-11-18,SKU0098,32,205,5,181
2024-11-25,SKU0098,0,158,5,178
2024-12-02,SKU0098,0,0,5,160
2024-12-09,SKU0098,0,0,5,172
2024-12-16,SKU0098,0,0,5,160
2024-12-23,SKU0098,137,23,5,131
2024-12-30,SKU0098,77,0,5,107
2025-01-06,SKU0098,21,0,5,114
2025-01-13,SKU0098,0,74,5,87
2025-01-20,SKU0098,0,0,5,90
2025-01-27,SKU0098,0,0,5,128
2025-02-03,SKU0098,0,0,5,107
2025-02-10,SKU0098,0,0,5,95
2025-02-17,SKU0098,0,0,5,115
2025-02-24,SKU0098,0,137,5,105
2025-03-03,SKU0098,0,0,5,103
2025-03-10,SKU0098,0,0,5,149
2025-03-17,SKU0098,0,192,5,141
2025-03-24,SKU0098,0,0,5,126
2025-03-31,SKU0098,0,0,5,126
2025-04-07,SKU0098,0,0,5,118
2025-04-14,SKU0098,0,0,5,95
2025-04-21,SKU0098,0,0,5,116
2025-04-28,SKU0098,0,0,5,118
2025-05-05,SKU0098,0,0,5,123
2025-05-12,SKU0098,0,0,5,133
2025-05-19,SKU0098,0,0,5,108
2025-05-26,SKU0098,0,0,5,137
2025-06-02,SKU0098,65,15,5,115
2025-06-09,SKU0098,146,25,5,133
2025-06-16,SKU0098,86,101,5,105
2025-06-23,SKU0098,28,0,5,123
2025-06-30,SKU0098,0,0,5,167
2025-07-07,SKU0098,0,0,5,167
2025-07-14,SKU0098,0,0,5,85
2025-07-21,SKU0098,0,0,5,121
2025-07-28,SKU0098,0,0,5,132
2025-08-04,SKU0098,55,18,5,113
2025-08-11,SKU0098,63,28,5,92
2025-08-18,SKU0098,12,0,5,118
2025-08-25,SKU0098,0,0,5,130
2025-09-01,SKU0098,0,141,5,101
2025-09-08,SKU0098,0,0,5,117
2025-09-15,SKU0098,76,12,5,145
2025-09-22,SKU0098,70,27,5,147
2025-09-29,SKU0098,0,0,5,148
2025-10-06,SKU0098,0,0,5,141
2025-10-13,SKU0098,152,60,5,227
2025-10-20,SKU0098,258,3,5,163
2025-10-27,SKU0098,353,45,5,190
2025-11-03,SKU0098,272,0,5,166
2025-11-10,SKU0098,163,0,5,165
2025-11-17,SKU0098,97,0,5,119
2025-11-24,SKU0098,0,0,5,196
2025-12-01,SKU0098,235,41,5,199
2025-12-08,SKU0098,143,170,5,158
2025-12-15,SKU0098,58,147,5,170
2025-12-22,SKU0098,0,0,5,188
2025-12-29,SKU0098,0,0,5,63
2024-01-01,SKU0099,157,0,4,47
2024-01-08,SKU0099,131,0,4,45
2024-01-15,SKU0099,99,73,4,51
2024-01-22,SKU0099,134,25,4,61
2024-01-29,SKU0099,103,88,4,48
2024-02-05,SKU0099,72,0,4,47
2024-02-12,SKU0099,45,0,4,57
2024-02-19,SKU0099,18,0,4,52
2024-02-26,SKU0099,50,7,4,67
2024-03-04,SKU0099,18,0,4,56
2024-03-11,SKU0099,0,0,4,55
2024-03-18,SKU0099,119,3,4,78
2024-03-25,SKU0099,95,0,4,43
2024-04-01,SKU0099,56,63,4,55
2024-04-08,SKU0099,22,0,4,63
2024-04-15,SKU0099,48,9,4,33
2024-04-22,SKU0099,14,0,4,56
2024-04-29,SKU0099,0,47,4,73
2024-05-06,SKU0099,0,0,4,74
2024-05-13,SKU0099,0,0,4,63
2024-05-20,SKU0099,0,0,4,79
2024-05-27,SKU0099,0,0,4,65
2024-06-03,SKU0099,0,45,4,53
2024-06-10,SKU0099,0,0,4,74
2024-06-17,SKU0099,53,23,4,54
2024-06-24,SKU0099,75,6,4,48
2024-07-01,SKU0099,28,57,4,80
2024-07-08,SKU0099,0,0,4,65
2024-07-15,SKU0099,0,0,4,46
2024-07-22,SKU0099,0,0,4,70
2024-07-29,SKU0099,31,7,4,57
2024-08-05,SKU0099,41,16,4,52
2024-08-12,SKU0099,1,0,4,73
2024-08-19,SKU0099,0,0,4,100
2024-08-26,SKU0099,0,0,4,69
2024-09-02,SKU0099,0,0,4,64
2024-09-09,SKU0099,0,0,4,57
2024-09-16,SKU0099,0,0,4,48
2024-09-23,SKU0099,0,0,4,55
2024-09-30,SKU0099,105,20,4,78
2024-10-07,SKU0099,53,105,4,80
2024-10-14,SKU0099,17,82,4,76
2024-10-21,SKU0099,0,0,4,96
2024-10-28,SKU0099,0,0,4,72
2024-11-04,SKU0099,0,0,4,83
2024-11-11,SKU0099,0,73,4,76
2024-11-18,SKU0099,0,0,4,74
2024-11-25,SKU0099,0,0,4,82
2024-12-02,SKU0099,0,0,4,111
2024-12-09,SKU0099,0,0,4,98
2024-12-16,SKU0099,0,65,4,88
2024-12-23,SKU0099,0,0,4,102
2024-12-30,SKU0099,0,0,4,84
2025-01-06,SKU0099,0,0,4,42
2025-01-13,SKU0099,0,81,4,57
2025-01-20,SKU0099,0,0,4,65
2025-01-27,SKU0099,0,0,4,66
2025-02-03,SKU0099,0,0,4,56
2025-02-10,SKU0099,0,0,4,68
2025-02-17,SKU0099,0,93,4,83
2025-02-24,SKU0099,0,0,4,57
2025-03-03,SKU0099,122,26,4,86
2025-03-10,SKU0099,73,0,4,93
2025-03-17,SKU0099,28,0,4,76
2025-03-24,SKU0099,0,0,4,57
2025-03-31,SKU0099,0,0,4,81
2025-04-07,SKU0099,0,0,4,71
2025-04-14,SKU0099,0,0,4,65
2025-04-21,SKU0099,0,0,4,72
2025-04-28,SKU0099,0,0,4,56
2025-05-05,SKU0099,0,42,4,71
2025-05-12,SKU0099,0,89,4,55
2025-05-19,SKU0099,0,0,4,92
2025-05-26,SKU0099,0,0,4,70
2025-06-02,SKU0099,0,41,4,53
2025-06-09,SKU0099,79,2,4,64
2025-06-16,SKU0099,41,0,4,63
2025-06-23,SKU0099,0,0,4,70
2025-06-30,SKU0099,0,0,4,128
2025-07-07,SKU0099,152,2,4,101
2025-07-14,SKU0099,205,6,4,63
2025-07-21,SKU0099,168,0,4,82
2025-07-28,SKU0099,139,0,4,54
2025-08-04,SKU0099,146,14,4,50
2025-08-11,SKU0099,102,97,4,62
2025-08-18,SKU0099,53,0,4,79
2025-08-25,SKU0099,8,0,4,88
2025-09-01,SKU0099,78,4,4,55
2025-09-08,SKU0099,98,2,4,62
2025-09-15,SKU0099,55,0,4,94
2025-09-22,SKU0099,20,0,4,63
2025-09-29,SKU0099,0,83,4,66
2025-10-06,SKU0099,0,0,4,52
2025-10-13,SKU0099,0,178,4,99
2025-10-20,SKU0099,0,78,4,98
2025-10-27,SKU0099,0,197,4,101
2025-11-03,SKU0099,0,0,4,85
2025-11-10,SKU0099,0,0,4,79
2025-11-17,SKU0099,0,76,4,82
2025-11-24,SKU0099,0,226,4,115
2025-12-01,SKU0099,102,20,4,88
2025-12-08,SKU0099,52,0,4,98
2025-12-15,SKU0099,0,0,4,105
2025-12-22,SKU0099,0,0,4,103
2025-12-29,SKU0099,0,43,4,36
2024-01-01,SKU0100,59,0,5,12
2024-01-08,SKU0100,52,0,5,15
2024-01-15,SKU0100,45,0,5,12
2024-01-22,SKU0100,52,3,5,11
2024-01-29,SKU0100,47,0,5,12
2024-02-05,SKU0100,36,0,5,19
2024-02-12,SKU0100,28,0,5,17
2024-02-19,SKU0100,24,0,5,14
2024-02-26,SKU0100,19,15,5,13
2024-03-04,SKU0100,29,1,5,16
2024-03-11,SKU0100,24,0,5,13
2024-03-18,SKU0100,40,5,5,20
2024-03-25,SKU0100,34,18,5,14
2024-04-01,SKU0100,30,4,5,13
2024-04-08,SKU0100,28,6,5,23
2024-04-15,SKU0100,22,8,5,11
2024-04-22,SKU0100,17,11,5,13
2024-04-29,SKU0100,5,0,5,23
2024-05-06,SKU0100,0,0,5,14
2024-05-13,SKU0100,0,10,5,14
2024-05-20,SKU0100,0,0,5,14
2024-05-27,SKU0100,0,10,5,13
2024-06-03,SKU0100,0,0,5,14
2024-06-10,SKU0100,0,0,5,17
2024-06-17,SKU0100,0,0,5,11
2024-06-24,SKU0100,0,0,5,11
2024-07-01,SKU0100,0,0,5,11
2024-07-08,SKU0100,0,9,5,14
2024-07-15,SKU0100,16,6,5,21
2024-07-22,SKU0100,12,0,5,12
2024-07-29,SKU0100,4,0,5,14
2024-08-05,SKU0100,0,0,5,11
2024-08-12,SKU0100,14,1,5,16
2024-08-19,SKU0100,22,6,5,13
2024-08-26,SKU0100,13,0,5,17
2024-09-02,SKU0100,3,0,5,18
2024-09-09,SKU0100,0,0,5,17
2024-09-16,SKU0100,0,0,5,17
2024-09-23,SKU0100,0,0,5,11
2024-09-30,SKU0100,0,0,5,15
2024-10-07,SKU0100,0,0,5,19
2024-10-14,SKU0100,0,0,5,14
2024-10-21,SKU0100,0,0,5,30
2024-10-28,SKU0100,0,32,5,22
2024-11-04,SKU0100,0,0,5,26
2024-11-11,SKU0100,0,0,5,22
2024-11-18,SKU0100,0,18,5,17
2024-11-25,SKU0100,0,0,5,26
2024-12-02,SKU0100,23,3,5,20
2024-12-09,SKU0100,13,0,5,22
2024-12-16,SKU0100,4,18,5,17
2024-12-23,SKU0100,0,0,5,14
2024-12-30,SKU0100,0,0,5,21
2025-01-06,SKU0100,0,0,5,25
2025-01-13,SKU0100,0,0,5,12
2025-01-20,SKU0100,0,0,5,13
2025-01-27,SKU0100,0,0,5,12
2025-02-03,SKU0100,0,0,5,14
2025-02-10,SKU0100,10,3,5,13
2025-02-17,SKU0100,22,3,5,16
2025-02-24,SKU0100,13,0,5,18
2025-03-03,SKU0100,5,0,5,13
2025-03-10,SKU0100,0,0,5,24
2025-03-17,SKU0100,0,0,5,20
2025-03-24,SKU0100,0,0,5,12
2025-03-31,SKU0100,0,0,5,18
2025-04-07,SKU0100,9,2,5,13
2025-04-14,SKU0100,0,22,5,27
2025-04-21,SKU0100,0,0,5,17
2025-04-28,SKU0100,0,0,5,14
2025-05-05,SKU0100,0,0,5,34
2025-05-12,SKU0100,0,15,5,21
2025-05-19,SKU0100,0,0,5,13
2025-05-26,SKU0100,0,0,5,14
2025-06-02,SKU0100,0,15,5,13
2025-06-09,SKU0100,10,2,5,14
2025-06-16,SKU0100,4,0,5,15
2025-06-23,SKU0100,0,10,5,15
2025-06-30,SKU0100,0,19,5,24
2025-07-07,SKU0100,0,0,5,14
2025-07-14,SKU0100,0,0,5,14
2025-07-21,SKU0100,0,0,5,22
2025-07-28,SKU0100,0,0,5,12
2025-08-04,SKU0100,0,0,5,13
2025-08-11,SKU0100,0,0,5,17
2025-08-18,SKU0100,0,0,5,17
2025-08-25,SKU0100,0,0,5,13
2025-09-01,SKU0100,12,2,5,16
2025-09-08,SKU0100,4,19,5,19
2025-09-15,SKU0100,18,7,5,23
2025-09-22,SKU0100,12,0,5,12
2025-09-29,SKU0100,4,0,5,14
2025-10-06,SKU0100,27,4,5,25
2025-10-13,SKU0100,35,2,5,13
2025-10-20,SKU0100,22,0,5,21
2025-10-27,SKU0100,10,0,5,18
2025-11-03,SKU0100,1,0,5,19
2025-11-10,SKU0100,0,0,5,11
2025-11-17,SKU0100,0,0,5,17
2025-11-24,SKU0100,0,0,5,31
2025-12-01,SKU0100,0,0,5,19
2025-12-08,SKU0100,0,18,5,20
2025-12-15,SKU0100,0,31,5,20
2025-12-22,SKU0100,0,0,5,11
2025-12-29,SKU0100,0,0,5,10
2024-01-01,SKU0101,99,11,3,60
2024-01-08,SKU0101,64,0,3,57
2024-01-15,SKU0101,95,10,3,55
2024-01-22,SKU0101,102,12,3,67
2024-01-29,SKU0101,133,22,3,45
2024-02-05,SKU0101,89,0,3,65
2024-02-12,SKU0101,54,0,3,54
2024-02-19,SKU0101,13,121,3,67
2024-02-26,SKU0101,0,0,3,45
2024-03-04,SKU0101,0,0,3,60
2024-03-11,SKU0101,0,0,3,57
2024-03-18,SKU0101,62,12,3,76
2024-03-25,SKU0101,24,87,3,64
2024-04-01,SKU0101,0,0,3,97
2024-04-08,SKU0101,94,11,3,92
2024-04-15,SKU0101,141,12,3,60
2024-04-22,SKU0101,203,12,3,75
2024-04-29,SKU0101,163,0,3,60
2024-05-06,SKU0101,116,0,3,61
2024-05-13,SKU0101,65,0,3,82
2024-05-20,SKU0101,27,0,3,66
2024-05-27,SKU0101,0,0,3,66
2024-06-03,SKU0101,0,0,3,68
2024-06-10,SKU0101,57,9,3,64
2024-06-17,SKU0101,4,0,3,77
2024-06-24,SKU0101,0,0,3,79
2024-07-01,SKU0101,0,0,3,82
2024-07-08,SKU0101,0,0,3,75
2024-07-15,SKU0101,44,10,3,62
2024-07-22,SKU0101,4,0,3,60
2024-07-29,SKU0101,0,0,3,70
2024-08-05,SKU0101,0,0,3,62
2024-08-12,SKU0101,0,0,3,75
2024-08-19,SKU0101,0,96,3,68
2024-08-26,SKU0101,0,171,3,95
2024-09-02,SKU0101,0,0,3,47
2024-09-09,SKU0101,0,119,3,68
2024-09-16,SKU0101,104,16,3,68
2024-09-23,SKU0101,55,0,3,83
2024-09-30,SKU0101,123,11,3,99
2024-10-07,SKU0101,70,0,3,84
2024-10-14,SKU0101,9,0,3,97
2024-10-21,SKU0101,0,0,3,117
2024-10-28,SKU0101,0,0,3,120
2024-11-04,SKU0101,0,0,3,96
2024-11-11,SKU0101,0,0,3,89
2024-11-18,SKU0101,0,0,3,80
2024-11-25,SKU0101,0,98,3,124
2024-12-02,SKU0101,0,0,3,128
2024-12-09,SKU0101,204,28,3,146
2024-12-16,SKU0101,211,26,3,95
2024-12-23,SKU0101,155,0,3,90
2024-12-30,SKU0101,119,0,3,56
2025-01-06,SKU0101,130,16,3,39
2025-01-13,SKU0101,82,121,3,80
2025-01-20,SKU0101,38,0,3,77
2025-01-27,SKU0101,0,0,3,65
2025-02-03,SKU0101,0,0,3,66
2025-02-10,SKU0101,42,5,3,62
2025-02-17,SKU0101,0,0,3,78
2025-02-24,SKU0101,0,67,3,73
2025-03-03,SKU0101,0,0,3,66
2025-03-10,SKU0101,0,0,3,73
2025-03-17,SKU0101,123,33,3,83
2025-03-24,SKU0101,80,123,3,76
2025-03-31,SKU0101,37,0,3,73
2025-04-07,SKU0101,81,29,3,96
2025-04-14,SKU0101,35,0,3,91
2025-04-21,SKU0101,0,0,3,79
2025-04-28,SKU0101,0,0,3,81
2025-05-05,SKU0101,0,120,3,64
2025-05-12,SKU0101,0,0,3,82
2025-05-19,SKU0101,0,0,3,79
2025-05-26,SKU0101,0,0,3,66
2025-06-02,SKU0101,0,0,3,54
2025-06-09,SKU0101,47,7,3,56
2025-06-16,SKU0101,0,50,3,75
2025-06-23,SKU0101,71,14,3,93
2025-06-30,SKU0101,5,0,3,96
2025-07-07,SKU0101,0,0,3,78
2025-07-14,SKU0101,0,0,3,74
2025-07-21,SKU0101,0,110,3,76
2025-07-28,SKU0101,0,0,3,48
2025-08-04,SKU0101,0,106,3,74
2025-08-11,SKU0101,59,7,3,78
2025-08-18,SKU0101,24,49,3,56
2025-08-25,SKU0101,0,0,3,78
2025-09-01,SKU0101,0,0,3,82
2025-09-08,SKU0101,141,5,3,88
2025-09-15,SKU0101,89,0,3,70
2025-09-22,SKU0101,35,0,3,98
2025-09-29,SKU0101,0,0,3,89
2025-10-06,SKU0101,0,0,3,91
2025-10-13,SKU0101,92,35,3,112
2025-10-20,SKU0101,34,76,3,89
2025-10-27,SKU0101,0,0,3,97
2025-11-03,SKU0101,123,6,3,142
2025-11-10,SKU0101,69,139,3,97
2025-11-17,SKU0101,14,0,3,87
2025-11-24,SKU0101,0,0,3,114
2025-12-01,SKU0101,0,0,3,98
2025-12-08,SKU0101,0,0,3,122
2025-12-15,SKU0101,0,0,3,84
2025-12-22,SKU0101,0,0,3,112
2025-12-29,SKU0101,0,0,3,44
2024-01-01,SKU0102,119,0,4,66
2024-01-08,SKU0102,81,75,4,66
2024-01-15,SKU0102,47,0,4,57
2024-01-22,SKU0102,13,59,4,75
2024-01-29,SKU0102,0,0,4,76
2024-02-05,SKU0102,0,0,4,69
2024-02-12,SKU0102,0,120,4,64
2024-02-19,SKU0102,0,0,4,79
2024-02-26,SKU0102,65,17,4,63
2024-03-04,SKU0102,28,0,4,76
2024-03-11,SKU0102,0,0,4,100
2024-03-18,SKU0102,0,0,4,87
2024-03-25,SKU0102,0,0,4,65
2024-04-01,SKU0102,0,0,4,74
2024-04-08,SKU0102,146,17,4,84
2024-04-15,SKU0102,112,0,4,67
2024-04-22,SKU0102,67,0,4,72
2024-04-29,SKU0102,147,1,4,98
2024-05-06,SKU0102,101,0,4,86
2024-05-13,SKU0102,39,0,4,114
2024-05-20,SKU0102,0,0,4,82
2024-05-27,SKU0102,98,13,4,96
2024-06-03,SKU0102,205,4,4,97
2024-06-10,SKU0102,164,0,4,73
2024-06-17,SKU0102,123,93,4,64
2024-06-24,SKU0102,171,32,4,80
2024-07-01,SKU0102,106,0,4,103
2024-07-08,SKU0102,49,0,4,103
2024-07-15,SKU0102,0,0,4,90
2024-07-22,SKU0102,0,0,4,97
2024-07-29,SKU0102,0,0,4,80
2024-08-05,SKU0102,61,15,4,79
2024-08-12,SKU0102,8,0,4,87
2024-08-19,SKU0102,0,0,4,66
2024-08-26,SKU0102,0,146,4,96
2024-09-02,SKU0102,0,0,4,103
2024-09-09,SKU0102,0,58,4,79
2024-09-16,SKU0102,0,0,4,86
2024-09-23,SKU0102,0,129,4,80
2024-09-30,SKU0102,0,129,4,108
2024-10-07,SKU0102,76,5,4,73
2024-10-14,SKU0102,26,0,4,73
2024-10-21,SKU0102,0,0,4,142
2024-10-28,SKU0102,0,237,4,145
2024-11-04,SKU0102,0,175,4,116
2024-11-11,SKU0102,60,24,4,115
2024-11-18,SKU0102,130,1,4,127
2024-11-25,SKU0102,186,27,4,120
2024-12-02,SKU0102,110,0,4,135
2024-12-09,SKU0102,45,205,4,111
2024-12-16,SKU0102,76,27,4,114
2024-12-23,SKU0102,13,0,4,103
2024-12-30,SKU0102,0,0,4,103
2025-01-06,SKU0102,0,0,4,76
2025-01-13,SKU0102,0,102,4,64
2025-01-20,SKU0102,0,0,4,88
2025-01-27,SKU0102,0,0,4,79
2025-02-03,SKU0102,0,0,4,78
2025-02-10,SKU0102,0,0,4,78
2025-02-17,SKU0102,49,4,4,77
2025-02-24,SKU0102,0,0,4,94
2025-03-03,SKU0102,0,0,4,108
2025-03-10,SKU0102,0,0,4,135
2025-03-17,SKU0102,0,0,4,107
2025-03-24,SKU0102,0,0,4,94
2025-03-31,SKU0102,0,0,4,91
2025-04-07,SKU0102,0,0,4,53
2025-04-14,SKU0102,111,27,4,94
2025-04-21,SKU0102,73,0,4,74
2025-04-28,SKU0102,129,28,4,93
2025-05-05,SKU0102,79,0,4,92
2025-05-12,SKU0102,36,0,4,62
2025-05-19,SKU0102,72,23,4,107
2025-05-26,SKU0102,9,161,4,125
2025-06-02,SKU0102,0,0,4,89
2025-06-09,SKU0102,0,0,4,93
2025-06-16,SKU0102,0,0,4,92
2025-06-23,SKU0102,0,0,4,77
2025-06-30,SKU0102,0,114,4,119
2025-07-07,SKU0102,0,0,4,104
2025-07-14,SKU0102,0,197,4,111
2025-07-21,SKU0102,0,0,4,92
2025-07-28,SKU0102,0,0,4,73
2025-08-04,SKU0102,54,4,4,83
2025-08-11,SKU0102,0,0,4,125
2025-08-18,SKU0102,0,0,4,89
2025-08-25,SKU0102,0,0,4,107
2025-09-01,SKU0102,0,0,4,98
2025-09-08,SKU0102,87,2,4,113
2025-09-15,SKU0102,25,0,4,129
2025-09-22,SKU0102,86,3,4,74
2025-09-29,SKU0102,87,6,4,93
2025-10-06,SKU0102,21,0,4,110
2025-10-13,SKU0102,0,0,4,107
2025-10-20,SKU0102,0,0,4,111
2025-10-27,SKU0102,0,0,4,164
2025-11-03,SKU0102,98,2,4,120
2025-11-10,SKU0102,30,0,4,122
2025-11-17,SKU0102,155,5,4,108
2025-11-24,SKU0102,86,0,4,129
2025-12-01,SKU0102,131,43,4,172
2025-12-08,SKU0102,63,0,4,118
2025-12-15,SKU0102,0,0,4,140
2025-12-22,SKU0102,168,32,4,110
2025-12-29,SKU0102,133,0,4,57
2024-01-01,SKU0103,239,0,8,205
2024-01-08,SKU0103,151,0,8,217
2024-01-15,SKU0103,86,0,8,169
2024-01-22,SKU0103,12,231,8,198
2024-01-29,SKU0103,0,0,8,166
2024-02-05,SKU0103,0,0,8,217
2024-02-12,SKU0103,0,0,8,164
2024-02-19,SKU0103,0,0,8,147
2024-02-26,SKU0103,0,0,8,191
2024-03-04,SKU0103,188,6,8,236
2024-03-11,SKU0103,90,0,8,225
2024-03-18,SKU0103,130,15,8,277
2024-03-25,SKU0103,37,0,8,211
2024-04-01,SKU0103,0,0,8,205
2024-04-08,SKU0103,144,33,8,220
2024-04-15,SKU0103,57,0,8,237
2024-04-22,SKU0103,0,0,8,206
2024-04-29,SKU0103,0,99,8,187
2024-05-06,SKU0103,0,0,8,208
2024-05-13,SKU0103,128,14,8,196
2024-05-20,SKU0103,42,0,8,164
2024-05-27,SKU0103,136,27,8,218
2024-06-03,SKU0103,55,0,8,202
2024-06-10,SKU0103,0,0,8,198
2024-06-17,SKU0103,121,34,8,210
2024-06-24,SKU0103,239,55,8,212
2024-07-01,SKU0103,136,305,8,283
2024-07-08,SKU0103,207,47,8,254
2024-07-15,SKU0103,324,29,8,228
2024-07-22,SKU0103,371,47,8,179
2024-07-29,SKU0103,260,0,8,213
2024-08-05,SKU0103,136,0,8,272
2024-08-12,SKU0103,273,19,8,180
2024-08-19,SKU0103,292,8,8,180
2024-08-26,SKU0103,195,0,8,238
2024-09-02,SKU0103,96,0,8,236
2024-09-09,SKU0103,96,25,8,199
2024-09-16,SKU0103,0,169,8,212
2024-09-23,SKU0103,109,23,8,225
2024-09-30,SKU0103,175,57,8,252
2024-10-07,SKU0103,230,17,8,252
2024-10-14,SKU0103,131,0,8,202
2024-10-21,SKU0103,0,0,8,317
2024-10-28,SKU0103,0,0,8,402
2024-11-04,SKU0103,0,0,8,268
2024-11-11,SKU0103,0,324,8,269
2024-11-18,SKU0103,0,0,8,218
2024-11-25,SKU0103,301,76,8,307
2024-12-02,SKU0103,141,181,8,314
2024-12-09,SKU0103,17,171,8,268
2024-12-16,SKU0103,0,0,8,369
2024-12-23,SKU0103,0,367,8,351
2024-12-30,SKU0103,0,0,8,185
2025-01-06,SKU0103,0,0,8,163
2025-01-13,SKU0103,70,18,8,175
2025-01-20,SKU0103,0,0,8,203
2025-01-27,SKU0103,0,0,8,220
2025-02-03,SKU0103,0,95,8,200
2025-02-10,SKU0103,0,0,8,186
2025-02-17,SKU0103,138,32,8,213
2025-02-24,SKU0103,40,0,8,231
2025-03-03,SKU0103,0,0,8,206
2025-03-10,SKU0103,0,162,8,203
2025-03-17,SKU0103,0,0,8,281
2025-03-24,SKU0103,0,0,8,254
2025-03-31,SKU0103,0,0,8,212
2025-04-07,SKU0103,0,0,8,272
2025-04-14,SKU0103,0,0,8,238
2025-04-21,SKU0103,177,14,8,139
2025-04-28,SKU0103,262,73,8,259
2025-05-05,SKU0103,184,153,8,227
2025-05-12,SKU0103,98,190,8,235
2025-05-19,SKU0103,0,0,8,253
2025-05-26,SKU0103,0,0,8,204
2025-06-02,SKU0103,234,33,8,221
2025-06-09,SKU0103,114,306,8,280
2025-06-16,SKU0103,24,0,8,205
2025-06-23,SKU0103,0,142,8,240
2025-06-30,SKU0103,0,0,8,308
2025-07-07,SKU0103,0,0,8,359
2025-07-14,SKU0103,314,4,8,253
2025-07-21,SKU0103,212,0,8,246
2025-07-28,SKU0103,271,39,8,220
2025-08-04,SKU0103,175,0,8,264
2025-08-11,SKU0103,260,48,8,231
2025-08-18,SKU0103,308,42,8,264
2025-08-25,SKU0103,213,0,8,233
2025-09-01,SKU0103,109,0,8,253
2025-09-08,SKU0103,5,0,8,210
2025-09-15,SKU0103,0,0,8,271
2025-09-22,SKU0103,0,201,8,235
2025-09-29,SKU0103,0,0,8,235
2025-10-06,SKU0103,0,216,8,211
2025-10-13,SKU0103,0,0,8,277
2025-10-20,SKU0103,0,0,8,402
2025-10-27,SKU0103,0,0,8,366
2025-11-03,SKU0103,0,0,8,329
2025-11-10,SKU0103,0,0,8,287
2025-11-17,SKU0103,0,0,8,334
2025-11-24,SKU0103,0,0,8,377
2025-12-01,SKU0103,0,0,8,293
2025-12-08,SKU0103,0,0,8,318
2025-12-15,SKU0103,0,219,8,257
2025-12-22,SKU0103,0,0,8,261
2025-12-29,SKU0103,0,0,8,150
2024-01-01,SKU0104,103,48,13,99
2024-01-08,SKU0104,72,0,13,102
2024-01-15,SKU0104,36,0,13,121
2024-01-22,SKU0104,10,0,13,96
2024-01-29,SKU0104,0,0,13,119
2024-02-05,SKU0104,0,0,13,99
2024-02-12,SKU0104,62,1,13,91
2024-02-19,SKU0104,22,0,13,103
2024-02-26,SKU0104,0,0,13,101
2024-03-04,SKU0104,66,21,13,121
2024-03-11,SKU0104,12,0,13,167
2024-03-18,SKU0104,0,0,13,146
2024-03-25,SKU0104,68,29,13,121
2024-04-01,SKU0104,29,0,13,129
2024-04-08,SKU0104,0,0,13,95
2024-04-15,SKU0104,65,1,13,113
2024-04-22,SKU0104,35,0,13,100
2024-04-29,SKU0104,1,0,13,109
2024-05-06,SKU0104,0,0,13,115
2024-05-13,SKU0104,106,29,13,135
2024-05-20,SKU0104,56,0,13,157
2024-05-27,SKU0104,11,0,13,127
2024-06-03,SKU0104,0,0,13,116
2024-06-10,SKU0104,0,51,13,133
2024-06-17,SKU0104,0,0,13,132
2024-06-24,SKU0104,0,0,13,129
2024-07-01,SKU0104,0,0,13,228
2024-07-08,SKU0104,0,0,13,159
2024-07-15,SKU0104,0,0,13,105
2024-07-22,SKU0104,0,0,13,146
2024-07-29,SKU0104,0,0,13,99
2024-08-05,SKU0104,0,0,13,194
2024-08-12,SKU0104,0,0,13,124
2024-08-19,SKU0104,75,2,13,156
2024-08-26,SKU0104,124,16,13,88
2024-09-02,SKU0104,95,0,13,96
2024-09-09,SKU0104,65,0,13,103
2024-09-16,SKU0104,30,0,13,106
2024-09-23,SKU0104,0,0,13,106
2024-09-30,SKU0104,0,0,13,148
2024-10-07,SKU0104,0,0,13,181
2024-10-14,SKU0104,0,0,13,167
2024-10-21,SKU0104,123,34,13,190
2024-10-28,SKU0104,53,0,13,275
2024-11-04,SKU0104,0,0,13,207
2024-11-11,SKU0104,0,0,13,131
2024-11-18,SKU0104,0,0,13,193
2024-11-25,SKU0104,0,0,13,224
2024-12-02,SKU0104,0,0,13,190
2024-12-09,SKU0104,0,0,13,190
2024-12-16,SKU0104,0,0,13,189
2024-12-23,SKU0104,0,165,13,185
2024-12-30,SKU0104,0,0,13,163
2025-01-06,SKU0104,0,0,13,88
2025-01-13,SKU0104,0,0,13,139
2025-01-20,SKU0104,23,10,13,69
2025-01-27,SKU0104,0,0,13,123
2025-02-03,SKU0104,37,3,13,91
2025-02-10,SKU0104,6,0,13,119
2025-02-17,SKU0104,0,116,13,151
2025-02-24,SKU0104,0,0,13,148
2025-03-03,SKU0104,0,0,13,184
2025-03-10,SKU0104,0,0,13,187
2025-03-17,SKU0104,0,0,13,165
2025-03-24,SKU0104,0,0,13,108
2025-03-31,SKU0104,0,0,13,118
2025-04-07,SKU0104,0,0,13,163
2025-04-14,SKU0104,0,0,13,125
2025-04-21,SKU0104,0,139,13,176
2025-04-28,SKU0104,0,0,13,126
2025-05-05,SKU0104,0,0,13,167
2025-05-12,SKU0104,0,0,13,136
2025-05-19,SKU0104,0,0,13,142
2025-05-26,SKU0104,0,0,13,132
2025-06-02,SKU0104,118,26,13,129
2025-06-09,SKU0104,86,0,13,116
2025-06-16,SKU0104,51,111,13,112
2025-06-23,SKU0104,20,60,13,116
2025-06-30,SKU0104,0,0,13,219
2025-07-07,SKU0104,0,198,13,205
2025-07-14,SKU0104,0,0,13,120
2025-07-21,SKU0104,0,0,13,124
2025-07-28,SKU0104,0,0,13,134
2025-08-04,SKU0104,0,0,13,164
2025-08-11,SKU0104,119,17,13,162
2025-08-18,SKU0104,65,102,13,164
2025-08-25,SKU0104,23,0,13,124
2025-09-01,SKU0104,0,46,13,84
2025-09-08,SKU0104,0,0,13,166
2025-09-15,SKU0104,0,0,13,151
2025-09-22,SKU0104,0,0,13,153
2025-09-29,SKU0104,0,0,13,116
2025-10-06,SKU0104,0,0,13,120
2025-10-13,SKU0104,0,0,13,228
2025-10-20,SKU0104,76,31,13,314
2025-10-27,SKU0104,0,163,13,280
2025-11-03,SKU0104,0,0,13,230
2025-11-10,SKU0104,0,0,13,206
2025-11-17,SKU0104,0,0,13,179
2025-11-24,SKU0104,0,0,13,256
2025-12-01,SKU0104,0,0,13,227
2025-12-08,SKU0104,0,0,13,180
2025-12-15,SKU0104,62,2,13,202
2025-12-22,SKU0104,15,0,13,167
2025-12-29,SKU0104,0,0,13,57
2024-01-01,SKU0105,341,0,9,83
2024-01-08,SKU0105,305,0,9,92
2024-01-15,SKU0105,272,0,9,104
2024-01-22,SKU0105,243,0,9,87
2024-01-29,SKU0105,214,0,9,70
2024-02-05,SKU0105,250,34,9,124
2024-02-12,SKU0105,226,0,9,77
2024-02-19,SKU0105,186,0,9,113
2024-02-26,SKU0105,139,0,9,100
2024-03-04,SKU0105,90,0,9,112
2024-03-11,SKU0105,48,0,9,88
2024-03-18,SKU0105,0,0,9,175
2024-03-25,SKU0105,0,83,9,81
2024-04-01,SKU0105,0,61,9,99
2024-04-08,SKU0105,0,69,9,100
2024-04-15,SKU0105,0,0,9,128
2024-04-22,SKU0105,0,0,9,123
2024-04-29,SKU0105,0,0,9,94
2024-05-06,SKU0105,0,0,9,102
2024-05-13,SKU0105,0,0,9,106
2024-05-20,SKU0105,0,0,9,111
2024-05-27,SKU0105,0,0,9,116
2024-06-03,SKU0105,0,0,9,87
2024-06-10,SKU0105,0,0,9,125
2024-06-17,SKU0105,0,0,9,125
2024-06-24,SKU0105,0,0,9,129
2024-07-01,SKU0105,0,0,9,166
2024-07-08,SKU0105,0,0,9,106
2024-07-15,SKU0105,0,0,9,120
2024-07-22,SKU0105,92,9,9,83
2024-07-29,SKU0105,48,0,9,112
2024-08-05,SKU0105,4,0,9,108
2024-08-12,SKU0105,0,0,9,86
2024-08-19,SKU0105,0,0,9,133
2024-08-26,SKU0105,47,13,9,124
2024-09-02,SKU0105,0,66,9,106
2024-09-09,SKU0105,0,88,9,111
2024-09-16,SKU0105,85,36,9,117
2024-09-23,SKU0105,48,0,9,110
2024-09-30,SKU0105,6,68,9,123
2024-10-07,SKU0105,0,0,9,125
2024-10-14,SKU0105,0,0,9,124
2024-10-21,SKU0105,0,0,9,185
2024-10-28,SKU0105,97,19,9,141
2024-11-04,SKU0105,41,0,9,146
2024-11-11,SKU0105,134,14,9,111
2024-11-18,SKU0105,88,0,9,143
2024-11-25,SKU0105,8,0,9,174
2024-12-02,SKU0105,0,0,9,190
2024-12-09,SKU0105,0,0,9,147
2024-12-16,SKU0105,136,52,9,165
2024-12-23,SKU0105,81,0,9,128
2024-12-30,SKU0105,123,6,9,122
2025-01-06,SKU0105,88,0,9,76
2025-01-13,SKU0105,59,0,9,84
2025-01-20,SKU0105,14,109,9,108
2025-01-27,SKU0105,0,0,9,106
2025-02-03,SKU0105,0,121,9,119
2025-02-10,SKU0105,0,0,9,95
2025-02-17,SKU0105,75,26,9,98
2025-02-24,SKU0105,20,0,9,147
2025-03-03,SKU0105,0,93,9,100
2025-03-10,SKU0105,0,0,9,133
2025-03-17,SKU0105,0,0,9,127
2025-03-24,SKU0105,0,0,9,124
2025-03-31,SKU0105,0,0,9,114
2025-04-07,SKU0105,0,0,9,87
2025-04-14,SKU0105,0,0,9,118
2025-04-21,SKU0105,63,16,9,99
2025-04-28,SKU0105,17,105,9,110
2025-05-05,SKU0105,0,0,9,96
2025-05-12,SKU0105,83,22,9,122
2025-05-19,SKU0105,37,0,9,99
2025-05-26,SKU0105,90,5,9,136
2025-06-02,SKU0105,38,0,9,111
2025-06-09,SKU0105,0,0,9,128
2025-06-16,SKU0105,0,0,9,119
2025-06-23,SKU0105,0,0,9,101
2025-06-30,SKU0105,0,0,9,142
2025-07-07,SKU0105,0,116,9,152
2025-07-14,SKU0105,88,24,9,119
2025-07-21,SKU0105,144,33,9,135
2025-07-28,SKU0105,96,0,9,118
2025-08-04,SKU0105,51,0,9,116
2025-08-11,SKU0105,61,18,9,160
2025-08-18,SKU0105,16,53,9,112
2025-08-25,SKU0105,0,164,9,125
2025-09-01,SKU0105,0,0,9,95
2025-09-08,SKU0105,0,0,9,109
2025-09-15,SKU0105,85,19,9,127
2025-09-22,SKU0105,32,0,9,132
2025-09-29,SKU0105,0,0,9,114
2025-10-06,SKU0105,0,0,9,107
2025-10-13,SKU0105,0,186,9,160
2025-10-20,SKU0105,74,16,9,180
2025-10-27,SKU0105,18,0,9,119
2025-11-03,SKU0105,0,0,9,221
2025-11-10,SKU0105,0,0,9,151
2025-11-17,SKU0105,0,0,9,126
2025-11-24,SKU0105,0,0,9,173
2025-12-01,SKU0105,0,0,9,186
2025-12-08,SKU0105,0,0,9,156
2025-12-15,SKU0105,0,0,9,195
2025-12-22,SKU0105,0,0,9,168
2025-12-29,SKU0105,0,0,9,88
2024-01-01,SKU0106,133,9,4,33
2024-01-08,SKU0106,110,0,4,45
2024-01-15,SKU0106,90,0,4,35
2024-01-22,SKU0106,115,13,4,30
2024-01-29,SKU0106,103,0,4,21
2024-02-05,SKU0106,82,0,4,38
2024-02-12,SKU0106,61,0,4,30
2024-02-19,SKU0106,43,0,4,33
2024-02-26,SKU0106,20,0,4,41
2024-03-04,SKU0106,0,0,4,32
2024-03-11,SKU0106,0,0,4,53
2024-03-18,SKU0106,70,5,4,47
2024-03-25,SKU0106,85,5,4,27
2024-04-01,SKU0106,67,0,4,32
2024-04-08,SKU0106,44,0,4,36
2024-04-15,SKU0106,27,0,4,33
2024-04-22,SKU0106,9,0,4,41
2024-04-29,SKU0106,0,35,4,27
2024-05-06,SKU0106,64,3,4,50
2024-05-13,SKU0106,43,0,4,38
2024-05-20,SKU0106,24,0,4,34
2024-05-27,SKU0106,66,8,4,44
2024-06-03,SKU0106,40,40,4,44
2024-06-10,SKU0106,12,0,4,51
2024-06-17,SKU0106,0,37,4,36
2024-06-24,SKU0106,0,43,4,41
2024-07-01,SKU0106,0,62,4,50
2024-07-08,SKU0106,45,9,4,63
2024-07-15,SKU0106,16,0,4,45
2024-07-22,SKU0106,0,0,4,36
2024-07-29,SKU0106,0,0,4,39
2024-08-05,SKU0106,0,29,4,48
2024-08-12,SKU0106,0,42,4,45
2024-08-19,SKU0106,0,0,4,39
2024-08-26,SKU0106,0,0,4,25
2024-09-02,SKU0106,0,0,4,43
2024-09-09,SKU0106,0,0,4,44
2024-09-16,SKU0106,0,0,4,43
2024-09-23,SKU0106,0,0,4,57
2024-09-30,SKU0106,0,37,4,45
2024-10-07,SKU0106,0,0,4,45
2024-10-14,SKU0106,0,0,4,36
2024-10-21,SKU0106,58,1,4,64
2024-10-28,SKU0106,82,23,4,67
2024-11-04,SKU0106,51,0,4,51
2024-11-11,SKU0106,32,0,4,32
2024-11-18,SKU0106,2,32,4,56
2024-11-25,SKU0106,0,50,4,48
2024-12-02,SKU0106,0,0,4,61
2024-12-09,SKU0106,0,76,4,43
2024-12-16,SKU0106,0,0,4,72
2024-12-23,SKU0106,0,0,4,55
2024-12-30,SKU0106,0,0,4,47
2025-01-06,SKU0106,73,20,4,51
2025-01-13,SKU0106,49,29,4,40
2025-01-20,SKU0106,24,0,4,49
2025-01-27,SKU0106,3,0,4,30
2025-02-03,SKU0106,0,0,4,49
2025-02-10,SKU0106,0,0,4,29
2025-02-17,SKU0106,43,10,4,39
2025-02-24,SKU0106,65,8,4,38
2025-03-03,SKU0106,45,50,4,38
2025-03-10,SKU0106,23,44,4,43
2025-03-17,SKU0106,0,40,4,61
2025-03-24,SKU0106,0,0,4,33
2025-03-31,SKU0106,0,64,4,37
2025-04-07,SKU0106,0,0,4,45
2025-04-14,SKU0106,0,0,4,45
2025-04-21,SKU0106,0,0,4,34
2025-04-28,SKU0106,0,22,4,29
2025-05-05,SKU0106,0,0,4,69
2025-05-12,SKU0106,0,0,4,40
2025-05-19,SKU0106,0,0,4,41
2025-05-26,SKU0106,0,0,4,38
2025-06-02,SKU0106,28,6,4,47
2025-06-09,SKU0106,8,0,4,37
2025-06-16,SKU0106,0,0,4,40
2025-06-23,SKU0106,0,54,4,36
2025-06-30,SKU0106,0,0,4,56
2025-07-07,SKU0106,0,82,4,58
2025-07-14,SKU0106,0,64,4,37
2025-07-21,SKU0106,0,0,4,38
2025-07-28,SKU0106,18,6,4,32
2025-08-04,SKU0106,0,0,4,38
2025-08-11,SKU0106,0,0,4,49
2025-08-18,SKU0106,0,0,4,42
2025-08-25,SKU0106,0,0,4,50
2025-09-01,SKU0106,37,1,4,30
2025-09-08,SKU0106,7,0,4,49
2025-09-15,SKU0106,0,0,4,57
2025-09-22,SKU0106,0,63,4,50
2025-09-29,SKU0106,0,0,4,63
2025-10-06,SKU0106,0,0,4,47
2025-10-13,SKU0106,0,0,4,92
2025-10-20,SKU0106,0,0,4,69
2025-10-27,SKU0106,0,0,4,73
2025-11-03,SKU0106,0,62,4,45
2025-11-10,SKU0106,0,0,4,50
2025-11-17,SKU0106,0,52,4,67
2025-11-24,SKU0106,0,60,4,77
2025-12-01,SKU0106,0,0,4,50
2025-12-08,SKU0106,82,12,4,67
2025-12-15,SKU0106,43,0,4,64
2025-12-22,SKU0106,67,1,4,72
2025-12-29,SKU0106,55,0,4,22
2024-01-01,SKU0107,60,0,10,31
2024-01-08,SKU0107,46,0,10,44
2024-01-15,SKU0107,25,0,10,54
2024-01-22,SKU0107,4,0,10,55
2024-01-29,SKU0107,0,0,10,46
2024-02-05,SKU0107,0,0,10,48
2024-02-12,SKU0107,0,74,10,69
2024-02-19,SKU0107,0,21,10,51
2024-02-26,SKU0107,0,0,10,47
2024-03-04,SKU0107,46,18,10,76
2024-03-11,SKU0107,21,85,10,76
2024-03-18,SKU0107,0,0,10,79
2024-03-25,SKU0107,0,0,10,56
2024-04-01,SKU0107,47,1,10,48
2024-04-08,SKU0107,28,44,10,46
2024-04-15,SKU0107,66,7,10,56
2024-04-22,SKU0107,49,0,10,41
2024-04-29,SKU0107,88,2,10,55
2024-05-06,SKU0107,57,0,10,71
2024-05-13,SKU0107,36,0,10,53
2024-05-20,SKU0107,15,0,10,57
2024-05-27,SKU0107,60,7,10,63
2024-06-03,SKU0107,41,0,10,65
2024-06-10,SKU0107,61,10,10,44
2024-06-17,SKU0107,74,10,10,52
2024-06-24,SKU0107,39,0,10,109
2024-07-01,SKU0107,64,13,10,68
2024-07-08,SKU0107,65,3,10,37
2024-07-15,SKU0107,45,0,10,51
2024-07-22,SKU0107,79,8,10,69
2024-07-29,SKU0107,56,0,10,68
2024-08-05,SKU0107,38,0,10,54
2024-08-12,SKU0107,22,0,10,44
2024-08-19,SKU0107,1,22,10,50
2024-08-26,SKU0107,0,0,10,52
2024-09-02,SKU0107,0,0,10,41
2024-09-09,SKU0107,0,0,10,42
2024-09-16,SKU0107,21,7,10,63
2024-09-23,SKU0107,11,0,10,28
2024-09-30,SKU0107,0,0,10,67
2024-10-07,SKU0107,0,0,10,55
2024-10-14,SKU0107,0,48,10,99
2024-10-21,SKU0107,0,0,10,97
2024-10-28,SKU0107,0,0,10,93
2024-11-04,SKU0107,0,0,10,97
2024-11-11,SKU0107,0,0,10,64
2024-11-18,SKU0107,0,0,10,81
2024-11-25,SKU0107,61,12,10,118
2024-12-02,SKU0107,93,22,10,75
2024-12-09,SKU0107,65,0,10,84
2024-12-16,SKU0107,40,0,10,62
2024-12-23,SKU0107,14,0,10,67
2024-12-30,SKU0107,0,0,10,64
2025-01-06,SKU0107,0,0,10,51
2025-01-13,SKU0107,0,0,10,50
2025-01-20,SKU0107,0,0,10,65
2025-01-27,SKU0107,0,0,10,57
2025-02-03,SKU0107,0,0,10,57
2025-02-10,SKU0107,17,2,10,34
2025-02-17,SKU0107,0,0,10,51
2025-02-24,SKU0107,0,45,10,64
2025-03-03,SKU0107,0,0,10,67
2025-03-10,SKU0107,16,4,10,45
2025-03-17,SKU0107,0,0,10,98
2025-03-24,SKU0107,0,40,10,50
2025-03-31,SKU0107,0,0,10,75
2025-04-07,SKU0107,0,0,10,74
2025-04-14,SKU0107,0,34,10,67
2025-04-21,SKU0107,0,0,10,65
2025-04-28,SKU0107,0,0,10,82
2025-05-05,SKU0107,0,0,10,72
2025-05-12,SKU0107,0,0,10,80
2025-05-19,SKU0107,0,38,10,51
2025-05-26,SKU0107,0,0,10,53
2025-06-02,SKU0107,0,48,10,48
2025-06-09,SKU0107,31,8,10,48
2025-06-16,SKU0107,58,11,10,51
2025-06-23,SKU0107,37,0,10,68
2025-06-30,SKU0107,1,0,10,87
2025-07-07,SKU0107,0,69,10,62
2025-07-14,SKU0107,0,0,10,74
2025-07-21,SKU0107,0,0,10,50
2025-07-28,SKU0107,35,10,10,69
2025-08-04,SKU0107,9,0,10,65
2025-08-11,SKU0107,61,15,10,61
2025-08-18,SKU0107,83,14,10,75
2025-08-25,SKU0107,55,0,10,67
2025-09-01,SKU0107,54,6,10,57
2025-09-08,SKU0107,37,0,10,48
2025-09-15,SKU0107,13,0,10,79
2025-09-22,SKU0107,0,0,10,55
2025-09-29,SKU0107,0,0,10,68
2025-10-06,SKU0107,0,0,10,65
2025-10-13,SKU0107,0,79,10,124
2025-10-20,SKU0107,44,10,10,79
2025-10-27,SKU0107,104,23,10,102
2025-11-03,SKU0107,72,53,10,100
2025-11-10,SKU0107,46,30,10,69
2025-11-17,SKU0107,12,0,10,74
2025-11-24,SKU0107,0,0,10,119
2025-12-01,SKU0107,0,83,10,125
2025-12-08,SKU0107,0,0,10,76
2025-12-15,SKU0107,0,0,10,87
2025-12-22,SKU0107,0,0,10,77
2025-12-29,SKU0107,0,0,10,28
2024-01-01,SKU0108,266,0,10,138
2024-01-08,SKU0108,213,0,10,127
2024-01-15,SKU0108,164,0,10,154
2024-01-22,SKU0108,122,0,10,130
2024-01-29,SKU0108,80,0,10,129
2024-02-05,SKU0108,36,0,10,118
2024-02-12,SKU0108,47,12,10,79
2024-02-19,SKU0108,0,56,10,144
2024-02-26,SKU0108,0,113,10,148
2024-03-04,SKU0108,0,0,10,141
2024-03-11,SKU0108,54,11,10,147
2024-03-18,SKU0108,0,0,10,186
2024-03-25,SKU0108,0,0,10,122
2024-04-01,SKU0108,0,0,10,114
2024-04-08,SKU0108,0,103,10,142
2024-04-15,SKU0108,0,0,10,154
2024-04-22,SKU0108,0,0,10,147
2024-04-29,SKU0108,0,0,10,129
2024-05-06,SKU0108,0,0,10,155
2024-05-13,SKU0108,0,0,10,127
2024-05-20,SKU0108,0,0,10,165
2024-05-27,SKU0108,0,0,10,152
2024-06-03,SKU0108,0,0,10,110
2024-06-10,SKU0108,0,0,10,144
2024-06-17,SKU0108,0,0,10,146
2024-06-24,SKU0108,52,5,10,161
2024-07-01,SKU0108,142,41,10,160
2024-07-08,SKU0108,59,0,10,215
2024-07-15,SKU0108,0,122,10,167
2024-07-22,SKU0108,0,0,10,128
2024-07-29,SKU0108,0,0,10,140
2024-08-05,SKU0108,0,0,10,112
2024-08-12,SKU0108,0,120,10,128
2024-08-19,SKU0108,0,0,10,125
2024-08-26,SKU0108,0,0,10,88
2024-09-02,SKU0108,0,0,10,128
2024-09-09,SKU0108,0,0,10,124
2024-09-16,SKU0108,0,77,10,113
2024-09-23,SKU0108,0,0,10,131
2024-09-30,SKU0108,0,0,10,172
2024-10-07,SKU0108,0,0,10,132
2024-10-14,SKU0108,0,0,10,192
2024-10-21,SKU0108,105,34,10,225
2024-10-28,SKU0108,29,0,10,215
2024-11-04,SKU0108,0,0,10,211
2024-11-11,SKU0108,0,0,10,160
2024-11-18,SKU0108,0,0,10,164
2024-11-25,SKU0108,0,0,10,279
2024-12-02,SKU0108,0,0,10,218
2024-12-09,SKU0108,0,90,10,218
2024-12-16,SKU0108,0,220,10,203
2024-12-23,SKU0108,0,0,10,223
2024-12-30,SKU0108,0,0,10,149
2025-01-06,SKU0108,0,0,10,135
2025-01-13,SKU0108,0,0,10,141
2025-01-20,SKU0108,0,0,10,139
2025-01-27,SKU0108,0,0,10,118
2025-02-03,SKU0108,110,18,10,161
2025-02-10,SKU0108,50,0,10,154
2025-02-17,SKU0108,0,0,10,152
2025-02-24,SKU0108,0,0,10,163
2025-03-03,SKU0108,0,0,10,113
2025-03-10,SKU0108,0,186,10,226
2025-03-17,SKU0108,168,56,10,234
2025-03-24,SKU0108,182,6,10,147
2025-03-31,SKU0108,267,17,10,161
2025-04-07,SKU0108,267,8,10,131
2025-04-14,SKU0108,304,38,10,110
2025-04-21,SKU0108,296,19,10,131
2025-04-28,SKU0108,361,7,10,141
2025-05-05,SKU0108,289,0,10,181
2025-05-12,SKU0108,236,0,10,163
2025-05-19,SKU0108,174,83,10,176
2025-05-26,SKU0108,117,0,10,194
2025-06-02,SKU0108,45,0,10,178
2025-06-09,SKU0108,0,0,10,146
2025-06-16,SKU0108,0,0,10,139
2025-06-23,SKU0108,104,2,10,153
2025-06-30,SKU0108,15,0,10,269
2025-07-07,SKU0108,204,33,10,212
2025-07-14,SKU0108,139,0,10,150
2025-07-21,SKU0108,70,0,10,213
2025-07-28,SKU0108,7,0,10,162
2025-08-04,SKU0108,0,0,10,140
2025-08-11,SKU0108,0,0,10,186
2025-08-18,SKU0108,73,8,10,168
2025-08-25,SKU0108,120,13,10,142
2025-09-01,SKU0108,56,109,10,149
2025-09-08,SKU0108,127,9,10,153
2025-09-15,SKU0108,74,142,10,147
2025-09-22,SKU0108,18,0,10,159
2025-09-29,SKU0108,150,40,10,155
2025-10-06,SKU0108,87,0,10,160
2025-10-13,SKU0108,2,0,10,214
2025-10-20,SKU0108,0,0,10,228
2025-10-27,SKU0108,0,0,10,236
2025-11-03,SKU0108,116,5,10,238
2025-11-10,SKU0108,38,104,10,189
2025-11-17,SKU0108,0,0,10,220
2025-11-24,SKU0108,0,0,10,326
2025-12-01,SKU0108,87,14,10,211
2025-12-08,SKU0108,231,37,10,213
2025-12-15,SKU0108,159,0,10,172
2025-12-22,SKU0108,97,0,10,162
2025-12-29,SKU0108,60,0,10,105
2024-01-01,SKU0109,124,0,11,54
2024-01-08,SKU0109,114,0,11,29
2024-01-15,SKU0109,102,0,11,42
2024-01-22,SKU0109,91,0,11,32
2024-01-29,SKU0109,85,0,11,17
2024-02-05,SKU0109,70,0,11,50
2024-02-12,SKU0109,59,0,11,29
2024-02-19,SKU0109,48,0,11,31
2024-02-26,SKU0109,39,0,11,27
2024-03-04,SKU0109,25,0,11,41
2024-03-11,SKU0109,9,0,11,37
2024-03-18,SKU0109,0,0,11,39
2024-03-25,SKU0109,0,19,11,45
2024-04-01,SKU0109,0,18,11,28
2024-04-08,SKU0109,0,16,11,38
2024-04-15,SKU0109,0,0,11,31
2024-04-22,SKU0109,0,19,11,33
2024-04-29,SKU0109,0,0,11,32
2024-05-06,SKU0109,0,0,11,45
2024-05-13,SKU0109,0,0,11,44
2024-05-20,SKU0109,0,14,11,29
2024-05-27,SKU0109,19,3,11,21
2024-06-03,SKU0109,11,0,11,26
2024-06-10,SKU0109,1,0,11,31
2024-06-17,SKU0109,0,12,11,29
2024-06-24,SKU0109,0,0,11,52
2024-07-01,SKU0109,0,50,11,60
2024-07-08,SKU0109,0,38,11,36
2024-07-15,SKU0109,0,0,11,17
2024-07-22,SKU0109,0,0,11,27
2024-07-29,SKU0109,0,0,11,42
2024-08-05,SKU0109,39,8,11,49
2024-08-12,SKU0109,17,0,11,51
2024-08-19,SKU0109,5,0,11,36
2024-08-26,SKU0109,0,0,11,44
2024-09-02,SKU0109,16,3,11,19
2024-09-09,SKU0109,5,0,11,30
2024-09-16,SKU0109,0,0,11,30
2024-09-23,SKU0109,13,1,11,21
2024-09-30,SKU0109,5,18,11,23
2024-10-07,SKU0109,0,0,11,41
2024-10-14,SKU0109,0,0,11,41
2024-10-21,SKU0109,0,0,11,34
2024-10-28,SKU0109,0,0,11,49
2024-11-04,SKU0109,45,8,11,46
2024-11-11,SKU0109,30,0,11,46
2024-11-18,SKU0109,20,31,11,28
2024-11-25,SKU0109,0,0,11,73
2024-12-02,SKU0109,0,0,11,46
2024-12-09,SKU0109,0,25,11,27
2024-12-16,SKU0109,0,0,11,55
2024-12-23,SKU0109,0,0,11,42
2024-12-30,SKU0109,0,0,11,17
2025-01-06,SKU0109,2,2,11,18
2025-01-13,SKU0109,0,0,11,26
2025-01-20,SKU0109,0,16,11,33
2025-01-27,SKU0109,0,0,11,24
2025-02-03,SKU0109,0,0,11,25
2025-02-10,SKU0109,0,0,11,30
2025-02-17,SKU0109,0,0,11,21
2025-02-24,SKU0109,0,0,11,19
2025-03-03,SKU0109,0,0,11,21
2025-03-10,SKU0109,0,0,11,31
2025-03-17,SKU0109,0,0,11,41
2025-03-24,SKU0109,0,36,11,45
2025-03-31,SKU0109,0,0,11,31
2025-04-07,SKU0109,0,0,11,37
2025-04-14,SKU0109,0,0,11,30
2025-04-21,SKU0109,0,0,11,32
2025-04-28,SKU0109,0,0,11,23
2025-05-05,SKU0109,10,3,11,21
2025-05-12,SKU0109,2,0,11,27
2025-05-19,SKU0109,0,0,11,33
2025-05-26,SKU0109,0,0,11,52
2025-06-02,SKU0109,0,0,11,32
2025-06-09,SKU0109,7,2,11,19
2025-06-16,SKU0109,0,0,11,40
2025-06-23,SKU0109,0,0,11,39
2025-06-30,SKU0109,0,0,11,42
2025-07-07,SKU0109,0,0,11,53
2025-07-14,SKU0109,0,0,11,37
2025-07-21,SKU0109,0,0,11,47
2025-07-28,SKU0109,0,0,11,19
2025-08-04,SKU0109,9,3,11,20
2025-08-11,SKU0109,0,0,11,48
2025-08-18,SKU0109,40,11,11,45
2025-08-25,SKU0109,32,0,11,29
2025-09-01,SKU0109,14,0,11,52
2025-09-08,SKU0109,24,4,11,27
2025-09-15,SKU0109,12,0,11,32
2025-09-22,SKU0109,3,0,11,28
2025-09-29,SKU0109,0,0,11,28
2025-10-06,SKU0109,0,0,11,37
2025-10-13,SKU0109,0,0,11,55
2025-10-20,SKU0109,0,0,11,54
2025-10-27,SKU0109,0,0,11,59
2025-11-03,SKU0109,0,33,11,39
2025-11-10,SKU0109,14,3,11,42
2025-11-17,SKU0109,1,15,11,35
2025-11-24,SKU0109,0,30,11,56
2025-12-01,SKU0109,0,50,11,53
2025-12-08,SKU0109,0,0,11,52
2025-12-15,SKU0109,0,35,11,49
2025-12-22,SKU0109,0,0,11,70
2025-12-29,SKU0109,8,3,11,16
2024-01-01,SKU0110,258,203,12,236
2024-01-08,SKU0110,169,0,12,229
2024-01-15,SKU0110,91,0,12,212
2024-01-22,SKU0110,106,30,12,207
2024-01-29,SKU0110,45,0,12,189
2024-02-05,SKU0110,179,6,12,224
2024-02-12,SKU0110,165,19,12,242
2024-02-19,SKU0110,100,0,12,194
2024-02-26,SKU0110,205,60,12,309
2024-03-04,SKU0110,113,0,12,286
2024-03-11,SKU0110,23,0,12,246
2024-03-18,SKU0110,0,0,12,353
2024-03-25,SKU0110,0,0,12,283
2024-04-01,SKU0110,0,0,12,309
2024-04-08,SKU0110,0,0,12,255
2024-04-15,SKU0110,0,0,12,214
2024-04-22,SKU0110,0,0,12,289
2024-04-29,SKU0110,0,0,12,285
2024-05-06,SKU0110,0,0,12,309
2024-05-13,SKU0110,0,0,12,290
2024-05-20,SKU0110,0,0,12,263
2024-05-27,SKU0110,0,0,12,280
2024-06-03,SKU0110,0,143,12,272
2024-06-10,SKU0110,0,172,12,294
2024-06-17,SKU0110,0,0,12,383
2024-06-24,SKU0110,0,0,12,250
2024-07-01,SKU0110,0,0,12,317
2024-07-08,SKU0110,199,72,12,359
2024-07-15,SKU0110,124,252,12,286
2024-07-22,SKU0110,33,0,12,268
2024-07-29,SKU0110,0,0,12,265
2024-08-05,SKU0110,0,0,12,287
2024-08-12,SKU0110,0,153,12,309
2024-08-19,SKU0110,177,72,12,311
2024-08-26,SKU0110,93,0,12,242
2024-09-02,SKU0110,0,194,12,286
2024-09-09,SKU0110,0,0,12,204
2024-09-16,SKU0110,0,0,12,221
2024-09-23,SKU0110,0,0,12,258
2024-09-30,SKU0110,0,155,12,317
2024-10-07,SKU0110,174,13,12,264
2024-10-14,SKU0110,280,56,12,300
2024-10-21,SKU0110,135,0,12,407
2024-10-28,SKU0110,0,0,12,458
2024-11-04,SKU0110,0,0,12,379
2024-11-11,SKU0110,0,0,12,267
2024-11-18,SKU0110,263,59,12,305
2024-11-25,SKU0110,134,0,12,447
2024-12-02,SKU0110,0,0,12,378
2024-12-09,SKU0110,0,277,12,302
2024-12-16,SKU0110,0,0,12,317
2024-12-23,SKU0110,0,0,12,332
2024-12-30,SKU0110,118,9,12,285
2025-01-06,SKU0110,210,44,12,222
2025-01-13,SKU0110,254,5,12,226
2025-01-20,SKU0110,177,214,12,276
2025-01-27,SKU0110,278,17,12,236
2025-02-03,SKU0110,211,0,12,233
2025-02-10,SKU0110,152,158,12,178
2025-02-17,SKU0110,90,0,12,200
2025-02-24,SKU0110,14,0,12,213
2025-03-03,SKU0110,0,0,12,316
2025-03-10,SKU0110,0,0,12,422
2025-03-17,SKU0110,0,155,12,334
2025-03-24,SKU0110,0,0,12,303
2025-03-31,SKU0110,218,34,12,275
2025-04-07,SKU0110,124,250,12,314
2025-04-14,SKU0110,29,0,12,225
2025-04-21,SKU0110,0,0,12,274
2025-04-28,SKU0110,0,0,12,273
2025-05-05,SKU0110,0,0,12,341
2025-05-12,SKU0110,0,0,12,246
2025-05-19,SKU0110,0,222,12,362
2025-05-26,SKU0110,0,197,12,310
2025-06-02,SKU0110,144,45,12,317
2025-06-09,SKU0110,206,22,12,334
2025-06-16,SKU0110,263,60,12,283
2025-06-23,SKU0110,162,0,12,327
2025-06-30,SKU0110,77,0,12,265
2025-07-07,SKU0110,0,83,12,211
2025-07-14,SKU0110,290,14,12,313
2025-07-21,SKU0110,203,0,12,294
2025-07-28,SKU0110,97,0,12,369
2025-08-04,SKU0110,189,71,12,282
2025-08-11,SKU0110,203,14,12,237
2025-08-18,SKU0110,105,0,12,245
2025-08-25,SKU0110,25,0,12,250
2025-09-01,SKU0110,0,0,12,325
2025-09-08,SKU0110,0,0,12,271
2025-09-15,SKU0110,0,0,12,258
2025-09-22,SKU0110,0,154,12,343
2025-09-29,SKU0110,117,1,12,292
2025-10-06,SKU0110,16,0,12,277
2025-10-13,SKU0110,0,398,12,357
2025-10-20,SKU0110,0,239,12,419
2025-10-27,SKU0110,0,0,12,423
2025-11-03,SKU0110,0,0,12,378
2025-11-10,SKU0110,0,0,12,325
2025-11-17,SKU0110,0,0,12,380
2025-11-24,SKU0110,0,0,12,483
2025-12-01,SKU0110,370,37,12,479
2025-12-08,SKU0110,223,298,12,413
2025-12-15,SKU0110,75,344,12,501
2025-12-22,SKU0110,160,50,12,404
2025-12-29,SKU0110,102,0,12,186
2024-01-01,SKU0111,66,0,11,165
2024-01-08,SKU0111,0,163,11,189
2024-01-15,SKU0111,0,0,11,105
2024-01-22,SKU0111,0,0,11,102
2024-01-29,SKU0111,0,0,11,173
2024-02-05,SKU0111,0,0,11,142
2024-02-12,SKU0111,0,0,11,204
2024-02-19,SKU0111,0,0,11,138
2024-02-26,SKU0111,0,74,11,166
2024-03-04,SKU0111,0,0,11,164
2024-03-11,SKU0111,204,28,11,235
2024-03-18,SKU0111,120,0,11,214
2024-03-25,SKU0111,50,0,11,171
2024-04-01,SKU0111,0,0,11,152
2024-04-08,SKU0111,0,0,11,159
2024-04-15,SKU0111,0,0,11,153
2024-04-22,SKU0111,0,79,11,141
2024-04-29,SKU0111,0,0,11,191
2024-05-06,SKU0111,0,98,11,184
2024-05-13,SKU0111,0,0,11,157
2024-05-20,SKU0111,0,0,11,172
2024-05-27,SKU0111,0,0,11,138
2024-06-03,SKU0111,0,0,11,193
2024-06-10,SKU0111,0,0,11,178
2024-06-17,SKU0111,65,22,11,165
2024-06-24,SKU0111,0,0,11,193
2024-07-01,SKU0111,0,0,11,261
2024-07-08,SKU0111,0,0,11,199
2024-07-15,SKU0111,36,12,11,111
2024-07-22,SKU0111,0,0,11,159
2024-07-29,SKU0111,111,43,11,189
2024-08-05,SKU0111,50,0,11,160
2024-08-12,SKU0111,0,0,11,174
2024-08-19,SKU0111,0,0,11,181
2024-08-26,SKU0111,0,0,11,222
2024-09-02,SKU0111,0,0,11,156
2024-09-09,SKU0111,0,0,11,178
2024-09-16,SKU0111,0,0,11,203
2024-09-23,SKU0111,53,10,11,179
2024-09-30,SKU0111,153,23,11,206
2024-10-07,SKU0111,76,0,11,210
2024-10-14,SKU0111,4,0,11,212
2024-10-21,SKU0111,0,0,11,275
2024-10-28,SKU0111,87,15,11,243
2024-11-04,SKU0111,258,25,11,274
2024-11-11,SKU0111,269,10,11,251
2024-11-18,SKU0111,206,104,11,224
2024-11-25,SKU0111,101,0,11,315
2024-12-02,SKU0111,4,113,11,228
2024-12-09,SKU0111,112,30,11,203
2024-12-16,SKU0111,21,0,11,212
2024-12-23,SKU0111,0,0,11,224
2024-12-30,SKU0111,0,0,11,184
2025-01-06,SKU0111,60,27,11,141
2025-01-13,SKU0111,17,0,11,108
2025-01-20,SKU0111,0,0,11,173
2025-01-27,SKU0111,0,0,11,132
2025-02-03,SKU0111,0,205,11,203
2025-02-10,SKU0111,0,0,11,155
2025-02-17,SKU0111,0,0,11,118
2025-02-24,SKU0111,160,31,11,187
2025-03-03,SKU0111,95,0,11,174
2025-03-10,SKU0111,132,31,11,141
2025-03-17,SKU0111,233,14,11,217
2025-03-24,SKU0111,326,55,11,190
2025-03-31,SKU0111,261,0,11,173
2025-04-07,SKU0111,185,0,11,254
2025-04-14,SKU0111,112,0,11,192
2025-04-21,SKU0111,41,0,11,174
2025-04-28,SKU0111,0,0,11,188
2025-05-05,SKU0111,0,0,11,188
2025-05-12,SKU0111,0,0,11,213
2025-05-19,SKU0111,0,0,11,123
2025-05-26,SKU0111,0,138,11,233
2025-06-02,SKU0111,0,0,11,194
2025-06-09,SKU0111,0,0,11,219
2025-06-16,SKU0111,0,0,11,172
2025-06-23,SKU0111,0,0,11,189
2025-06-30,SKU0111,0,0,11,240
2025-07-07,SKU0111,0,0,11,188
2025-07-14,SKU0111,0,0,11,197
2025-07-21,SKU0111,0,0,11,210
2025-07-28,SKU0111,74,3,11,176
2025-08-04,SKU0111,0,0,11,215
2025-08-11,SKU0111,147,5,11,163
2025-08-18,SKU0111,70,0,11,256
2025-08-25,SKU0111,0,0,11,247
2025-09-01,SKU0111,0,0,11,195
2025-09-08,SKU0111,0,0,11,248
2025-09-15,SKU0111,0,0,11,197
2025-09-22,SKU0111,99,17,11,213
2025-09-29,SKU0111,30,0,11,223
2025-10-06,SKU0111,0,0,11,197
2025-10-13,SKU0111,0,0,11,300
2025-10-20,SKU0111,0,0,11,322
2025-10-27,SKU0111,0,0,11,272
2025-11-03,SKU0111,0,0,11,307
2025-11-10,SKU0111,0,206,11,252
2025-11-17,SKU0111,0,240,11,256
2025-11-24,SKU0111,0,0,11,347
2025-12-01,SKU0111,0,0,11,220
2025-12-08,SKU0111,0,0,11,178
2025-12-15,SKU0111,0,0,11,209
2025-12-22,SKU0111,0,207,11,263
2025-12-29,SKU0111,0,0,11,133
2024-01-01,SKU0112,116,20,7,54
2024-01-08,SKU0112,90,0,7,51
2024-01-15,SKU0112,70,0,7,45
2024-01-22,SKU0112,53,24,7,44
2024-01-29,SKU0112,36,0,7,42
2024-02-05,SKU0112,62,15,7,47
2024-02-12,SKU0112,37,0,7,59
2024-02-19,SKU0112,15,0,7,42
2024-02-26,SKU0112,0,71,7,57
2024-03-04,SKU0112,0,0,7,35
2024-03-11,SKU0112,0,0,7,54
2024-03-18,SKU0112,31,1,7,47
2024-03-25,SKU0112,16,0,7,40
2024-04-01,SKU0112,0,0,7,51
2024-04-08,SKU0112,0,0,7,56
2024-04-15,SKU0112,45,3,7,56
2024-04-22,SKU0112,29,38,7,41
2024-04-29,SKU0112,8,0,7,49
2024-05-06,SKU0112,0,0,7,49
2024-05-13,SKU0112,0,51,7,41
2024-05-20,SKU0112,0,0,7,33
2024-05-27,SKU0112,0,0,7,51
2024-06-03,SKU0112,0,0,7,33
2024-06-10,SKU0112,56,3,7,53
2024-06-17,SKU0112,37,0,7,40
2024-06-24,SKU0112,18,65,7,44
2024-07-01,SKU0112,0,0,7,62
2024-07-08,SKU0112,0,0,7,56
2024-07-15,SKU0112,0,51,7,49
2024-07-22,SKU0112,0,0,7,64
2024-07-29,SKU0112,0,0,7,48
2024-08-05,SKU0112,0,0,7,47
2024-08-12,SKU0112,82,11,7,74
2024-08-19,SKU0112,57,0,7,53
2024-08-26,SKU0112,40,49,7,35
2024-09-02,SKU0112,17,0,7,57
2024-09-09,SKU0112,0,0,7,44
2024-09-16,SKU0112,0,35,7,43
2024-09-23,SKU0112,52,2,7,42
2024-09-30,SKU0112,80,23,7,89
2024-10-07,SKU0112,60,60,7,51
2024-10-14,SKU0112,84,9,7,73
2024-10-21,SKU0112,44,0,7,85
2024-10-28,SKU0112,5,69,7,91
2024-11-04,SKU0112,0,71,7,78
2024-11-11,SKU0112,0,0,7,60
2024-11-18,SKU0112,0,0,7,62
2024-11-25,SKU0112,0,99,7,91
2024-12-02,SKU0112,66,28,7,63
2024-12-09,SKU0112,33,100,7,75
2024-12-16,SKU0112,9,0,7,64
2024-12-23,SKU0112,0,0,7,51
2024-12-30,SKU0112,71,2,7,68
2025-01-06,SKU0112,56,0,7,40
2025-01-13,SKU0112,38,24,7,38
2025-01-20,SKU0112,23,0,7,29
2025-01-27,SKU0112,1,0,7,58
2025-02-03,SKU0112,0,0,7,53
2025-02-10,SKU0112,0,0,7,52
2025-02-17,SKU0112,0,0,7,46
2025-02-24,SKU0112,0,0,7,33
2025-03-03,SKU0112,0,29,7,55
2025-03-10,SKU0112,0,18,7,29
2025-03-17,SKU0112,0,0,7,83
2025-03-24,SKU0112,0,0,7,71
2025-03-31,SKU0112,0,0,7,42
2025-04-07,SKU0112,0,0,7,43
2025-04-14,SKU0112,0,63,7,57
2025-04-21,SKU0112,0,0,7,61
2025-04-28,SKU0112,0,0,7,61
2025-05-05,SKU0112,33,5,7,54
2025-05-12,SKU0112,49,7,7,40
2025-05-19,SKU0112,26,0,7,47
2025-05-26,SKU0112,5,0,7,52
2025-06-02,SKU0112,0,0,7,52
2025-06-09,SKU0112,68,12,7,60
2025-06-16,SKU0112,43,0,7,53
2025-06-23,SKU0112,22,0,7,43
2025-06-30,SKU0112,0,76,7,64
2025-07-07,SKU0112,0,0,7,80
2025-07-14,SKU0112,0,0,7,47
2025-07-21,SKU0112,67,1,7,61
2025-07-28,SKU0112,46,0,7,39
2025-08-04,SKU0112,20,0,7,64
2025-08-11,SKU0112,0,0,7,70
2025-08-18,SKU0112,0,0,7,50
2025-08-25,SKU0112,0,37,7,66
2025-09-01,SKU0112,0,0,7,44
2025-09-08,SKU0112,0,0,7,59
2025-09-15,SKU0112,17,7,7,42
2025-09-22,SKU0112,0,0,7,69
2025-09-29,SKU0112,0,0,7,63
2025-10-06,SKU0112,0,0,7,59
2025-10-13,SKU0112,0,0,7,105
2025-10-20,SKU0112,0,0,7,85
2025-10-27,SKU0112,0,0,7,84
2025-11-03,SKU0112,0,0,7,80
2025-11-10,SKU0112,0,68,7,59
2025-11-17,SKU0112,0,0,7,84
2025-11-24,SKU0112,0,0,7,88
2025-12-01,SKU0112,0,110,7,94
2025-12-08,SKU0112,0,0,7,70
2025-12-15,SKU0112,0,0,7,67
2025-12-22,SKU0112,0,0,7,66
2025-12-29,SKU0112,24,10,7,49
2024-01-01,SKU0113,426,0,12,100
2024-01-08,SKU0113,384,0,12,126
2024-01-15,SKU0113,326,0,12,162
2024-01-22,SKU0113,395,2,12,151
2024-01-29,SKU0113,357,0,12,129
2024-02-05,SKU0113,312,54,12,122
2024-02-12,SKU0113,273,67,12,129
2024-02-19,SKU0113,223,0,12,150
2024-02-26,SKU0113,183,0,12,130
2024-03-04,SKU0113,219,2,12,135
2024-03-11,SKU0113,170,0,12,133
2024-03-18,SKU0113,114,0,12,180
2024-03-25,SKU0113,63,142,12,156
2024-04-01,SKU0113,11,0,12,152
2024-04-08,SKU0113,53,19,12,143
2024-04-15,SKU0113,0,95,12,199
2024-04-22,SKU0113,0,60,12,163
2024-04-29,SKU0113,0,0,12,219
2024-05-06,SKU0113,0,146,12,173
2024-05-13,SKU0113,0,0,12,146
2024-05-20,SKU0113,0,0,12,236
2024-05-27,SKU0113,0,0,12,125
2024-06-03,SKU0113,0,0,12,120
2024-06-10,SKU0113,0,0,12,142
2024-06-17,SKU0113,47,15,12,184
2024-06-24,SKU0113,0,108,12,138
2024-07-01,SKU0113,0,0,12,214
2024-07-08,SKU0113,0,0,12,173
2024-07-15,SKU0113,0,0,12,161
2024-07-22,SKU0113,0,0,12,137
2024-07-29,SKU0113,0,0,12,183
2024-08-05,SKU0113,0,0,12,173
2024-08-12,SKU0113,0,0,12,196
2024-08-19,SKU0113,0,89,12,155
2024-08-26,SKU0113,0,0,12,187
2024-09-02,SKU0113,0,80,12,171
2024-09-09,SKU0113,0,118,12,158
2024-09-16,SKU0113,0,0,12,147
2024-09-23,SKU0113,0,0,12,187
2024-09-30,SKU0113,0,0,12,198
2024-10-07,SKU0113,0,0,12,187
2024-10-14,SKU0113,0,0,12,176
2024-10-21,SKU0113,0,0,12,178
2024-10-28,SKU0113,0,0,12,227
2024-11-04,SKU0113,160,45,12,208
2024-11-11,SKU0113,282,12,12,243
2024-11-18,SKU0113,221,0,12,232
2024-11-25,SKU0113,127,267,12,254
2024-12-02,SKU0113,43,151,12,234
2024-12-09,SKU0113,0,0,12,237
2024-12-16,SKU0113,0,0,12,206
2024-12-23,SKU0113,0,0,12,242
2024-12-30,SKU0113,0,0,12,186
2025-01-06,SKU0113,0,0,12,183
2025-01-13,SKU0113,0,81,12,172
2025-01-20,SKU0113,0,0,12,183
2025-01-27,SKU0113,0,0,12,154
2025-02-03,SKU0113,0,0,12,180
2025-02-10,SKU0113,0,0,12,127
2025-02-17,SKU0113,0,0,12,150
2025-02-24,SKU0113,0,0,12,203
2025-03-03,SKU0113,0,0,12,162
2025-03-10,SKU0113,0,0,12,172
2025-03-17,SKU0113,0,0,12,229
2025-03-24,SKU0113,110,47,12,156
2025-03-31,SKU0113,47,0,12,229
2025-04-07,SKU0113,0,76,12,165
2025-04-14,SKU0113,0,101,12,160
2025-04-21,SKU0113,0,0,12,161
2025-04-28,SKU0113,0,94,12,176
2025-05-05,SKU0113,0,0,12,198
2025-05-12,SKU0113,0,0,12,192
2025-05-19,SKU0113,82,11,12,179
2025-05-26,SKU0113,32,137,12,158
2025-06-02,SKU0113,0,0,12,238
2025-06-09,SKU0113,0,0,12,160
2025-06-16,SKU0113,0,162,12,157
2025-06-23,SKU0113,0,167,12,167
2025-06-30,SKU0113,0,0,12,215
2025-07-07,SKU0113,0,0,12,202
2025-07-14,SKU0113,0,168,12,211
2025-07-21,SKU0113,111,44,12,208
2025-07-28,SKU0113,55,0,12,187
2025-08-04,SKU0113,5,0,12,143
2025-08-11,SKU0113,0,155,12,181
2025-08-18,SKU0113,79,12,12,224
2025-08-25,SKU0113,23,0,12,199
2025-09-01,SKU0113,0,111,12,153
2025-09-08,SKU0113,0,0,12,168
2025-09-15,SKU0113,0,0,12,146
2025-09-22,SKU0113,0,0,12,161
2025-09-29,SKU0113,0,79,12,150
2025-10-06,SKU0113,0,0,12,137
2025-10-13,SKU0113,0,0,12,253
2025-10-20,SKU0113,0,0,12,285
2025-10-27,SKU0113,265,18,12,296
2025-11-03,SKU0113,178,0,12,288
2025-11-10,SKU0113,88,0,12,235
2025-11-17,SKU0113,20,0,12,217
2025-11-24,SKU0113,0,0,12,303
2025-12-01,SKU0113,0,0,12,225
2025-12-08,SKU0113,0,0,12,260
2025-12-15,SKU0113,0,129,12,215
2025-12-22,SKU0113,145,8,12,243
2025-12-29,SKU0113,105,56,12,114
2024-01-01,SKU0114,456,0,13,234
2024-01-08,SKU0114,381,0,13,216
2024-01-15,SKU0114,270,0,13,325
2024-01-22,SKU0114,184,193,13,222
2024-01-29,SKU0114,110,0,13,235
2024-02-05,SKU0114,14,0,13,281
2024-02-12,SKU0114,0,0,13,272
2024-02-19,SKU0114,0,0,13,263
2024-02-26,SKU0114,68,27,13,257
2024-03-04,SKU0114,0,0,13,286
2024-03-11,SKU0114,0,0,13,353
2024-03-18,SKU0114,0,0,13,417
2024-03-25,SKU0114,0,0,13,256
2024-04-01,SKU0114,0,255,13,324
2024-04-08,SKU0114,0,0,13,318
2024-04-15,SKU0114,0,0,13,323
2024-04-22,SKU0114,0,0,13,327
2024-04-29,SKU0114,112,43,13,277
2024-05-06,SKU0114,1,0,13,306
2024-05-13,SKU0114,0,0,13,356
2024-05-20,SKU0114,0,0,13,341
2024-05-27,SKU0114,0,0,13,325
2024-06-03,SKU0114,0,0,13,318
2024-06-10,SKU0114,0,0,13,310
2024-06-17,SKU0114,0,267,13,304
2024-06-24,SKU0114,0,0,13,324
2024-07-01,SKU0114,0,0,13,397
2024-07-08,SKU0114,0,0,13,380
2024-07-15,SKU0114,0,0,13,292
2024-07-22,SKU0114,0,0,13,313
2024-07-29,SKU0114,0,0,13,326
2024-08-05,SKU0114,0,0,13,321
2024-08-12,SKU0114,0,0,13,360
2024-08-19,SKU0114,0,0,13,397
2024-08-26,SKU0114,0,0,13,367
2024-09-02,SKU0114,182,46,13,353
2024-09-09,SKU0114,92,0,13,287
2024-09-16,SKU0114,109,23,13,262
2024-09-23,SKU0114,116,17,13,338
2024-09-30,SKU0114,12,0,13,271
2024-10-07,SKU0114,0,0,13,355
2024-10-14,SKU0114,247,61,13,344
2024-10-21,SKU0114,79,500,13,482
2024-10-28,SKU0114,0,0,13,360
2024-11-04,SKU0114,0,0,13,422
2024-11-11,SKU0114,0,0,13,434
2024-11-18,SKU0114,0,243,13,394
2024-11-25,SKU0114,381,15,13,474
2024-12-02,SKU0114,237,353,13,482
2024-12-09,SKU0114,80,0,13,513
2024-12-16,SKU0114,0,0,13,416
2024-12-23,SKU0114,0,0,13,440
2024-12-30,SKU0114,0,0,13,340
2025-01-06,SKU0114,0,243,13,271
2025-01-13,SKU0114,0,0,13,329
2025-01-20,SKU0114,0,0,13,280
2025-01-27,SKU0114,0,0,13,288
2025-02-03,SKU0114,254,2,13,300
2025-02-10,SKU0114,164,0,13,339
2025-02-17,SKU0114,82,163,13,273
2025-02-24,SKU0114,0,0,13,331
2025-03-03,SKU0114,0,0,13,298
2025-03-10,SKU0114,0,0,13,433
2025-03-17,SKU0114,0,0,13,407
2025-03-24,SKU0114,0,171,13,302
2025-03-31,SKU0114,0,0,13,371
2025-04-07,SKU0114,0,0,13,409
2025-04-14,SKU0114,183,6,13,386
2025-04-21,SKU0114,120,0,13,219
2025-04-28,SKU0114,0,0,13,395
2025-05-05,SKU0114,0,0,13,348
2025-05-12,SKU0114,0,0,13,425
2025-05-19,SKU0114,0,180,13,367
2025-05-26,SKU0114,255,48,13,306
2025-06-02,SKU0114,150,0,13,352
2025-06-09,SKU0114,16,0,13,424
2025-06-16,SKU0114,258,33,13,337
2025-06-23,SKU0114,155,211,13,359
2025-06-30,SKU0114,0,0,13,501
2025-07-07,SKU0114,0,274,13,502
2025-07-14,SKU0114,253,11,13,293
2025-07-21,SKU0114,169,0,13,256
2025-07-28,SKU0114,32,0,13,436
2025-08-04,SKU0114,0,193,13,384
2025-08-11,SKU0114,0,0,13,340
2025-08-18,SKU0114,0,201,13,287
2025-08-25,SKU0114,0,0,13,362
2025-09-01,SKU0114,0,0,13,397
2025-09-08,SKU0114,0,0,13,426
2025-09-15,SKU0114,241,93,13,392
2025-09-22,SKU0114,319,42,13,313
2025-09-29,SKU0114,206,0,13,361
2025-10-06,SKU0114,89,0,13,398
2025-10-13,SKU0114,0,278,13,617
2025-10-20,SKU0114,0,0,13,511
2025-10-27,SKU0114,0,0,13,441
2025-11-03,SKU0114,0,0,13,556
2025-11-10,SKU0114,0,0,13,492
2025-11-17,SKU0114,0,0,13,523
2025-11-24,SKU0114,0,0,13,557
2025-12-01,SKU0114,0,0,13,499
2025-12-08,SKU0114,390,39,13,483
2025-12-15,SKU0114,626,46,13,592
2025-12-22,SKU0114,514,0,13,377
2025-12-29,SKU0114,548,18,13,284
2024-01-01,SKU0115,266,64,7,51
2024-01-08,SKU0115,241,0,7,48
2024-01-15,SKU0115,260,3,7,62
2024-01-22,SKU0115,233,0,7,58
2024-01-29,SKU0115,206,0,7,65
2024-02-05,SKU0115,174,0,7,62
2024-02-12,SKU0115,153,27,7,44
2024-02-19,SKU0115,114,0,7,77
2024-02-26,SKU0115,85,0,7,63
2024-03-04,SKU0115,57,0,7,56
2024-03-11,SKU0115,29,0,7,68
2024-03-18,SKU0115,0,0,7,107
2024-03-25,SKU0115,52,13,7,80
2024-04-01,SKU0115,66,11,7,81
2024-04-08,SKU0115,73,11,7,72
2024-04-15,SKU0115,38,83,7,67
2024-04-22,SKU0115,2,0,7,68
2024-04-29,SKU0115,0,34,7,56
2024-05-06,SKU0115,0,0,7,74
2024-05-13,SKU0115,0,0,7,72
2024-05-20,SKU0115,0,0,7,79
2024-05-27,SKU0115,0,0,7,102
2024-06-03,SKU0115,0,0,7,57
2024-06-10,SKU0115,38,15,7,66
2024-06-17,SKU0115,2,0,7,83
2024-06-24,SKU0115,0,0,7,56
2024-07-01,SKU0115,0,0,7,106
2024-07-08,SKU0115,0,0,7,89
2024-07-15,SKU0115,0,0,7,88
2024-07-22,SKU0115,0,0,7,92
2024-07-29,SKU0115,0,47,7,58
2024-08-05,SKU0115,0,0,7,110
2024-08-12,SKU0115,0,79,7,80
2024-08-19,SKU0115,0,0,7,87
2024-08-26,SKU0115,0,0,7,77
2024-09-02,SKU0115,0,0,7,62
2024-09-09,SKU0115,0,0,7,88
2024-09-16,SKU0115,0,0,7,36
2024-09-23,SKU0115,49,2,7,63
2024-09-30,SKU0115,102,34,7,102
2024-10-07,SKU0115,63,0,7,78
2024-10-14,SKU0115,29,0,7,92
2024-10-21,SKU0115,80,11,7,105
2024-10-28,SKU0115,160,21,7,123
2024-11-04,SKU0115,114,0,7,97
2024-11-11,SKU0115,70,83,7,102
2024-11-18,SKU0115,32,0,7,89
2024-11-25,SKU0115,0,178,7,158
2024-12-02,SKU0115,43,1,7,90
2024-12-09,SKU0115,142,10,7,105
2024-12-16,SKU0115,104,0,7,97
2024-12-23,SKU0115,59,0,7,85
2024-12-30,SKU0115,28,0,7,77
2025-01-06,SKU0115,6,0,7,50
2025-01-13,SKU0115,0,0,7,69
2025-01-20,SKU0115,0,0,7,50
2025-01-27,SKU0115,0,0,7,53
2025-02-03,SKU0115,0,61,7,64
2025-02-10,SKU0115,0,0,7,61
2025-02-17,SKU0115,0,0,7,66
2025-02-24,SKU0115,0,92,7,74
2025-03-03,SKU0115,54,16,7,84
2025-03-10,SKU0115,21,0,7,81
2025-03-17,SKU0115,95,25,7,92
2025-03-24,SKU0115,62,99,7,88
2025-03-31,SKU0115,87,5,7,59
2025-04-07,SKU0115,47,0,7,93
2025-04-14,SKU0115,50,16,7,68
2025-04-21,SKU0115,4,0,7,93
2025-04-28,SKU0115,0,0,7,54
2025-05-05,SKU0115,0,0,7,88
2025-05-12,SKU0115,0,0,7,81
2025-05-19,SKU0115,0,0,7,74
2025-05-26,SKU0115,0,0,7,80
2025-06-02,SKU0115,0,51,7,71
2025-06-09,SKU0115,0,0,7,70
2025-06-16,SKU0115,0,0,7,94
2025-06-23,SKU0115,0,0,7,78
2025-06-30,SKU0115,0,105,7,99
2025-07-07,SKU0115,0,0,7,101
2025-07-14,SKU0115,0,0,7,53
2025-07-21,SKU0115,59,21,7,79
2025-07-28,SKU0115,16,0,7,90
2025-08-04,SKU0115,0,0,7,97
2025-08-11,SKU0115,54,7,7,86
2025-08-18,SKU0115,18,0,7,94
2025-08-25,SKU0115,0,0,7,72
2025-09-01,SKU0115,0,42,7,84
2025-09-08,SKU0115,0,102,7,83
2025-09-15,SKU0115,0,0,7,56
2025-09-22,SKU0115,0,67,7,78
2025-09-29,SKU0115,0,0,7,94
2025-10-06,SKU0115,0,87,7,72
2025-10-13,SKU0115,0,0,7,126
2025-10-20,SKU0115,63,1,7,101
2025-10-27,SKU0115,7,0,7,120
2025-11-03,SKU0115,0,0,7,114
2025-11-10,SKU0115,0,0,7,138
2025-11-17,SKU0115,0,0,7,72
2025-11-24,SKU0115,0,0,7,154
2025-12-01,SKU0115,88,7,7,124
2025-12-08,SKU0115,38,0,7,138
2025-12-15,SKU0115,0,86,7,87
2025-12-22,SKU0115,0,0,7,116
2025-12-29,SKU0115,0,0,7,41
2024-01-01,SKU0116,85,0,12,84
2024-01-08,SKU0116,61,0,12,80
2024-01-15,SKU0116,39,58,12,65
2024-01-22,SKU0116,12,74,12,84
2024-01-29,SKU0116,0,0,12,95
2024-02-05,SKU0116,0,0,12,37
2024-02-12,SKU0116,0,0,12,93
2024-02-19,SKU0116,0,0,12,61
2024-02-26,SKU0116,0,91,12,85
2024-03-04,SKU0116,80,8,12,97
2024-03-11,SKU0116,50,68,12,103
2024-03-18,SKU0116,8,0,12,121
2024-03-25,SKU0116,0,50,12,114
2024-04-01,SKU0116,0,0,12,81
2024-04-08,SKU0116,0,0,12,81
2024-04-15,SKU0116,0,60,12,91
2024-04-22,SKU0116,0,0,12,114
2024-04-29,SKU0116,0,0,12,80
2024-05-06,SKU0116,0,76,12,86
2024-05-13,SKU0116,0,0,12,78
2024-05-20,SKU0116,0,0,12,113
2024-05-27,SKU0116,0,0,12,77
2024-06-03,SKU0116,85,5,12,83
2024-06-10,SKU0116,48,0,12,101
2024-06-17,SKU0116,23,0,12,71
2024-06-24,SKU0116,0,0,12,102
2024-07-01,SKU0116,0,0,12,139
2024-07-08,SKU0116,0,0,12,120
2024-07-15,SKU0116,69,24,12,102
2024-07-22,SKU0116,32,105,12,102
2024-07-29,SKU0116,0,0,12,92
2024-08-05,SKU0116,0,0,12,99
2024-08-12,SKU0116,0,0,12,115
2024-08-19,SKU0116,0,0,12,99
2024-08-26,SKU0116,0,0,12,97
2024-09-02,SKU0116,30,5,12,66
2024-09-09,SKU0116,8,0,12,77
2024-09-16,SKU0116,0,0,12,97
2024-09-23,SKU0116,0,63,12,130
2024-09-30,SKU0116,49,20,12,134
2024-10-07,SKU0116,111,4,12,109
2024-10-14,SKU0116,71,0,12,124
2024-10-21,SKU0116,68,15,12,140
2024-10-28,SKU0116,24,0,12,131
2024-11-04,SKU0116,0,0,12,164
2024-11-11,SKU0116,0,0,12,119
2024-11-18,SKU0116,0,104,12,116
2024-11-25,SKU0116,0,0,12,163
2024-12-02,SKU0116,0,168,12,158
2024-12-09,SKU0116,0,0,12,157
2024-12-16,SKU0116,0,169,12,153
2024-12-23,SKU0116,0,0,12,111
2024-12-30,SKU0116,0,0,12,100
2025-01-06,SKU0116,0,0,12,104
2025-01-13,SKU0116,0,0,12,110
2025-01-20,SKU0116,0,0,12,96
2025-01-27,SKU0116,61,3,12,115
2025-02-03,SKU0116,41,0,12,66
2025-02-10,SKU0116,28,27,12,39
2025-02-17,SKU0116,0,0,12,105
2025-02-24,SKU0116,0,107,12,96
2025-03-03,SKU0116,0,0,12,120
2025-03-10,SKU0116,80,23,12,125
2025-03-17,SKU0116,32,103,12,142
2025-03-24,SKU0116,1,88,12,90
2025-03-31,SKU0116,0,0,12,83
2025-04-07,SKU0116,0,53,12,84
2025-04-14,SKU0116,76,7,12,113
2025-04-21,SKU0116,40,0,12,106
2025-04-28,SKU0116,4,0,12,107
2025-05-05,SKU0116,0,0,12,134
2025-05-12,SKU0116,0,0,12,114
2025-05-19,SKU0116,0,0,12,135
2025-05-26,SKU0116,0,0,12,114
2025-06-02,SKU0116,0,0,12,104
2025-06-09,SKU0116,53,19,12,102
2025-06-16,SKU0116,83,22,12,93
2025-06-23,SKU0116,84,5,12,81
2025-06-30,SKU0116,43,0,12,135
2025-07-07,SKU0116,0,0,12,145
2025-07-14,SKU0116,0,0,12,82
2025-07-21,SKU0116,0,0,12,79
2025-07-28,SKU0116,0,74,12,105
2025-08-04,SKU0116,0,0,12,97
2025-08-11,SKU0116,61,10,12,107
2025-08-18,SKU0116,30,0,12,102
2025-08-25,SKU0116,0,0,12,116
2025-09-01,SKU0116,0,110,12,132
2025-09-08,SKU0116,0,0,12,136
2025-09-15,SKU0116,34,8,12,83
2025-09-22,SKU0116,0,0,12,102
2025-09-29,SKU0116,92,3,12,124
2025-10-06,SKU0116,125,2,12,149
2025-10-13,SKU0116,71,131,12,171
2025-10-20,SKU0116,18,98,12,183
2025-10-27,SKU0116,0,72,12,168
2025-11-03,SKU0116,0,0,12,186
2025-11-10,SKU0116,0,75,12,148
2025-11-17,SKU0116,0,0,12,143
2025-11-24,SKU0116,0,0,12,133
2025-12-01,SKU0116,61,6,12,154
2025-12-08,SKU0116,62,7,12,149
2025-12-15,SKU0116,16,94,12,128
2025-12-22,SKU0116,0,0,12,117
2025-12-29,SKU0116,22,1,12,56
2024-01-01,SKU0117,80,6,12,38
2024-01-08,SKU0117,69,0,12,41
2024-01-15,SKU0117,56,0,12,37
2024-01-22,SKU0117,38,35,12,52
2024-01-29,SKU0117,36,2,12,25
2024-02-05,SKU0117,54,10,12,59
2024-02-12,SKU0117,62,5,12,54
2024-02-19,SKU0117,44,0,12,49
2024-02-26,SKU0117,36,23,12,24
2024-03-04,SKU0117,35,3,12,31
2024-03-11,SKU0117,51,3,12,32
2024-03-18,SKU0117,32,0,12,67
2024-03-25,SKU0117,39,4,12,32
2024-04-01,SKU0117,28,21,12,33
2024-04-08,SKU0117,5,0,12,73
2024-04-15,SKU0117,0,29,12,52
2024-04-22,SKU0117,0,0,12,76
2024-04-29,SKU0117,0,0,12,62
2024-05-06,SKU0117,0,0,12,44
2024-05-13,SKU0117,0,0,12,55
2024-05-20,SKU0117,0,0,12,70
2024-05-27,SKU0117,0,45,12,65
2024-06-03,SKU0117,0,0,12,36
2024-06-10,SKU0117,46,15,12,68
2024-06-17,SKU0117,83,10,12,66
2024-06-24,SKU0117,93,10,12,56
2024-07-01,SKU0117,67,70,12,74
2024-07-08,SKU0117,45,73,12,80
2024-07-15,SKU0117,30,0,12,42
2024-07-22,SKU0117,19,0,12,34
2024-07-29,SKU0117,1,0,12,46
2024-08-05,SKU0117,0,0,12,41
2024-08-12,SKU0117,0,0,12,75
2024-08-19,SKU0117,0,0,12,46
2024-08-26,SKU0117,0,0,12,72
2024-09-02,SKU0117,0,0,12,34
2024-09-09,SKU0117,0,33,12,35
2024-09-16,SKU0117,22,3,12,52
2024-09-23,SKU0117,3,0,12,59
2024-09-30,SKU0117,44,19,12,75
2024-10-07,SKU0117,52,4,12,50
2024-10-14,SKU0117,31,0,12,52
2024-10-21,SKU0117,10,0,12,65
2024-10-28,SKU0117,0,0,12,47
2024-11-04,SKU0117,0,49,12,80
2024-11-11,SKU0117,0,0,12,70
2024-11-18,SKU0117,0,62,12,64
2024-11-25,SKU0117,0,0,12,82
2024-12-02,SKU0117,0,0,12,70
2024-12-09,SKU0117,40,4,12,80
2024-12-16,SKU0117,15,33,12,64
2024-12-23,SKU0117,0,0,12,83
2024-12-30,SKU0117,28,12,12,59
2025-01-06,SKU0117,49,2,12,54
2025-01-13,SKU0117,27,0,12,68
2025-01-20,SKU0117,11,19,12,49
2025-01-27,SKU0117,0,0,12,53
2025-02-03,SKU0117,0,50,12,54
2025-02-10,SKU0117,0,27,12,61
2025-02-17,SKU0117,0,0,12,50
2025-02-24,SKU0117,0,0,12,50
2025-03-03,SKU0117,18,2,12,48
2025-03-10,SKU0117,0,0,12,61
2025-03-17,SKU0117,0,0,12,63
2025-03-24,SKU0117,0,0,12,52
2025-03-31,SKU0117,0,22,12,40
2025-04-07,SKU0117,0,0,12,40
2025-04-14,SKU0117,0,0,12,41
2025-04-21,SKU0117,0,0,12,63
2025-04-28,SKU0117,0,0,12,71
2025-05-05,SKU0117,24,10,12,57
2025-05-12,SKU0117,5,52,12,50
2025-05-19,SKU0117,0,0,12,36
2025-05-26,SKU0117,0,0,12,59
2025-06-02,SKU0117,0,0,12,61
2025-06-09,SKU0117,0,0,12,45
2025-06-16,SKU0117,0,29,12,52
2025-06-23,SKU0117,0,0,12,70
2025-06-30,SKU0117,0,0,12,55
2025-07-07,SKU0117,0,61,12,64
2025-07-14,SKU0117,52,3,12,53
2025-07-21,SKU0117,38,0,12,41
2025-07-28,SKU0117,25,0,12,31
2025-08-04,SKU0117,68,6,12,86
2025-08-11,SKU0117,86,4,12,61
2025-08-18,SKU0117,71,0,12,48
2025-08-25,SKU0117,51,34,12,56
2025-09-01,SKU0117,29,0,12,60
2025-09-08,SKU0117,9,0,12,65
2025-09-15,SKU0117,32,7,12,73
2025-09-22,SKU0117,15,0,12,51
2025-09-29,SKU0117,0,0,12,69
2025-10-06,SKU0117,0,0,12,37
2025-10-13,SKU0117,0,0,12,87
2025-10-20,SKU0117,0,0,12,87
2025-10-27,SKU0117,35,13,12,64
2025-11-03,SKU0117,8,0,12,78
2025-11-10,SKU0117,0,69,12,79
2025-11-17,SKU0117,0,34,12,85
2025-11-24,SKU0117,0,56,12,89
2025-12-01,SKU0117,0,0,12,84
2025-12-08,SKU0117,0,66,12,87
2025-12-15,SKU0117,0,92,12,102
2025-12-22,SKU0117,0,0,12,76
2025-12-29,SKU0117,0,0,12,46
2024-01-01,SKU0118,391,32,7,132
2024-01-08,SKU0118,347,0,7,113
2024-01-15,SKU0118,306,55,7,110
2024-01-22,SKU0118,253,0,7,118
2024-01-29,SKU0118,207,0,7,96
2024-02-05,SKU0118,161,0,7,99
2024-02-12,SKU0118,121,0,7,100
2024-02-19,SKU0118,60,0,7,130
2024-02-26,SKU0118,12,0,7,108
2024-03-04,SKU0118,0,100,7,111
2024-03-11,SKU0118,0,0,7,135
2024-03-18,SKU0118,0,116,7,155
2024-03-25,SKU0118,0,156,7,129
2024-04-01,SKU0118,67,26,7,119
2024-04-08,SKU0118,74,17,7,131
2024-04-15,SKU0118,155,2,7,109
2024-04-22,SKU0118,100,123,7,107
2024-04-29,SKU0118,224,15,7,172
2024-05-06,SKU0118,167,0,7,132
2024-05-13,SKU0118,116,0,7,109
2024-05-20,SKU0118,49,0,7,144
2024-05-27,SKU0118,0,0,7,115
2024-06-03,SKU0118,0,0,7,130
2024-06-10,SKU0118,151,29,7,144
2024-06-17,SKU0118,93,0,7,122
2024-06-24,SKU0118,34,0,7,134
2024-07-01,SKU0118,0,0,7,168
2024-07-08,SKU0118,0,116,7,128
2024-07-15,SKU0118,0,0,7,126
2024-07-22,SKU0118,0,130,7,105
2024-07-29,SKU0118,0,0,7,145
2024-08-05,SKU0118,59,17,7,130
2024-08-12,SKU0118,15,0,7,106
2024-08-19,SKU0118,0,0,7,156
2024-08-26,SKU0118,0,0,7,152
2024-09-02,SKU0118,0,0,7,101
2024-09-09,SKU0118,0,0,7,134
2024-09-16,SKU0118,0,66,7,126
2024-09-23,SKU0118,0,195,7,167
2024-09-30,SKU0118,0,0,7,145
2024-10-07,SKU0118,0,0,7,161
2024-10-14,SKU0118,0,0,7,146
2024-10-21,SKU0118,73,29,7,212
2024-10-28,SKU0118,0,230,7,195
2024-11-04,SKU0118,0,0,7,193
2024-11-11,SKU0118,0,0,7,142
2024-11-18,SKU0118,0,0,7,143
2024-11-25,SKU0118,0,0,7,273
2024-12-02,SKU0118,0,0,7,210
2024-12-09,SKU0118,0,0,7,173
2024-12-16,SKU0118,0,0,7,154
2024-12-23,SKU0118,0,108,7,164
2024-12-30,SKU0118,118,12,7,107
2025-01-06,SKU0118,58,75,7,150
2025-01-13,SKU0118,4,0,7,124
2025-01-20,SKU0118,0,0,7,154
2025-01-27,SKU0118,56,3,7,125
2025-02-03,SKU0118,0,0,7,154
2025-02-10,SKU0118,0,0,7,102
2025-02-17,SKU0118,130,2,7,101
2025-02-24,SKU0118,68,0,7,114
2025-03-03,SKU0118,20,63,7,111
2025-03-10,SKU0118,122,6,7,143
2025-03-17,SKU0118,26,0,7,209
2025-03-24,SKU0118,0,186,7,151
2025-03-31,SKU0118,0,0,7,173
2025-04-07,SKU0118,0,0,7,175
2025-04-14,SKU0118,0,0,7,121
2025-04-21,SKU0118,118,20,7,153
2025-04-28,SKU0118,46,97,7,151
2025-05-05,SKU0118,0,188,7,188
2025-05-12,SKU0118,0,0,7,120
2025-05-19,SKU0118,124,53,7,146
2025-05-26,SKU0118,231,42,7,135
2025-06-02,SKU0118,177,0,7,136
2025-06-09,SKU0118,118,0,7,137
2025-06-16,SKU0118,42,0,7,174
2025-06-23,SKU0118,0,0,7,132
2025-06-30,SKU0118,0,0,7,140
2025-07-07,SKU0118,190,78,7,171
2025-07-14,SKU0118,268,22,7,165
2025-07-21,SKU0118,213,0,7,130
2025-07-28,SKU0118,148,0,7,168
2025-08-04,SKU0118,66,96,7,168
2025-08-11,SKU0118,91,38,7,143
2025-08-18,SKU0118,23,0,7,158
2025-08-25,SKU0118,0,0,7,199
2025-09-01,SKU0118,0,0,7,130
2025-09-08,SKU0118,0,0,7,123
2025-09-15,SKU0118,0,0,7,151
2025-09-22,SKU0118,0,0,7,138
2025-09-29,SKU0118,78,11,7,169
2025-10-06,SKU0118,5,0,7,167
2025-10-13,SKU0118,0,0,7,207
2025-10-20,SKU0118,0,0,7,261
2025-10-27,SKU0118,0,0,7,228
2025-11-03,SKU0118,0,0,7,240
2025-11-10,SKU0118,0,0,7,194
2025-11-17,SKU0118,0,108,7,182
2025-11-24,SKU0118,0,0,7,271
2025-12-01,SKU0118,0,108,7,208
2025-12-08,SKU0118,0,0,7,184
2025-12-15,SKU0118,0,0,7,216
2025-12-22,SKU0118,0,172,7,160
2025-12-29,SKU0118,0,0,7,65
2024-01-01,SKU0119,226,8,8,52
2024-01-08,SKU0119,200,41,8,67
2024-01-15,SKU0119,185,0,8,34
2024-01-22,SKU0119,167,0,8,44
2024-01-29,SKU0119,187,1,8,46
2024-02-05,SKU0119,167,0,8,46
2024-02-12,SKU0119,147,0,8,45
2024-02-19,SKU0119,130,0,8,34
2024-02-26,SKU0119,117,42,8,30
2024-03-04,SKU0119,84,0,8,74
2024-03-11,SKU0119,65,0,8,42
2024-03-18,SKU0119,35,62,8,74
2024-03-25,SKU0119,21,0,8,31
2024-04-01,SKU0119,3,0,8,44
2024-04-08,SKU0119,0,0,8,72
2024-04-15,SKU0119,0,0,8,68
2024-04-22,SKU0119,39,8,8,42
2024-04-29,SKU0119,12,0,8,74
2024-05-06,SKU0119,0,0,8,68
2024-05-13,SKU0119,0,0,8,46
2024-05-20,SKU0119,0,32,8,57
2024-05-27,SKU0119,0,0,8,53
2024-06-03,SKU0119,34,2,8,47
2024-06-10,SKU0119,10,0,8,48
2024-06-17,SKU0119,0,0,8,65
2024-06-24,SKU0119,0,0,8,74
2024-07-01,SKU0119,0,0,8,79
2024-07-08,SKU0119,0,0,8,62
2024-07-15,SKU0119,0,49,8,55
2024-07-22,SKU0119,0,0,8,59
2024-07-29,SKU0119,0,0,8,67
2024-08-05,SKU0119,52,15,8,72
2024-08-12,SKU0119,32,0,8,52
2024-08-19,SKU0119,9,0,8,58
2024-08-26,SKU0119,61,2,8,62
2024-09-02,SKU0119,37,0,8,56
2024-09-09,SKU0119,14,0,8,50
2024-09-16,SKU0119,29,7,8,65
2024-09-23,SKU0119,38,10,8,49
2024-09-30,SKU0119,19,0,8,50
2024-10-07,SKU0119,0,0,8,64
2024-10-14,SKU0119,0,0,8,73
2024-10-21,SKU0119,0,0,8,107
2024-10-28,SKU0119,0,0,8,78
2024-11-04,SKU0119,28,11,8,81
2024-11-11,SKU0119,0,0,8,69
2024-11-18,SKU0119,0,0,8,66
2024-11-25,SKU0119,0,0,8,114
2024-12-02,SKU0119,0,52,8,82
2024-12-09,SKU0119,83,9,8,59
2024-12-16,SKU0119,53,81,8,70
2024-12-23,SKU0119,5,0,8,118
2024-12-30,SKU0119,0,0,8,52
2025-01-06,SKU0119,32,14,8,69
2025-01-13,SKU0119,2,0,8,71
2025-01-20,SKU0119,0,0,8,45
2025-01-27,SKU0119,0,31,8,44
2025-02-03,SKU0119,0,0,8,49
2025-02-10,SKU0119,0,37,8,39
2025-02-17,SKU0119,0,0,8,51
2025-02-24,SKU0119,0,0,8,71
2025-03-03,SKU0119,0,33,8,58
2025-03-10,SKU0119,0,0,8,70
2025-03-17,SKU0119,0,41,8,85
2025-03-24,SKU0119,0,0,8,62
2025-03-31,SKU0119,0,46,8,44
2025-04-07,SKU0119,0,0,8,74
2025-04-14,SKU0119,0,0,8,68
2025-04-21,SKU0119,0,0,8,79
2025-04-28,SKU0119,0,0,8,61
2025-05-05,SKU0119,0,0,8,71
2025-05-12,SKU0119,0,0,8,65
2025-05-19,SKU0119,0,0,8,55
2025-05-26,SKU0119,43,11,8,68
2025-06-02,SKU0119,26,47,8,45
2025-06-09,SKU0119,6,0,8,47
2025-06-16,SKU0119,0,0,8,45
2025-06-23,SKU0119,48,4,8,49
2025-06-30,SKU0119,14,69,8,81
2025-07-07,SKU0119,0,0,8,77
2025-07-14,SKU0119,0,28,8,38
2025-07-21,SKU0119,0,0,8,44
2025-07-28,SKU0119,0,0,8,75
2025-08-04,SKU0119,0,56,8,46
2025-08-11,SKU0119,0,0,8,81
2025-08-18,SKU0119,0,0,8,47
2025-08-25,SKU0119,0,0,8,43
2025-09-01,SKU0119,0,50,8,69
2025-09-08,SKU0119,0,0,8,62
2025-09-15,SKU0119,0,0,8,72
2025-09-22,SKU0119,0,0,8,68
2025-09-29,SKU0119,0,0,8,60
2025-10-06,SKU0119,41,12,8,58
2025-10-13,SKU0119,5,0,8,90
2025-10-20,SKU0119,0,0,8,125
2025-10-27,SKU0119,140,7,8,121
2025-11-03,SKU0119,153,15,8,68
2025-11-10,SKU0119,121,0,8,68
2025-11-17,SKU0119,87,0,8,86
2025-11-24,SKU0119,39,0,8,125
2025-12-01,SKU0119,12,69,8,76
2025-12-08,SKU0119,0,0,8,90
2025-12-15,SKU0119,0,99,8,79
2025-12-22,SKU0119,0,0,8,79
2025-12-29,SKU0119,0,0,8,30
2024-01-01,SKU0120,84,0,7,81
2024-01-08,SKU0120,53,67,7,71
2024-01-15,SKU0120,75,5,7,59
2024-01-22,SKU0120,51,0,7,54
2024-01-29,SKU0120,19,0,7,64
2024-02-05,SKU0120,41,4,7,72
2024-02-12,SKU0120,64,2,7,81
2024-02-19,SKU0120,30,0,7,63
2024-02-26,SKU0120,2,0,7,59
2024-03-04,SKU0120,58,19,7,68
2024-03-11,SKU0120,26,0,7,80
2024-03-18,SKU0120,0,0,7,83
2024-03-25,SKU0120,0,0,7,72
2024-04-01,SKU0120,65,6,7,82
2024-04-08,SKU0120,33,68,7,72
2024-04-15,SKU0120,9,0,7,55
2024-04-22,SKU0120,0,0,7,59
2024-04-29,SKU0120,0,0,7,103
2024-05-06,SKU0120,29,7,7,49
2024-05-13,SKU0120,4,0,7,61
2024-05-20,SKU0120,0,0,7,53
2024-05-27,SKU0120,0,0,7,56
2024-06-03,SKU0120,0,0,7,61
2024-06-10,SKU0120,42,3,7,53
2024-06-17,SKU0120,7,69,7,68
2024-06-24,SKU0120,0,0,7,62
2024-07-01,SKU0120,132,8,7,102
2024-07-08,SKU0120,133,4,7,74
2024-07-15,SKU0120,103,85,7,73
2024-07-22,SKU0120,63,127,7,81
2024-07-29,SKU0120,32,0,7,64
2024-08-05,SKU0120,1,0,7,74
2024-08-12,SKU0120,0,0,7,60
2024-08-19,SKU0120,0,0,7,63
2024-08-26,SKU0120,0,69,7,54
2024-09-02,SKU0120,0,0,7,66
2024-09-09,SKU0120,0,0,7,79
2024-09-16,SKU0120,0,0,7,71
2024-09-23,SKU0120,0,0,7,63
2024-09-30,SKU0120,0,43,7,90
2024-10-07,SKU0120,0,0,7,85
2024-10-14,SKU0120,0,0,7,80
2024-10-21,SKU0120,70,17,7,104
2024-10-28,SKU0120,19,0,7,102
2024-11-04,SKU0120,0,0,7,77
2024-11-11,SKU0120,0,127,7,106
2024-11-18,SKU0120,0,126,7,103
2024-11-25,SKU0120,101,6,7,138
2024-12-02,SKU0120,63,0,7,93
2024-12-09,SKU0120,20,0,7,85
2024-12-16,SKU0120,95,35,7,116
2024-12-23,SKU0120,54,0,7,90
2024-12-30,SKU0120,104,2,7,76
2025-01-06,SKU0120,69,60,7,82
2025-01-13,SKU0120,44,80,7,65
2025-01-20,SKU0120,0,0,7,98
2025-01-27,SKU0120,0,0,7,62
2025-02-03,SKU0120,0,0,7,62
2025-02-10,SKU0120,0,0,7,52
2025-02-17,SKU0120,0,33,7,64
2025-02-24,SKU0120,58,11,7,68
2025-03-03,SKU0120,40,0,7,45
2025-03-10,SKU0120,85,8,7,98
2025-03-17,SKU0120,118,6,7,72
2025-03-24,SKU0120,82,76,7,88
2025-03-31,SKU0120,49,0,7,79
2025-04-07,SKU0120,19,0,7,72
2025-04-14,SKU0120,0,0,7,77
2025-04-21,SKU0120,0,0,7,47
2025-04-28,SKU0120,0,46,7,48
2025-05-05,SKU0120,0,0,7,61
2025-05-12,SKU0120,0,0,7,76
2025-05-19,SKU0120,0,0,7,76
2025-05-26,SKU0120,0,0,7,65
2025-06-02,SKU0120,0,0,7,74
2025-06-09,SKU0120,0,0,7,52
2025-06-16,SKU0120,0,0,7,81
2025-06-23,SKU0120,0,0,7,107
2025-06-30,SKU0120,0,0,7,69
2025-07-07,SKU0120,84,36,7,108
2025-07-14,SKU0120,61,0,7,64
2025-07-21,SKU0120,36,62,7,69
2025-07-28,SKU0120,4,0,7,58
2025-08-04,SKU0120,0,0,7,82
2025-08-11,SKU0120,0,89,7,69
2025-08-18,SKU0120,0,87,7,58
2025-08-25,SKU0120,0,0,7,65
2025-09-01,SKU0120,0,101,7,87
2025-09-08,SKU0120,0,87,7,69
2025-09-15,SKU0120,0,107,7,68
2025-09-22,SKU0120,33,3,7,68
2025-09-29,SKU0120,7,0,7,53
2025-10-06,SKU0120,59,15,7,79
2025-10-13,SKU0120,8,85,7,96
2025-10-20,SKU0120,0,0,7,103
2025-10-27,SKU0120,0,134,7,115
2025-11-03,SKU0120,0,0,7,103
2025-11-10,SKU0120,0,0,7,104
2025-11-17,SKU0120,55,4,7,109
2025-11-24,SKU0120,0,0,7,107
2025-12-01,SKU0120,0,0,7,133
2025-12-08,SKU0120,45,14,7,107
2025-12-15,SKU0120,63,6,7,112
2025-12-22,SKU0120,26,0,7,75
2025-12-29,SKU0120,0,0,7,72
2024-01-01,SKU0121,223,5,6,77
2024-01-08,SKU0121,184,0,6,90
2024-01-15,SKU0121,145,0,6,78
2024-01-22,SKU0121,94,0,6,89
2024-01-29,SKU0121,62,0,6,67
2024-02-05,SKU0121,14,0,6,98
2024-02-12,SKU0121,0,0,6,84
2024-02-19,SKU0121,0,0,6,67
2024-02-26,SKU0121,0,0,6,115
2024-03-04,SKU0121,0,0,6,78
2024-03-11,SKU0121,0,0,6,109
2024-03-18,SKU0121,0,0,6,142
2024-03-25,SKU0121,0,0,6,96
2024-04-01,SKU0121,0,0,6,89
2024-04-08,SKU0121,0,0,6,87
2024-04-15,SKU0121,0,0,6,107
2024-04-22,SKU0121,0,0,6,105
2024-04-29,SKU0121,0,0,6,114
2024-05-06,SKU0121,0,0,6,109
2024-05-13,SKU0121,0,56,6,85
2024-05-20,SKU0121,0,0,6,101
2024-05-27,SKU0121,0,0,6,101
2024-06-03,SKU0121,0,0,6,91
2024-06-10,SKU0121,0,38,6,73
2024-06-17,SKU0121,0,97,6,68
2024-06-24,SKU0121,0,0,6,103
2024-07-01,SKU0121,0,0,6,149
2024-07-08,SKU0121,0,0,6,129
2024-07-15,SKU0121,0,0,6,84
2024-07-22,SKU0121,0,0,6,96
2024-07-29,SKU0121,0,0,6,132
2024-08-05,SKU0121,0,87,6,107
2024-08-12,SKU0121,128,26,6,131
2024-08-19,SKU0121,91,0,6,81
2024-08-26,SKU0121,36,0,6,107
2024-09-02,SKU0121,49,3,6,69
2024-09-09,SKU0121,0,0,6,98
2024-09-16,SKU0121,0,145,6,116
2024-09-23,SKU0121,0,75,6,106
2024-09-30,SKU0121,0,0,6,137
2024-10-07,SKU0121,0,152,6,109
2024-10-14,SKU0121,72,2,6,102
2024-10-21,SKU0121,2,214,6,174
2024-10-28,SKU0121,0,0,6,143
2024-11-04,SKU0121,204,6,6,149
2024-11-11,SKU0121,313,25,6,157
2024-11-18,SKU0121,259,160,6,116
2024-11-25,SKU0121,171,0,6,180
2024-12-02,SKU0121,206,26,6,127
2024-12-09,SKU0121,134,0,6,133
2024-12-16,SKU0121,67,0,6,147
2024-12-23,SKU0121,5,0,6,105
2024-12-30,SKU0121,0,0,6,118
2025-01-06,SKU0121,117,38,6,137
2025-01-13,SKU0121,38,0,6,138
2025-01-20,SKU0121,85,18,6,102
2025-01-27,SKU0121,41,116,6,84
2025-02-03,SKU0121,0,0,6,112
2025-02-10,SKU0121,0,0,6,78
2025-02-17,SKU0121,0,0,6,103
2025-02-24,SKU0121,53,9,6,129
2025-03-03,SKU0121,0,0,6,114
2025-03-10,SKU0121,0,131,6,159
2025-03-17,SKU0121,0,0,6,143
2025-03-24,SKU0121,0,0,6,108
2025-03-31,SKU0121,0,0,6,102
2025-04-07,SKU0121,0,0,6,121
2025-04-14,SKU0121,0,0,6,119
2025-04-21,SKU0121,0,0,6,76
2025-04-28,SKU0121,0,0,6,136
2025-05-05,SKU0121,0,0,6,109
2025-05-12,SKU0121,0,180,6,137
2025-05-19,SKU0121,149,19,6,132
2025-05-26,SKU0121,96,0,6,111
2025-06-02,SKU0121,40,0,6,112
2025-06-09,SKU0121,138,12,6,125
2025-06-16,SKU0121,87,0,6,96
2025-06-23,SKU0121,29,0,6,129
2025-06-30,SKU0121,0,0,6,160
2025-07-07,SKU0121,0,0,6,119
2025-07-14,SKU0121,0,0,6,94
2025-07-21,SKU0121,0,0,6,96
2025-07-28,SKU0121,0,0,6,101
2025-08-04,SKU0121,107,35,6,116
2025-08-11,SKU0121,49,0,6,131
2025-08-18,SKU0121,0,0,6,107
2025-08-25,SKU0121,0,0,6,136
2025-09-01,SKU0121,0,0,6,131
2025-09-08,SKU0121,153,17,6,113
2025-09-15,SKU0121,88,0,6,125
2025-09-22,SKU0121,41,0,6,107
2025-09-29,SKU0121,89,16,6,152
2025-10-06,SKU0121,35,0,6,112
2025-10-13,SKU0121,0,0,6,166
2025-10-20,SKU0121,238,5,6,171
2025-10-27,SKU0121,148,0,6,165
2025-11-03,SKU0121,72,0,6,174
2025-11-10,SKU0121,185,29,6,165
2025-11-17,SKU0121,108,0,6,151
2025-11-24,SKU0121,0,0,6,195
2025-12-01,SKU0121,0,173,6,109
2025-12-08,SKU0121,0,0,6,194
2025-12-15,SKU0121,0,0,6,148
2025-12-22,SKU0121,0,0,6,156
2025-12-29,SKU0121,0,0,6,65
2024-01-01,SKU0122,326,0,9,89
2024-01-08,SKU0122,298,0,9,75
2024-01-15,SKU0122,263,77,9,100
2024-01-22,SKU0122,293,9,9,108
2024-01-29,SKU0122,264,0,9,81
2024-02-05,SKU0122,237,0,9,84
2024-02-12,SKU0122,210,0,9,73
2024-02-19,SKU0122,179,0,9,82
2024-02-26,SKU0122,144,0,9,97
2024-03-04,SKU0122,183,1,9,77
2024-03-11,SKU0122,145,0,9,98
2024-03-18,SKU0122,88,0,9,128
2024-03-25,SKU0122,49,89,9,100
2024-04-01,SKU0122,6,0,9,119
2024-04-08,SKU0122,0,57,9,69
2024-04-15,SKU0122,84,16,9,88
2024-04-22,SKU0122,43,0,9,85
2024-04-29,SKU0122,0,0,9,89
2024-05-06,SKU0122,0,96,9,86
2024-05-13,SKU0122,44,2,9,114
2024-05-20,SKU0122,13,0,9,81
2024-05-27,SKU0122,0,52,9,85
2024-06-03,SKU0122,0,0,9,78
2024-06-10,SKU0122,0,0,9,99
2024-06-17,SKU0122,0,0,9,119
2024-06-24,SKU0122,0,0,9,91
2024-07-01,SKU0122,53,3,9,92
2024-07-08,SKU0122,5,0,9,111
2024-07-15,SKU0122,57,3,9,99
2024-07-22,SKU0122,7,144,9,126
2024-07-29,SKU0122,36,6,9,95
2024-08-05,SKU0122,1,0,9,73
2024-08-12,SKU0122,0,0,9,113
2024-08-19,SKU0122,0,0,9,117
2024-08-26,SKU0122,0,0,9,112
2024-09-02,SKU0122,0,0,9,119
2024-09-09,SKU0122,91,12,9,89
2024-09-16,SKU0122,54,0,9,94
2024-09-23,SKU0122,20,79,9,89
2024-09-30,SKU0122,0,61,9,91
2024-10-07,SKU0122,0,0,9,80
2024-10-14,SKU0122,0,0,9,116
2024-10-21,SKU0122,0,0,9,107
2024-10-28,SKU0122,0,102,9,150
2024-11-04,SKU0122,0,0,9,163
2024-11-11,SKU0122,0,0,9,141
2024-11-18,SKU0122,0,0,9,87
2024-11-25,SKU0122,0,161,9,161
2024-12-02,SKU0122,0,0,9,120
2024-12-09,SKU0122,0,0,9,140
2024-12-16,SKU0122,0,69,9,112
2024-12-23,SKU0122,0,0,9,112
2024-12-30,SKU0122,0,47,9,101
2025-01-06,SKU0122,0,0,9,88
2025-01-13,SKU0122,0,0,9,88
2025-01-20,SKU0122,64,9,9,66
2025-01-27,SKU0122,35,0,9,87
2025-02-03,SKU0122,16,0,9,50
2025-02-10,SKU0122,0,0,9,130
2025-02-17,SKU0122,97,36,9,129
2025-02-24,SKU0122,98,4,9,84
2025-03-03,SKU0122,69,0,9,74
2025-03-10,SKU0122,31,0,9,102
2025-03-17,SKU0122,139,5,9,164
2025-03-24,SKU0122,100,0,9,103
2025-03-31,SKU0122,65,0,9,81
2025-04-07,SKU0122,23,0,9,90
2025-04-14,SKU0122,0,0,9,89
2025-04-21,SKU0122,0,0,9,107
2025-04-28,SKU0122,0,124,9,108
2025-05-05,SKU0122,0,0,9,100
2025-05-12,SKU0122,117,3,9,118
2025-05-19,SKU0122,65,0,9,122
2025-05-26,SKU0122,23,0,9,117
2025-06-02,SKU0122,0,0,9,80
2025-06-09,SKU0122,35,5,9,81
2025-06-16,SKU0122,0,0,9,82
2025-06-23,SKU0122,0,0,9,89
2025-06-30,SKU0122,0,0,9,117
2025-07-07,SKU0122,82,27,9,116
2025-07-14,SKU0122,141,30,9,107
2025-07-21,SKU0122,86,0,9,148
2025-07-28,SKU0122,137,4,9,101
2025-08-04,SKU0122,93,0,9,135
2025-08-11,SKU0122,52,0,9,107
2025-08-18,SKU0122,10,0,9,105
2025-08-25,SKU0122,0,132,9,103
2025-09-01,SKU0122,0,65,9,132
2025-09-08,SKU0122,0,0,9,108
2025-09-15,SKU0122,0,65,9,55
2025-09-22,SKU0122,0,0,9,114
2025-09-29,SKU0122,0,0,9,92
2025-10-06,SKU0122,116,16,9,144
2025-10-13,SKU0122,48,0,9,150
2025-10-20,SKU0122,0,0,9,107
2025-10-27,SKU0122,0,0,9,174
2025-11-03,SKU0122,0,0,9,181
2025-11-10,SKU0122,0,0,9,114
2025-11-17,SKU0122,0,96,9,131
2025-11-24,SKU0122,0,0,9,147
2025-12-01,SKU0122,0,0,9,169
2025-12-08,SKU0122,0,0,9,193
2025-12-15,SKU0122,0,81,9,126
2025-12-22,SKU0122,0,0,9,147
2025-12-29,SKU0122,0,37,9,43
2024-01-01,SKU0123,114,0,6,17
2024-01-08,SKU0123,116,1,6,14
2024-01-15,SKU0123,101,46,6,30
2024-01-22,SKU0123,87,0,6,31
2024-01-29,SKU0123,80,0,6,17
2024-02-05,SKU0123,62,0,6,34
2024-02-12,SKU0123,47,0,6,28
2024-02-19,SKU0123,40,0,6,13
2024-02-26,SKU0123,29,0,6,21
2024-03-04,SKU0123,16,0,6,23
2024-03-11,SKU0123,21,6,6,28
2024-03-18,SKU0123,0,0,6,62
2024-03-25,SKU0123,0,0,6,25
2024-04-01,SKU0123,0,0,6,24
2024-04-08,SKU0123,0,0,6,34
2024-04-15,SKU0123,0,0,6,43
2024-04-22,SKU0123,0,0,6,42
2024-04-29,SKU0123,0,41,6,34
2024-05-06,SKU0123,0,0,6,22
2024-05-13,SKU0123,19,2,6,27
2024-05-20,SKU0123,7,0,6,25
2024-05-27,SKU0123,0,0,6,24
2024-06-03,SKU0123,0,0,6,28
2024-06-10,SKU0123,0,0,6,38
2024-06-17,SKU0123,0,0,6,28
2024-06-24,SKU0123,0,0,6,23
2024-07-01,SKU0123,41,6,6,45
2024-07-08,SKU0123,22,0,6,44
2024-07-15,SKU0123,10,0,6,22
2024-07-22,SKU0123,26,4,6,35
2024-07-29,SKU0123,11,0,6,26
2024-08-05,SKU0123,20,9,6,36
2024-08-12,SKU0123,6,0,6,27
2024-08-19,SKU0123,0,0,6,26
2024-08-26,SKU0123,0,0,6,28
2024-09-02,SKU0123,24,2,6,19
2024-09-09,SKU0123,6,28,6,40
2024-09-16,SKU0123,0,0,6,35
2024-09-23,SKU0123,0,0,6,22
2024-09-30,SKU0123,49,8,6,45
2024-10-07,SKU0123,26,0,6,48
2024-10-14,SKU0123,29,9,6,39
2024-10-21,SKU0123,7,0,6,49
2024-10-28,SKU0123,0,0,6,49
2024-11-04,SKU0123,0,0,6,63
2024-11-11,SKU0123,0,0,6,39
2024-11-18,SKU0123,0,37,6,31
2024-11-25,SKU0123,0,0,6,48
2024-12-02,SKU0123,0,28,6,43
2024-12-09,SKU0123,48,10,6,36
2024-12-16,SKU0123,24,56,6,43
2024-12-23,SKU0123,3,27,6,42
2024-12-30,SKU0123,0,0,6,32
2025-01-06,SKU0123,29,4,6,27
2025-01-13,SKU0123,14,0,6,33
2025-01-20,SKU0123,3,0,6,21
2025-01-27,SKU0123,14,1,6,25
2025-02-03,SKU0123,0,0,6,39
2025-02-10,SKU0123,0,0,6,26
2025-02-17,SKU0123,0,24,6,39
2025-02-24,SKU0123,0,0,6,29
2025-03-03,SKU0123,0,0,6,47
2025-03-10,SKU0123,0,0,6,35
2025-03-17,SKU0123,0,0,6,40
2025-03-24,SKU0123,0,0,6,28
2025-03-31,SKU0123,0,21,6,30
2025-04-07,SKU0123,0,0,6,30
2025-04-14,SKU0123,31,4,6,25
2025-04-21,SKU0123,19,0,6,27
2025-04-28,SKU0123,4,0,6,37
2025-05-05,SKU0123,0,0,6,45
2025-05-12,SKU0123,0,0,6,34
2025-05-19,SKU0123,0,0,6,38
2025-05-26,SKU0123,0,0,6,38
2025-06-02,SKU0123,20,3,6,28
2025-06-09,SKU0123,28,7,6,38
2025-06-16,SKU0123,50,14,6,31
2025-06-23,SKU0123,33,0,6,32
2025-06-30,SKU0123,3,34,6,64
2025-07-07,SKU0123,0,0,6,39
2025-07-14,SKU0123,0,0,6,48
2025-07-21,SKU0123,31,5,6,27
2025-07-28,SKU0123,41,8,6,32
2025-08-04,SKU0123,18,0,6,47
2025-08-11,SKU0123,0,0,6,65
2025-08-18,SKU0123,0,0,6,41
2025-08-25,SKU0123,0,0,6,25
2025-09-01,SKU0123,0,0,6,50
2025-09-08,SKU0123,0,0,6,62
2025-09-15,SKU0123,27,11,6,42
2025-09-22,SKU0123,16,0,6,23
2025-09-29,SKU0123,0,23,6,35
2025-10-06,SKU0123,0,0,6,38
2025-10-13,SKU0123,0,0,6,39
2025-10-20,SKU0123,0,0,6,48
2025-10-27,SKU0123,0,0,6,49
2025-11-03,SKU0123,0,0,6,47
2025-11-10,SKU0123,0,0,6,56
2025-11-17,SKU0123,41,7,6,53
2025-11-24,SKU0123,12,0,6,58
2025-12-01,SKU0123,0,0,6,67
2025-12-08,SKU0123,0,0,6,34
2025-12-15,SKU0123,22,9,6,49
2025-12-22,SKU0123,4,0,6,34
2025-12-29,SKU0123,0,0,6,23
2024-01-01,SKU0124,64,6,3,15
2024-01-08,SKU0124,53,0,3,17
2024-01-15,SKU0124,49,0,3,9
2024-01-22,SKU0124,50,4,3,11
2024-01-29,SKU0124,40,0,3,18
2024-02-05,SKU0124,28,0,3,18
2024-02-12,SKU0124,21,0,3,13
2024-02-19,SKU0124,14,0,3,10
2024-02-26,SKU0124,7,0,3,13
2024-03-04,SKU0124,0,9,3,11
2024-03-11,SKU0124,0,0,3,19
2024-03-18,SKU0124,0,0,3,17
2024-03-25,SKU0124,22,1,3,16
2024-04-01,SKU0124,14,0,3,15
2024-04-08,SKU0124,2,0,3,20
2024-04-15,SKU0124,0,0,3,17
2024-04-22,SKU0124,0,0,3,16
2024-04-29,SKU0124,0,0,3,10
2024-05-06,SKU0124,0,31,3,17
2024-05-13,SKU0124,0,0,3,12
2024-05-20,SKU0124,0,0,3,10
2024-05-27,SKU0124,0,34,3,16
2024-06-03,SKU0124,0,0,3,26
2024-06-10,SKU0124,0,0,3,16
2024-06-17,SKU0124,23,5,3,22
2024-06-24,SKU0124,16,0,3,13
2024-07-01,SKU0124,1,0,3,26
2024-07-08,SKU0124,0,0,3,18
2024-07-15,SKU0124,0,0,3,20
2024-07-22,SKU0124,16,2,3,15
2024-07-29,SKU0124,4,0,3,19
2024-08-05,SKU0124,8,4,3,17
2024-08-12,SKU0124,0,0,3,21
2024-08-19,SKU0124,31,2,3,20
2024-08-26,SKU0124,37,5,3,11
2024-09-02,SKU0124,27,13,3,18
2024-09-09,SKU0124,19,0,3,14
2024-09-16,SKU0124,17,3,3,12
2024-09-23,SKU0124,6,0,3,15
2024-09-30,SKU0124,0,0,3,24
2024-10-07,SKU0124,0,0,3,22
2024-10-14,SKU0124,0,0,3,17
2024-10-21,SKU0124,0,0,3,28
2024-10-28,SKU0124,0,0,3,14
2024-11-04,SKU0124,0,0,3,28
2024-11-11,SKU0124,0,0,3,13
2024-11-18,SKU0124,0,0,3,15
2024-11-25,SKU0124,0,0,3,23
2024-12-02,SKU0124,0,0,3,32
2024-12-09,SKU0124,0,0,3,21
2024-12-16,SKU0124,0,41,3,25
2024-12-23,SKU0124,0,0,3,19
2024-12-30,SKU0124,0,0,3,10
2025-01-06,SKU0124,0,0,3,10
2025-01-13,SKU0124,0,0,3,15
2025-01-20,SKU0124,0,0,3,19
2025-01-27,SKU0124,0,24,3,16
2025-02-03,SKU0124,0,30,3,29
2025-02-10,SKU0124,0,15,3,14
2025-02-17,SKU0124,0,7,3,11
2025-02-24,SKU0124,0,0,3,10
2025-03-03,SKU0124,0,0,3,13
2025-03-10,SKU0124,12,1,3,11
2025-03-17,SKU0124,13,1,3,14
2025-03-24,SKU0124,18,2,3,20
2025-03-31,SKU0124,10,0,3,11
2025-04-07,SKU0124,1,0,3,14
2025-04-14,SKU0124,0,21,3,27
2025-04-21,SKU0124,0,0,3,10
2025-04-28,SKU0124,0,0,3,9
2025-05-05,SKU0124,0,0,3,14
2025-05-12,SKU0124,0,0,3,11
2025-05-19,SKU0124,0,0,3,13
2025-05-26,SKU0124,0,0,3,9
2025-06-02,SKU0124,10,5,3,9
2025-06-09,SKU0124,0,0,3,17
2025-06-16,SKU0124,0,0,3,19
2025-06-23,SKU0124,0,0,3,20
2025-06-30,SKU0124,31,10,3,19
2025-07-07,SKU0124,20,0,3,18
2025-07-14,SKU0124,16,0,3,10
2025-07-21,SKU0124,9,17,3,10
2025-07-28,SKU0124,14,2,3,9
2025-08-04,SKU0124,4,12,3,17
2025-08-11,SKU0124,0,0,3,20
2025-08-18,SKU0124,0,0,3,17
2025-08-25,SKU0124,0,0,3,15
2025-09-01,SKU0124,0,0,3,11
2025-09-08,SKU0124,33,4,3,19
2025-09-15,SKU0124,38,5,3,14
2025-09-22,SKU0124,47,1,3,10
2025-09-29,SKU0124,42,7,3,9
2025-10-06,SKU0124,29,16,3,20
2025-10-13,SKU0124,13,0,3,27
2025-10-20,SKU0124,0,0,3,38
2025-10-27,SKU0124,0,0,3,9
2025-11-03,SKU0124,0,0,3,17
2025-11-10,SKU0124,0,37,3,26
2025-11-17,SKU0124,0,0,3,23
2025-11-24,SKU0124,24,1,3,21
2025-12-01,SKU0124,8,0,3,25
2025-12-08,SKU0124,0,0,3,18
2025-12-15,SKU0124,14,1,3,17
2025-12-22,SKU0124,26,12,3,26
2025-12-29,SKU0124,26,0,3,10
2024-01-01,SKU0125,62,0,8,83
2024-01-08,SKU0125,31,0,8,76
2024-01-15,SKU0125,0,82,8,96
2024-01-22,SKU0125,0,50,8,102
2024-01-29,SKU0125,0,0,8,101
2024-02-05,SKU0125,0,71,8,86
2024-02-12,SKU0125,0,0,8,76
2024-02-19,SKU0125,0,84,8,72
2024-02-26,SKU0125,0,0,8,85
2024-03-04,SKU0125,0,115,8,112
2024-03-11,SKU0125,91,3,8,92
2024-03-18,SKU0125,43,0,8,104
2024-03-25,SKU0125,9,0,8,91
2024-04-01,SKU0125,0,0,8,107
2024-04-08,SKU0125,0,0,8,100
2024-04-15,SKU0125,36,13,8,94
2024-04-22,SKU0125,0,141,8,121
2024-04-29,SKU0125,0,0,8,88
2024-05-06,SKU0125,80,31,8,118
2024-05-13,SKU0125,140,10,8,111
2024-05-20,SKU0125,98,0,8,101
2024-05-27,SKU0125,104,12,8,100
2024-06-03,SKU0125,55,0,8,106
2024-06-10,SKU0125,15,0,8,94
2024-06-17,SKU0125,0,0,8,109
2024-06-24,SKU0125,0,0,8,116
2024-07-01,SKU0125,0,0,8,123
2024-07-08,SKU0125,51,2,8,111
2024-07-15,SKU0125,1,117,8,92
2024-07-22,SKU0125,0,0,8,86
2024-07-29,SKU0125,0,100,8,77
2024-08-05,SKU0125,0,0,8,133
2024-08-12,SKU0125,0,0,8,87
2024-08-19,SKU0125,129,29,8,138
2024-08-26,SKU0125,84,0,8,108
2024-09-02,SKU0125,33,0,8,104
2024-09-09,SKU0125,0,0,8,114
2024-09-16,SKU0125,0,0,8,103
2024-09-23,SKU0125,0,0,8,111
2024-09-30,SKU0125,74,7,8,104
2024-10-07,SKU0125,25,0,8,123
2024-10-14,SKU0125,0,95,8,123
2024-10-21,SKU0125,54,2,8,120
2024-10-28,SKU0125,0,0,8,140
2024-11-04,SKU0125,0,0,8,169
2024-11-11,SKU0125,0,0,8,93
2024-11-18,SKU0125,0,0,8,93
2024-11-25,SKU0125,0,0,8,199
2024-12-02,SKU0125,127,29,8,120
2024-12-09,SKU0125,64,0,8,166
2024-12-16,SKU0125,0,0,8,162
2024-12-23,SKU0125,0,0,8,131
2024-12-30,SKU0125,0,0,8,84
2025-01-06,SKU0125,0,0,8,82
2025-01-13,SKU0125,0,0,8,111
2025-01-20,SKU0125,0,0,8,87
2025-01-27,SKU0125,0,0,8,108
2025-02-03,SKU0125,0,0,8,88
2025-02-10,SKU0125,0,81,8,101
2025-02-17,SKU0125,0,0,8,80
2025-02-24,SKU0125,0,0,8,109
2025-03-03,SKU0125,0,0,8,89
2025-03-10,SKU0125,0,109,8,112
2025-03-17,SKU0125,106,14,8,134
2025-03-24,SKU0125,47,0,8,134
2025-03-31,SKU0125,0,0,8,107
2025-04-07,SKU0125,0,0,8,101
2025-04-14,SKU0125,0,0,8,101
2025-04-21,SKU0125,0,0,8,87
2025-04-28,SKU0125,0,0,8,112
2025-05-05,SKU0125,0,0,8,141
2025-05-12,SKU0125,39,12,8,94
2025-05-19,SKU0125,0,0,8,110
2025-05-26,SKU0125,0,0,8,104
2025-06-02,SKU0125,0,0,8,136
2025-06-09,SKU0125,0,0,8,134
2025-06-16,SKU0125,0,139,8,120
2025-06-23,SKU0125,0,119,8,103
2025-06-30,SKU0125,0,0,8,202
2025-07-07,SKU0125,0,0,8,111
2025-07-14,SKU0125,0,0,8,130
2025-07-21,SKU0125,138,29,8,119
2025-07-28,SKU0125,104,0,8,92
2025-08-04,SKU0125,46,0,8,129
2025-08-11,SKU0125,6,0,8,93
2025-08-18,SKU0125,0,0,8,103
2025-08-25,SKU0125,0,116,8,104
2025-09-01,SKU0125,0,0,8,99
2025-09-08,SKU0125,0,0,8,117
2025-09-15,SKU0125,64,6,8,81
2025-09-22,SKU0125,22,0,8,108
2025-09-29,SKU0125,0,0,8,125
2025-10-06,SKU0125,44,11,8,117
2025-10-13,SKU0125,0,0,8,167
2025-10-20,SKU0125,0,0,8,206
2025-10-27,SKU0125,0,0,8,135
2025-11-03,SKU0125,0,0,8,193
2025-11-10,SKU0125,0,0,8,133
2025-11-17,SKU0125,0,0,8,171
2025-11-24,SKU0125,0,0,8,219
2025-12-01,SKU0125,0,0,8,121
2025-12-08,SKU0125,0,0,8,128
2025-12-15,SKU0125,0,0,8,134
2025-12-22,SKU0125,0,0,8,195
2025-12-29,SKU0125,0,0,8,38
2024-01-01,SKU0126,252,0,8,161
2024-01-08,SKU0126,179,0,8,160
2024-01-15,SKU0126,75,108,8,259
2024-01-22,SKU0126,9,0,8,152
2024-01-29,SKU0126,0,0,8,213
2024-02-05,SKU0126,0,0,8,191
2024-02-12,SKU0126,0,222,8,195
2024-02-19,SKU0126,51,18,8,171
2024-02-26,SKU0126,0,0,8,202
2024-03-04,SKU0126,193,20,8,209
2024-03-11,SKU0126,126,0,8,162
2024-03-18,SKU0126,10,164,8,293
2024-03-25,SKU0126,0,0,8,250
2024-04-01,SKU0126,0,197,8,277
2024-04-08,SKU0126,0,0,8,253
2024-04-15,SKU0126,0,0,8,192
2024-04-22,SKU0126,0,0,8,246
2024-04-29,SKU0126,0,0,8,210
2024-05-06,SKU0126,0,0,8,204
2024-05-13,SKU0126,109,41,8,253
2024-05-20,SKU0126,8,0,8,233
2024-05-27,SKU0126,159,56,8,215
2024-06-03,SKU0126,170,6,8,287
2024-06-10,SKU0126,74,0,8,230
2024-06-17,SKU0126,0,0,8,212
2024-06-24,SKU0126,0,0,8,187
2024-07-01,SKU0126,0,0,8,345
2024-07-08,SKU0126,0,0,8,328
2024-07-15,SKU0126,106,46,8,197
2024-07-22,SKU0126,8,326,8,217
2024-07-29,SKU0126,0,0,8,255
2024-08-05,SKU0126,0,0,8,290
2024-08-12,SKU0126,0,219,8,253
2024-08-19,SKU0126,0,0,8,282
2024-08-26,SKU0126,0,171,8,194
2024-09-02,SKU0126,0,203,8,258
2024-09-09,SKU0126,226,49,8,198
2024-09-16,SKU0126,131,0,8,205
2024-09-23,SKU0126,28,0,8,208
2024-09-30,SKU0126,0,0,8,304
2024-10-07,SKU0126,0,0,8,271
2024-10-14,SKU0126,0,0,8,327
2024-10-21,SKU0126,0,0,8,427
2024-10-28,SKU0126,256,79,8,412
2024-11-04,SKU0126,132,0,8,338
2024-11-11,SKU0126,6,0,8,261
2024-11-18,SKU0126,0,0,8,390
2024-11-25,SKU0126,0,0,8,328
2024-12-02,SKU0126,0,0,8,290
2024-12-09,SKU0126,0,0,8,356
2024-12-16,SKU0126,0,0,8,335
2024-12-23,SKU0126,0,0,8,385
2024-12-30,SKU0126,0,0,8,270
2025-01-06,SKU0126,0,0,8,204
2025-01-13,SKU0126,0,0,8,231
2025-01-20,SKU0126,0,233,8,189
2025-01-27,SKU0126,0,217,8,276
2025-02-03,SKU0126,0,0,8,208
2025-02-10,SKU0126,0,0,8,202
2025-02-17,SKU0126,0,0,8,264
2025-02-24,SKU0126,170,12,8,218
2025-03-03,SKU0126,65,0,8,215
2025-03-10,SKU0126,0,0,8,252
2025-03-17,SKU0126,0,0,8,385
2025-03-24,SKU0126,197,3,8,313
2025-03-31,SKU0126,87,299,8,286
2025-04-07,SKU0126,0,0,8,235
2025-04-14,SKU0126,0,364,8,300
2025-04-21,SKU0126,0,0,8,181
2025-04-28,SKU0126,0,0,8,269
2025-05-05,SKU0126,0,269,8,239
2025-05-12,SKU0126,0,0,8,219
2025-05-19,SKU0126,0,200,8,337
2025-05-26,SKU0126,0,0,8,217
2025-06-02,SKU0126,0,0,8,267
2025-06-09,SKU0126,0,0,8,243
2025-06-16,SKU0126,0,0,8,257
2025-06-23,SKU0126,257,22,8,205
2025-06-30,SKU0126,319,70,8,306
2025-07-07,SKU0126,168,0,8,345
2025-07-14,SKU0126,57,0,8,309
2025-07-21,SKU0126,0,0,8,265
2025-07-28,SKU0126,0,294,8,282
2025-08-04,SKU0126,0,0,8,248
2025-08-11,SKU0126,0,186,8,202
2025-08-18,SKU0126,0,0,8,268
2025-08-25,SKU0126,0,0,8,307
2025-09-01,SKU0126,150,12,8,231
2025-09-08,SKU0126,32,0,8,303
2025-09-15,SKU0126,143,35,8,319
2025-09-22,SKU0126,46,0,8,226
2025-09-29,SKU0126,0,375,8,320
2025-10-06,SKU0126,0,0,8,283
2025-10-13,SKU0126,0,0,8,427
2025-10-20,SKU0126,0,219,8,306
2025-10-27,SKU0126,0,0,8,387
2025-11-03,SKU0126,0,0,8,416
2025-11-10,SKU0126,0,0,8,326
2025-11-17,SKU0126,0,465,8,365
2025-11-24,SKU0126,0,0,8,460
2025-12-01,SKU0126,0,0,8,382
2025-12-08,SKU0126,0,0,8,431
2025-12-15,SKU0126,0,0,8,348
2025-12-22,SKU0126,0,0,8,342
2025-12-29,SKU0126,0,0,8,91
2024-01-01,SKU0127,55,0,8,110
2024-01-08,SKU0127,19,0,8,93
2024-01-15,SKU0127,44,11,8,93
2024-01-22,SKU0127,4,0,8,91
2024-01-29,SKU0127,0,0,8,98
2024-02-05,SKU0127,0,104,8,78
2024-02-12,SKU0127,0,0,8,111
2024-02-19,SKU0127,40,2,8,81
2024-02-26,SKU0127,5,0,8,73
2024-03-04,SKU0127,0,93,8,74
2024-03-11,SKU0127,0,0,8,88
2024-03-18,SKU0127,0,0,8,135
2024-03-25,SKU0127,0,0,8,81
2024-04-01,SKU0127,0,61,8,70
2024-04-08,SKU0127,81,23,8,112
2024-04-15,SKU0127,41,0,8,115
2024-04-22,SKU0127,9,0,8,73
2024-04-29,SKU0127,0,101,8,118
2024-05-06,SKU0127,0,67,8,73
2024-05-13,SKU0127,0,0,8,93
2024-05-20,SKU0127,141,26,8,133
2024-05-27,SKU0127,175,7,8,56
2024-06-03,SKU0127,125,0,8,122
2024-06-10,SKU0127,89,0,8,95
2024-06-17,SKU0127,49,59,8,87
2024-06-24,SKU0127,12,0,8,82
2024-07-01,SKU0127,0,74,8,162
2024-07-08,SKU0127,0,0,8,163
2024-07-15,SKU0127,0,0,8,80
2024-07-22,SKU0127,0,119,8,160
2024-07-29,SKU0127,0,0,8,91
2024-08-05,SKU0127,55,6,8,148
2024-08-12,SKU0127,11,0,8,110
2024-08-19,SKU0127,0,0,8,111
2024-08-26,SKU0127,0,56,8,95
2024-09-02,SKU0127,0,0,8,98
2024-09-09,SKU0127,0,0,8,90
2024-09-16,SKU0127,46,6,8,69
2024-09-23,SKU0127,86,12,8,149
2024-09-30,SKU0127,34,0,8,115
2024-10-07,SKU0127,0,0,8,100
2024-10-14,SKU0127,0,0,8,138
2024-10-21,SKU0127,0,0,8,129
2024-10-28,SKU0127,0,0,8,171
2024-11-04,SKU0127,0,0,8,177
2024-11-11,SKU0127,0,0,8,122
2024-11-18,SKU0127,0,0,8,148
2024-11-25,SKU0127,0,175,8,210
2024-12-02,SKU0127,0,0,8,164
2024-12-09,SKU0127,0,0,8,147
2024-12-16,SKU0127,0,0,8,131
2024-12-23,SKU0127,0,0,8,170
2024-12-30,SKU0127,0,0,8,70
2025-01-06,SKU0127,146,13,8,133
2025-01-13,SKU0127,149,5,8,56
2025-01-20,SKU0127,172,17,8,99
2025-01-27,SKU0127,127,0,8,98
2025-02-03,SKU0127,81,0,8,96
2025-02-10,SKU0127,45,0,8,88
2025-02-17,SKU0127,83,6,8,95
2025-02-24,SKU0127,57,48,8,61
2025-03-03,SKU0127,85,2,8,133
2025-03-10,SKU0127,35,0,8,118
2025-03-17,SKU0127,0,0,8,164
2025-03-24,SKU0127,0,75,8,102
2025-03-31,SKU0127,0,0,8,114
2025-04-07,SKU0127,0,0,8,145
2025-04-14,SKU0127,92,9,8,87
2025-04-21,SKU0127,41,0,8,113
2025-04-28,SKU0127,0,111,8,152
2025-05-05,SKU0127,107,21,8,118
2025-05-12,SKU0127,42,0,8,152
2025-05-19,SKU0127,0,0,8,112
2025-05-26,SKU0127,0,0,8,116
2025-06-02,SKU0127,0,0,8,103
2025-06-09,SKU0127,68,15,8,119
2025-06-16,SKU0127,17,0,8,122
2025-06-23,SKU0127,0,0,8,114
2025-06-30,SKU0127,0,0,8,151
2025-07-07,SKU0127,0,0,8,138
2025-07-14,SKU0127,89,4,8,101
2025-07-21,SKU0127,101,13,8,139
2025-07-28,SKU0127,151,11,8,102
2025-08-04,SKU0127,97,0,8,126
2025-08-11,SKU0127,43,0,8,134
2025-08-18,SKU0127,0,0,8,113
2025-08-25,SKU0127,0,0,8,112
2025-09-01,SKU0127,0,0,8,125
2025-09-08,SKU0127,0,0,8,125
2025-09-15,SKU0127,0,0,8,117
2025-09-22,SKU0127,0,93,8,117
2025-09-29,SKU0127,0,0,8,159
2025-10-06,SKU0127,102,14,8,110
2025-10-13,SKU0127,28,0,8,178
2025-10-20,SKU0127,0,0,8,162
2025-10-27,SKU0127,71,24,8,168
2025-11-03,SKU0127,0,0,8,211
2025-11-10,SKU0127,0,0,8,161
2025-11-17,SKU0127,0,0,8,132
2025-11-24,SKU0127,0,0,8,194
2025-12-01,SKU0127,0,0,8,144
2025-12-08,SKU0127,0,0,8,145
2025-12-15,SKU0127,0,0,8,176
2025-12-22,SKU0127,0,0,8,111
2025-12-29,SKU0127,0,0,8,69
2024-01-01,SKU0128,54,0,12,35
2024-01-08,SKU0128,34,34,12,62
2024-01-15,SKU0128,32,4,12,35
2024-01-22,SKU0128,13,43,12,47
2024-01-29,SKU0128,8,0,12,19
2024-02-05,SKU0128,0,0,12,42
2024-02-12,SKU0128,0,0,12,32
2024-02-19,SKU0128,0,33,12,37
2024-02-26,SKU0128,0,0,12,32
2024-03-04,SKU0128,0,0,12,49
2024-03-11,SKU0128,0,0,12,60
2024-03-18,SKU0128,0,0,12,82
2024-03-25,SKU0128,0,27,12,71
2024-04-01,SKU0128,0,0,12,29
2024-04-08,SKU0128,0,0,12,74
2024-04-15,SKU0128,0,0,12,62
2024-04-22,SKU0128,25,8,12,37
2024-04-29,SKU0128,4,0,12,74
2024-05-06,SKU0128,0,0,12,55
2024-05-13,SKU0128,0,0,12,51
2024-05-20,SKU0128,0,0,12,33
2024-05-27,SKU0128,0,0,12,41
2024-06-03,SKU0128,0,18,12,40
2024-06-10,SKU0128,0,0,12,39
2024-06-17,SKU0128,0,0,12,52
2024-06-24,SKU0128,0,0,12,53
2024-07-01,SKU0128,0,0,12,62
2024-07-08,SKU0128,0,0,12,62
2024-07-15,SKU0128,50,9,12,62
2024-07-22,SKU0128,22,0,12,72
2024-07-29,SKU0128,4,0,12,63
2024-08-05,SKU0128,24,8,12,61
2024-08-12,SKU0128,0,0,12,85
2024-08-19,SKU0128,52,1,12,71
2024-08-26,SKU0128,29,0,12,65
2024-09-02,SKU0128,14,0,12,45
2024-09-09,SKU0128,44,12,12,66
2024-09-16,SKU0128,56,6,12,52
2024-09-23,SKU0128,36,0,12,68
2024-09-30,SKU0128,16,0,12,73
2024-10-07,SKU0128,0,0,12,71
2024-10-14,SKU0128,0,0,12,55
2024-10-21,SKU0128,0,0,12,71
2024-10-28,SKU0128,0,79,12,86
2024-11-04,SKU0128,0,46,12,86
2024-11-11,SKU0128,0,0,12,64
2024-11-18,SKU0128,30,9,12,65
2024-11-25,SKU0128,0,0,12,135
2024-12-02,SKU0128,0,0,12,74
2024-12-09,SKU0128,38,6,12,89
2024-12-16,SKU0128,20,0,12,53
2024-12-23,SKU0128,1,0,12,65
2024-12-30,SKU0128,0,0,12,73
2025-01-06,SKU0128,0,0,12,59
2025-01-13,SKU0128,0,0,12,45
2025-01-20,SKU0128,19,2,12,35
2025-01-27,SKU0128,6,38,12,40
2025-02-03,SKU0128,0,0,12,51
2025-02-10,SKU0128,0,0,12,79
2025-02-17,SKU0128,0,42,12,44
2025-02-24,SKU0128,0,0,12,62
2025-03-03,SKU0128,0,0,12,48
2025-03-10,SKU0128,0,0,12,59
2025-03-17,SKU0128,39,16,12,74
2025-03-24,SKU0128,22,0,12,54
2025-03-31,SKU0128,2,32,12,62
2025-04-07,SKU0128,0,22,12,44
2025-04-14,SKU0128,0,0,12,73
2025-04-21,SKU0128,0,0,12,41
2025-04-28,SKU0128,0,0,12,48
2025-05-05,SKU0128,0,0,12,61
2025-05-12,SKU0128,0,0,12,43
2025-05-19,SKU0128,0,0,12,69
2025-05-26,SKU0128,0,0,12,63
2025-06-02,SKU0128,0,33,12,55
2025-06-09,SKU0128,0,0,12,54
2025-06-16,SKU0128,44,15,12,74
2025-06-23,SKU0128,29,0,12,41
2025-06-30,SKU0128,36,11,12,77
2025-07-07,SKU0128,15,0,12,58
2025-07-14,SKU0128,24,4,12,67
2025-07-21,SKU0128,14,0,12,29
2025-07-28,SKU0128,0,26,12,46
2025-08-04,SKU0128,28,9,12,51
2025-08-11,SKU0128,5,0,12,73
2025-08-18,SKU0128,0,0,12,54
2025-08-25,SKU0128,64,20,12,109
2025-09-01,SKU0128,45,35,12,66
2025-09-08,SKU0128,24,0,12,54
2025-09-15,SKU0128,0,0,12,78
2025-09-22,SKU0128,26,2,12,54
2025-09-29,SKU0128,1,58,12,79
2025-10-06,SKU0128,0,0,12,58
2025-10-13,SKU0128,0,0,12,94
2025-10-20,SKU0128,0,0,12,80
2025-10-27,SKU0128,0,0,12,128
2025-11-03,SKU0128,59,13,12,77
2025-11-10,SKU0128,27,0,12,90
2025-11-17,SKU0128,0,0,12,76
2025-11-24,SKU0128,0,0,12,127
2025-12-01,SKU0128,32,13,12,65
2025-12-08,SKU0128,35,8,12,66
2025-12-15,SKU0128,11,0,12,65
2025-12-22,SKU0128,0,44,12,49
2025-12-29,SKU0128,0,0,12,41
2024-01-01,SKU0129,205,6,8,65
2024-01-08,SKU0129,174,0,8,84
2024-01-15,SKU0129,182,7,8,53
2024-01-22,SKU0129,154,0,8,56
2024-01-29,SKU0129,126,0,8,68
2024-02-05,SKU0129,102,51,8,60
2024-02-12,SKU0129,76,0,8,65
2024-02-19,SKU0129,57,0,8,51
2024-02-26,SKU0129,30,0,8,66
2024-03-04,SKU0129,6,39,8,54
2024-03-11,SKU0129,0,0,8,55
2024-03-18,SKU0129,0,0,8,65
2024-03-25,SKU0129,0,26,8,45
2024-04-01,SKU0129,23,3,8,45
2024-04-08,SKU0129,2,0,8,44
2024-04-15,SKU0129,0,37,8,74
2024-04-22,SKU0129,0,0,8,70
2024-04-29,SKU0129,0,30,8,54
2024-05-06,SKU0129,0,0,8,51
2024-05-13,SKU0129,0,0,8,67
2024-05-20,SKU0129,0,0,8,46
2024-05-27,SKU0129,0,72,8,73
2024-06-03,SKU0129,0,0,8,81
2024-06-10,SKU0129,0,0,8,49
2024-06-17,SKU0129,0,57,8,85
2024-06-24,SKU0129,0,22,8,49
2024-07-01,SKU0129,0,0,8,84
2024-07-08,SKU0129,0,0,8,79
2024-07-15,SKU0129,0,0,8,49
2024-07-22,SKU0129,33,8,8,70
2024-07-29,SKU0129,8,0,8,60
2024-08-05,SKU0129,0,0,8,69
2024-08-12,SKU0129,0,0,8,57
2024-08-19,SKU0129,0,78,8,69
2024-08-26,SKU0129,0,0,8,51
2024-09-02,SKU0129,0,0,8,54
2024-09-09,SKU0129,0,0,8,55
2024-09-16,SKU0129,0,28,8,52
2024-09-23,SKU0129,0,0,8,67
2024-09-30,SKU0129,56,18,8,71
2024-10-07,SKU0129,29,0,8,52
2024-10-14,SKU0129,7,0,8,55
2024-10-21,SKU0129,0,0,8,75
2024-10-28,SKU0129,102,2,8,118
2024-11-04,SKU0129,71,0,8,66
2024-11-11,SKU0129,117,1,8,102
2024-11-18,SKU0129,79,0,8,82
2024-11-25,SKU0129,140,14,8,84
2024-12-02,SKU0129,115,0,8,72
2024-12-09,SKU0129,83,0,8,80
2024-12-16,SKU0129,53,74,8,62
2024-12-23,SKU0129,109,5,8,100
2024-12-30,SKU0129,77,0,8,75
2025-01-06,SKU0129,52,0,8,59
2025-01-13,SKU0129,33,0,8,43
2025-01-20,SKU0129,10,0,8,51
2025-01-27,SKU0129,0,0,8,66
2025-02-03,SKU0129,0,44,8,52
2025-02-10,SKU0129,0,68,8,66
2025-02-17,SKU0129,0,0,8,59
2025-02-24,SKU0129,0,0,8,50
2025-03-03,SKU0129,0,60,8,53
2025-03-10,SKU0129,0,0,8,75
2025-03-17,SKU0129,0,0,8,73
2025-03-24,SKU0129,0,0,8,66
2025-03-31,SKU0129,0,83,8,59
2025-04-07,SKU0129,0,0,8,62
2025-04-14,SKU0129,0,39,8,79
2025-04-21,SKU0129,0,0,8,59
2025-04-28,SKU0129,0,60,8,74
2025-05-05,SKU0129,0,0,8,71
2025-05-12,SKU0129,0,0,8,68
2025-05-19,SKU0129,0,37,8,73
2025-05-26,SKU0129,0,0,8,69
2025-06-02,SKU0129,0,0,8,76
2025-06-09,SKU0129,0,0,8,71
2025-06-16,SKU0129,0,0,8,64
2025-06-23,SKU0129,0,0,8,83
2025-06-30,SKU0129,0,0,8,78
2025-07-07,SKU0129,0,0,8,74
2025-07-14,SKU0129,0,0,8,58
2025-07-21,SKU0129,71,7,8,77
2025-07-28,SKU0129,47,0,8,63
2025-08-04,SKU0129,67,6,8,96
2025-08-11,SKU0129,45,0,8,56
2025-08-18,SKU0129,22,0,8,52
2025-08-25,SKU0129,95,2,8,76
2025-09-01,SKU0129,58,0,8,91
2025-09-08,SKU0129,29,0,8,78
2025-09-15,SKU0129,9,0,8,49
2025-09-22,SKU0129,0,0,8,45
2025-09-29,SKU0129,0,0,8,80
2025-10-06,SKU0129,0,0,8,89
2025-10-13,SKU0129,0,0,8,83
2025-10-20,SKU0129,0,0,8,128
2025-10-27,SKU0129,0,0,8,80
2025-11-03,SKU0129,0,0,8,109
2025-11-10,SKU0129,0,0,8,77
2025-11-17,SKU0129,0,80,8,99
2025-11-24,SKU0129,53,17,8,119
2025-12-01,SKU0129,57,13,8,98
2025-12-08,SKU0129,22,0,8,74
2025-12-15,SKU0129,0,0,8,77
2025-12-22,SKU0129,0,0,8,97
2025-12-29,SKU0129,0,0,8,36
2024-01-01,SKU0130,105,0,10,94
2024-01-08,SKU0130,58,0,10,139
2024-01-15,SKU0130,76,9,10,75
2024-01-22,SKU0130,51,80,10,74
2024-01-29,SKU0130,13,0,10,116
2024-02-05,SKU0130,0,59,10,81
2024-02-12,SKU0130,0,50,10,99
2024-02-19,SKU0130,49,6,10,68
2024-02-26,SKU0130,14,0,10,99
2024-03-04,SKU0130,0,0,10,102
2024-03-11,SKU0130,51,7,10,147
2024-03-18,SKU0130,0,0,10,141
2024-03-25,SKU0130,0,0,10,90
2024-04-01,SKU0130,0,0,10,114
2024-04-08,SKU0130,122,11,10,160
2024-04-15,SKU0130,158,3,10,79
2024-04-22,SKU0130,112,0,10,119
2024-04-29,SKU0130,68,0,10,117
2024-05-06,SKU0130,32,118,10,101
2024-05-13,SKU0130,86,23,10,111
2024-05-20,SKU0130,38,0,10,126
2024-05-27,SKU0130,10,0,10,81
2024-06-03,SKU0130,0,0,10,116
2024-06-10,SKU0130,0,0,10,74
2024-06-17,SKU0130,0,0,10,113
2024-06-24,SKU0130,0,0,10,172
2024-07-01,SKU0130,0,0,10,140
2024-07-08,SKU0130,0,0,10,129
2024-07-15,SKU0130,0,0,10,115
2024-07-22,SKU0130,59,11,10,84
2024-07-29,SKU0130,20,71,10,114
2024-08-05,SKU0130,0,0,10,123
2024-08-12,SKU0130,117,2,10,142
2024-08-19,SKU0130,68,0,10,105
2024-08-26,SKU0130,75,15,10,118
2024-09-02,SKU0130,32,0,10,106
2024-09-09,SKU0130,86,11,10,84
2024-09-16,SKU0130,36,0,10,142
2024-09-23,SKU0130,0,0,10,103
2024-09-30,SKU0130,100,15,10,127
2024-10-07,SKU0130,61,0,10,107
2024-10-14,SKU0130,19,0,10,139
2024-10-21,SKU0130,0,0,10,124
2024-10-28,SKU0130,0,165,10,207
2024-11-04,SKU0130,0,0,10,119
2024-11-11,SKU0130,0,84,10,108
2024-11-18,SKU0130,0,162,10,151
2024-11-25,SKU0130,0,0,10,164
2024-12-02,SKU0130,0,0,10,165
2024-12-09,SKU0130,155,20,10,181
2024-12-16,SKU0130,101,136,10,176
2024-12-23,SKU0130,43,0,10,147
2024-12-30,SKU0130,0,0,10,131
2025-01-06,SKU0130,0,75,10,109
2025-01-13,SKU0130,0,0,10,113
2025-01-20,SKU0130,0,0,10,117
2025-01-27,SKU0130,0,0,10,108
2025-02-03,SKU0130,0,0,10,116
2025-02-10,SKU0130,80,28,10,97
2025-02-17,SKU0130,85,4,10,95
2025-02-24,SKU0130,52,0,10,100
2025-03-03,SKU0130,17,0,10,106
2025-03-10,SKU0130,0,0,10,169
2025-03-17,SKU0130,0,89,10,140
2025-03-24,SKU0130,0,92,10,138
2025-03-31,SKU0130,0,0,10,126
2025-04-07,SKU0130,43,9,10,82
2025-04-14,SKU0130,0,0,10,137
2025-04-21,SKU0130,0,0,10,115
2025-04-28,SKU0130,0,0,10,107
2025-05-05,SKU0130,0,0,10,99
2025-05-12,SKU0130,107,31,10,107
2025-05-19,SKU0130,68,0,10,107
2025-05-26,SKU0130,21,130,10,135
2025-06-02,SKU0130,0,70,10,96
2025-06-09,SKU0130,0,0,10,133
2025-06-16,SKU0130,0,0,10,137
2025-06-23,SKU0130,82,4,10,113
2025-06-30,SKU0130,17,0,10,163
2025-07-07,SKU0130,0,0,10,189
2025-07-14,SKU0130,0,0,10,96
2025-07-21,SKU0130,0,0,10,138
2025-07-28,SKU0130,65,11,10,88
2025-08-04,SKU0130,27,107,10,105
2025-08-11,SKU0130,0,0,10,109
2025-08-18,SKU0130,0,0,10,130
2025-08-25,SKU0130,0,80,10,149
2025-09-01,SKU0130,117,25,10,123
2025-09-08,SKU0130,83,0,10,96
2025-09-15,SKU0130,39,0,10,103
2025-09-22,SKU0130,0,76,10,102
2025-09-29,SKU0130,0,0,10,110
2025-10-06,SKU0130,0,68,10,107
2025-10-13,SKU0130,0,0,10,177
2025-10-20,SKU0130,0,0,10,162
2025-10-27,SKU0130,0,0,10,140
2025-11-03,SKU0130,0,0,10,201
2025-11-10,SKU0130,0,0,10,100
2025-11-17,SKU0130,0,0,10,128
2025-11-24,SKU0130,0,100,10,198
2025-12-01,SKU0130,0,0,10,186
2025-12-08,SKU0130,0,163,10,155
2025-12-15,SKU0130,82,25,10,176
2025-12-22,SKU0130,141,24,10,153
2025-12-29,SKU0130,109,0,10,87
2024-01-01,SKU0131,809,36,3,129
2024-01-08,SKU0131,973,9,3,150
2024-01-15,SKU0131,903,0,3,135
2024-01-22,SKU0131,837,0,3,96
2024-01-29,SKU0131,748,0,3,157
2024-02-05,SKU0131,657,0,3,118
2024-02-12,SKU0131,592,0,3,103
2024-02-19,SKU0131,502,0,3,152
2024-02-26,SKU0131,410,0,3,151
2024-03-04,SKU0131,323,0,3,132
2024-03-11,SKU0131,230,109,3,128
2024-03-18,SKU0131,123,0,3,195
2024-03-25,SKU0131,172,27,3,157
2024-04-01,SKU0131,82,0,3,130
2024-04-08,SKU0131,2,0,3,131
2024-04-15,SKU0131,0,0,3,151
2024-04-22,SKU0131,0,0,3,132
2024-04-29,SKU0131,0,0,3,134
2024-05-06,SKU0131,0,213,3,130
2024-05-13,SKU0131,0,110,3,137
2024-05-20,SKU0131,0,286,3,148
2024-05-27,SKU0131,96,7,3,115
2024-06-03,SKU0131,17,0,3,119
2024-06-10,SKU0131,0,85,3,129
2024-06-17,SKU0131,0,111,3,155
2024-06-24,SKU0131,0,0,3,151
2024-07-01,SKU0131,0,0,3,195
2024-07-08,SKU0131,0,0,3,165
2024-07-15,SKU0131,0,0,3,186
2024-07-22,SKU0131,0,0,3,136
2024-07-29,SKU0131,0,0,3,136
2024-08-05,SKU0131,0,0,3,131
2024-08-12,SKU0131,0,0,3,182
2024-08-19,SKU0131,158,58,3,144
2024-08-26,SKU0131,57,0,3,179
2024-09-02,SKU0131,0,0,3,165
2024-09-09,SKU0131,0,207,3,148
2024-09-16,SKU0131,138,10,3,175
2024-09-23,SKU0131,38,0,3,151
2024-09-30,SKU0131,0,0,3,132
2024-10-07,SKU0131,0,319,3,201
2024-10-14,SKU0131,79,33,3,147
2024-10-21,SKU0131,0,0,3,263
2024-10-28,SKU0131,0,246,3,251
2024-11-04,SKU0131,0,0,3,221
2024-11-11,SKU0131,0,164,3,193
2024-11-18,SKU0131,268,1,3,192
2024-11-25,SKU0131,501,64,3,226
2024-12-02,SKU0131,383,390,3,195
2024-12-09,SKU0131,247,0,3,215
2024-12-16,SKU0131,119,425,3,184
2024-12-23,SKU0131,0,0,3,201
2024-12-30,SKU0131,0,0,3,166
2025-01-06,SKU0131,95,1,3,121
2025-01-13,SKU0131,151,5,3,123
2025-01-20,SKU0131,43,187,3,158
2025-01-27,SKU0131,0,236,3,142
2025-02-03,SKU0131,190,69,3,173
2025-02-10,SKU0131,111,0,3,121
2025-02-17,SKU0131,27,0,3,115
2025-02-24,SKU0131,0,0,3,130
2025-03-03,SKU0131,225,6,3,126
2025-03-10,SKU0131,92,0,3,219
2025-03-17,SKU0131,0,0,3,219
2025-03-24,SKU0131,0,0,3,168
2025-03-31,SKU0131,0,112,3,110
2025-04-07,SKU0131,0,0,3,120
2025-04-14,SKU0131,0,0,3,193
2025-04-21,SKU0131,0,0,3,147
2025-04-28,SKU0131,222,77,3,182
2025-05-05,SKU0131,140,0,3,143
2025-05-12,SKU0131,36,320,3,177
2025-05-19,SKU0131,0,0,3,154
2025-05-26,SKU0131,171,34,3,205
2025-06-02,SKU0131,61,0,3,170
2025-06-09,SKU0131,0,0,3,151
2025-06-16,SKU0131,193,14,3,179
2025-06-23,SKU0131,89,0,3,178
2025-06-30,SKU0131,0,0,3,182
2025-07-07,SKU0131,154,35,3,237
2025-07-14,SKU0131,56,0,3,130
2025-07-21,SKU0131,0,0,3,152
2025-07-28,SKU0131,0,0,3,187
2025-08-04,SKU0131,0,0,3,124
2025-08-11,SKU0131,211,60,3,156
2025-08-18,SKU0131,102,336,3,177
2025-08-25,SKU0131,12,0,3,147
2025-09-01,SKU0131,0,0,3,197
2025-09-08,SKU0131,0,0,3,160
2025-09-15,SKU0131,0,129,3,133
2025-09-22,SKU0131,72,18,3,128
2025-09-29,SKU0131,125,23,3,151
2025-10-06,SKU0131,11,0,3,195
2025-10-13,SKU0131,291,63,3,254
2025-10-20,SKU0131,160,0,3,214
2025-10-27,SKU0131,163,5,3,241
2025-11-03,SKU0131,29,0,3,254
2025-11-10,SKU0131,188,68,3,244
2025-11-17,SKU0131,44,163,3,232
2025-11-24,SKU0131,0,0,3,262
2025-12-01,SKU0131,248,27,3,291
2025-12-08,SKU0131,126,224,3,196
2025-12-15,SKU0131,0,0,3,253
2025-12-22,SKU0131,0,0,3,279
2025-12-29,SKU0131,0,0,3,84
2024-01-01,SKU0132,269,211,11,262
2024-01-08,SKU0132,192,232,11,226
2024-01-15,SKU0132,110,0,11,282
2024-01-22,SKU0132,116,13,11,220
2024-01-29,SKU0132,23,196,11,298
2024-02-05,SKU0132,87,27,11,238
2024-02-12,SKU0132,0,0,11,245
2024-02-19,SKU0132,0,92,11,207
2024-02-26,SKU0132,0,0,11,286
2024-03-04,SKU0132,0,0,11,313
2024-03-11,SKU0132,0,0,11,348
2024-03-18,SKU0132,313,11,11,434
2024-03-25,SKU0132,222,0,11,276
2024-04-01,SKU0132,129,231,11,245
2024-04-08,SKU0132,25,0,11,256
2024-04-15,SKU0132,322,5,11,353
2024-04-22,SKU0132,401,55,11,285
2024-04-29,SKU0132,307,247,11,321
2024-05-06,SKU0132,216,0,11,302
2024-05-13,SKU0132,216,15,11,295
2024-05-20,SKU0132,108,0,11,290
2024-05-27,SKU0132,7,186,11,286
2024-06-03,SKU0132,0,0,11,241
2024-06-10,SKU0132,0,291,11,272
2024-06-17,SKU0132,0,0,11,279
2024-06-24,SKU0132,0,0,11,312
2024-07-01,SKU0132,0,0,11,372
2024-07-08,SKU0132,132,50,11,292
2024-07-15,SKU0132,22,0,11,286
2024-07-22,SKU0132,0,0,11,302
2024-07-29,SKU0132,0,0,11,343
2024-08-05,SKU0132,0,0,11,343
2024-08-12,SKU0132,120,51,11,340
2024-08-19,SKU0132,0,0,11,385
2024-08-26,SKU0132,0,0,11,293
2024-09-02,SKU0132,0,259,11,368
2024-09-09,SKU0132,0,0,11,270
2024-09-16,SKU0132,0,0,11,330
2024-09-23,SKU0132,0,219,11,319
2024-09-30,SKU0132,0,259,11,310
2024-10-07,SKU0132,0,0,11,376
2024-10-14,SKU0132,176,47,11,293
2024-10-21,SKU0132,8,0,11,477
2024-10-28,SKU0132,246,90,11,511
2024-11-04,SKU0132,116,0,11,380
2024-11-11,SKU0132,0,387,11,349
2024-11-18,SKU0132,0,0,11,363
2024-11-25,SKU0132,0,346,11,544
2024-12-02,SKU0132,0,169,11,334
2024-12-09,SKU0132,0,0,11,387
2024-12-16,SKU0132,0,0,11,490
2024-12-23,SKU0132,0,0,11,382
2024-12-30,SKU0132,0,0,11,279
2025-01-06,SKU0132,0,194,11,223
2025-01-13,SKU0132,0,0,11,312
2025-01-20,SKU0132,279,13,11,320
2025-01-27,SKU0132,178,0,11,284
2025-02-03,SKU0132,79,0,11,274
2025-02-10,SKU0132,0,0,11,269
2025-02-17,SKU0132,0,0,11,256
2025-02-24,SKU0132,0,0,11,310
2025-03-03,SKU0132,0,0,11,329
2025-03-10,SKU0132,0,0,11,357
2025-03-17,SKU0132,0,0,11,469
2025-03-24,SKU0132,0,0,11,238
2025-03-31,SKU0132,0,0,11,319
2025-04-07,SKU0132,0,0,11,315
2025-04-14,SKU0132,0,0,11,386
2025-04-21,SKU0132,0,0,11,468
2025-04-28,SKU0132,0,0,11,370
2025-05-05,SKU0132,351,28,11,390
2025-05-12,SKU0132,214,0,11,319
2025-05-19,SKU0132,110,0,11,314
2025-05-26,SKU0132,0,0,11,286
2025-06-02,SKU0132,0,167,11,280
2025-06-09,SKU0132,0,0,11,256
2025-06-16,SKU0132,0,0,11,340
2025-06-23,SKU0132,235,45,11,287
2025-06-30,SKU0132,84,0,11,454
2025-07-07,SKU0132,0,0,11,469
2025-07-14,SKU0132,0,313,11,248
2025-07-21,SKU0132,0,0,11,288
2025-07-28,SKU0132,0,0,11,285
2025-08-04,SKU0132,106,40,11,264
2025-08-11,SKU0132,224,6,11,252
2025-08-18,SKU0132,110,379,11,357
2025-08-25,SKU0132,0,0,11,358
2025-09-01,SKU0132,0,0,11,348
2025-09-08,SKU0132,0,0,11,267
2025-09-15,SKU0132,0,207,11,320
2025-09-22,SKU0132,0,0,11,330
2025-09-29,SKU0132,0,0,11,437
2025-10-06,SKU0132,0,0,11,434
2025-10-13,SKU0132,310,77,11,450
2025-10-20,SKU0132,136,398,11,538
2025-10-27,SKU0132,0,0,11,428
2025-11-03,SKU0132,0,0,11,406
2025-11-10,SKU0132,0,0,11,511
2025-11-17,SKU0132,469,17,11,429
2025-11-24,SKU0132,260,622,11,617
2025-12-01,SKU0132,464,4,11,522
2025-12-08,SKU0132,713,87,11,508
2025-12-15,SKU0132,566,0,11,410
2025-12-22,SKU0132,411,0,11,422
2025-12-29,SKU0132,344,0,11,178
2024-01-01,SKU0133,1143,9,9,244
2024-01-08,SKU0133,1041,0,9,231
2024-01-15,SKU0133,949,185,9,229
2024-01-22,SKU0133,863,0,9,206
2024-01-29,SKU0133,782,0,9,214
2024-02-05,SKU0133,685,0,9,289
2024-02-12,SKU0133,722,33,9,226
2024-02-19,SKU0133,849,4,9,208
2024-02-26,SKU0133,719,0,9,291
2024-03-04,SKU0133,848,20,9,298
2024-03-11,SKU0133,947,63,9,269
2024-03-18,SKU0133,786,0,9,424
2024-03-25,SKU0133,886,87,9,275
2024-04-01,SKU0133,771,0,9,251
2024-04-08,SKU0133,687,0,9,218
2024-04-15,SKU0133,680,30,9,261
2024-04-22,SKU0133,564,0,9,292
2024-04-29,SKU0133,461,0,9,286
2024-05-06,SKU0133,347,0,9,276
2024-05-13,SKU0133,424,44,9,267
2024-05-20,SKU0133,303,0,9,283
2024-05-27,SKU0133,159,0,9,313
2024-06-03,SKU0133,53,0,9,251
2024-06-10,SKU0133,0,169,9,243
2024-06-17,SKU0133,0,211,9,231
2024-06-24,SKU0133,0,0,9,303
2024-07-01,SKU0133,0,0,9,324
2024-07-08,SKU0133,193,2,9,293
2024-07-15,SKU0133,71,0,9,252
2024-07-22,SKU0133,0,0,9,267
2024-07-29,SKU0133,0,0,9,259
2024-08-05,SKU0133,0,0,9,228
2024-08-12,SKU0133,0,0,9,241
2024-08-19,SKU0133,136,6,9,289
2024-08-26,SKU0133,26,0,9,260
2024-09-02,SKU0133,304,8,9,238
2024-09-09,SKU0133,217,0,9,203
2024-09-16,SKU0133,97,0,9,272
2024-09-23,SKU0133,208,52,9,320
2024-09-30,SKU0133,220,34,9,307
2024-10-07,SKU0133,215,30,9,371
2024-10-14,SKU0133,85,258,9,274
2024-10-21,SKU0133,0,0,9,401
2024-10-28,SKU0133,229,49,9,456
2024-11-04,SKU0133,186,42,9,432
2024-11-11,SKU0133,50,0,9,310
2024-11-18,SKU0133,0,0,9,326
2024-11-25,SKU0133,0,0,9,546
2024-12-02,SKU0133,0,0,9,384
2024-12-09,SKU0133,0,0,9,424
2024-12-16,SKU0133,189,7,9,435
2024-12-23,SKU0133,0,475,9,436
2024-12-30,SKU0133,105,23,9,231
2025-01-06,SKU0133,11,0,9,248
2025-01-13,SKU0133,0,0,9,250
2025-01-20,SKU0133,0,0,9,231
2025-01-27,SKU0133,63,27,9,200
2025-02-03,SKU0133,148,28,9,195
2025-02-10,SKU0133,40,0,9,238
2025-02-17,SKU0133,0,0,9,284
2025-02-24,SKU0133,0,0,9,301
2025-03-03,SKU0133,0,0,9,279
2025-03-10,SKU0133,0,0,9,317
2025-03-17,SKU0133,0,427,9,334
2025-03-24,SKU0133,0,0,9,320
2025-03-31,SKU0133,0,0,9,261
2025-04-07,SKU0133,0,0,9,304
2025-04-14,SKU0133,0,0,9,261
2025-04-21,SKU0133,0,129,9,239
2025-04-28,SKU0133,0,0,9,278
2025-05-05,SKU0133,0,0,9,337
2025-05-12,SKU0133,0,0,9,232
2025-05-19,SKU0133,0,0,9,281
2025-05-26,SKU0133,0,276,9,239
2025-06-02,SKU0133,0,0,9,348
2025-06-09,SKU0133,0,0,9,325
2025-06-16,SKU0133,306,30,9,343
2025-06-23,SKU0133,191,0,9,276
2025-06-30,SKU0133,51,0,9,408
2025-07-07,SKU0133,0,0,9,411
2025-07-14,SKU0133,0,0,9,315
2025-07-21,SKU0133,0,0,9,272
2025-07-28,SKU0133,0,0,9,339
2025-08-04,SKU0133,109,24,9,348
2025-08-11,SKU0133,0,0,9,383
2025-08-18,SKU0133,0,0,9,306
2025-08-25,SKU0133,0,273,9,268
2025-09-01,SKU0133,178,60,9,268
2025-09-08,SKU0133,75,0,9,236
2025-09-15,SKU0133,0,0,9,299
2025-09-22,SKU0133,0,0,9,270
2025-09-29,SKU0133,0,0,9,407
2025-10-06,SKU0133,0,411,9,330
2025-10-13,SKU0133,0,453,9,478
2025-10-20,SKU0133,264,86,9,423
2025-10-27,SKU0133,59,0,9,512
2025-11-03,SKU0133,0,0,9,477
2025-11-10,SKU0133,186,54,9,466
2025-11-17,SKU0133,26,0,9,315
2025-11-24,SKU0133,0,321,9,471
2025-12-01,SKU0133,250,71,9,361
2025-12-08,SKU0133,53,0,9,470
2025-12-15,SKU0133,0,0,9,458
2025-12-22,SKU0133,0,421,9,493
2025-12-29,SKU0133,0,176,9,151
2024-01-01,SKU0134,112,0,13,64
2024-01-08,SKU0134,88,0,13,72
2024-01-15,SKU0134,70,0,13,66
2024-01-22,SKU0134,53,0,13,51
2024-01-29,SKU0134,38,26,13,52
2024-02-05,SKU0134,16,31,13,68
2024-02-12,SKU0134,2,0,13,53
2024-02-19,SKU0134,0,35,13,41
2024-02-26,SKU0134,0,68,13,80
2024-03-04,SKU0134,41,5,13,78
2024-03-11,SKU0134,21,0,13,56
2024-03-18,SKU0134,0,0,13,99
2024-03-25,SKU0134,0,0,13,90
2024-04-01,SKU0134,0,0,13,61
2024-04-08,SKU0134,54,7,13,68
2024-04-15,SKU0134,38,0,13,54
2024-04-22,SKU0134,12,0,13,89
2024-04-29,SKU0134,0,0,13,94
2024-05-06,SKU0134,0,0,13,62
2024-05-13,SKU0134,34,6,13,75
2024-05-20,SKU0134,16,0,13,52
2024-05-27,SKU0134,56,21,13,92
2024-06-03,SKU0134,97,2,13,84
2024-06-10,SKU0134,65,106,13,107
2024-06-17,SKU0134,47,0,13,58
2024-06-24,SKU0134,25,0,13,86
2024-07-01,SKU0134,0,0,13,98
2024-07-08,SKU0134,0,0,13,75
2024-07-15,SKU0134,0,0,13,103
2024-07-22,SKU0134,41,17,13,86
2024-07-29,SKU0134,13,0,13,89
2024-08-05,SKU0134,32,4,13,54
2024-08-12,SKU0134,0,0,13,96
2024-08-19,SKU0134,0,0,13,77
2024-08-26,SKU0134,0,0,13,68
2024-09-02,SKU0134,0,0,13,81
2024-09-09,SKU0134,54,9,13,65
2024-09-16,SKU0134,37,0,13,64
2024-09-23,SKU0134,13,0,13,81
2024-09-30,SKU0134,0,0,13,67
2024-10-07,SKU0134,0,0,13,52
2024-10-14,SKU0134,34,4,13,81
2024-10-21,SKU0134,54,19,13,147
2024-10-28,SKU0134,8,82,13,122
2024-11-04,SKU0134,0,0,13,141
2024-11-11,SKU0134,42,2,13,75
2024-11-18,SKU0134,70,4,13,93
2024-11-25,SKU0134,23,0,13,152
2024-12-02,SKU0134,52,22,13,71
2024-12-09,SKU0134,26,0,13,90
2024-12-16,SKU0134,0,69,13,87
2024-12-23,SKU0134,0,0,13,101
2024-12-30,SKU0134,34,12,13,77
2025-01-06,SKU0134,9,0,13,68
2025-01-13,SKU0134,0,0,13,74
2025-01-20,SKU0134,0,0,13,81
2025-01-27,SKU0134,0,0,13,85
2025-02-03,SKU0134,0,0,13,80
2025-02-10,SKU0134,0,67,13,60
2025-02-17,SKU0134,0,45,13,67
2025-02-24,SKU0134,0,0,13,82
2025-03-03,SKU0134,27,1,13,72
2025-03-10,SKU0134,0,93,13,103
2025-03-17,SKU0134,0,62,13,117
2025-03-24,SKU0134,0,0,13,84
2025-03-31,SKU0134,0,0,13,84
2025-04-07,SKU0134,0,0,13,44
2025-04-14,SKU0134,0,0,13,83
2025-04-21,SKU0134,0,0,13,72
2025-04-28,SKU0134,39,13,13,63
2025-05-05,SKU0134,6,0,13,93
2025-05-12,SKU0134,0,40,13,85
2025-05-19,SKU0134,0,0,13,86
2025-05-26,SKU0134,0,0,13,78
2025-06-02,SKU0134,0,31,13,75
2025-06-09,SKU0134,23,6,13,90
2025-06-16,SKU0134,0,0,13,66
2025-06-23,SKU0134,0,69,13,83
2025-06-30,SKU0134,52,6,13,66
2025-07-07,SKU0134,23,0,13,95
2025-07-14,SKU0134,0,0,13,79
2025-07-21,SKU0134,41,7,13,81
2025-07-28,SKU0134,5,43,13,133
2025-08-04,SKU0134,0,0,13,97
2025-08-11,SKU0134,35,7,13,94
2025-08-18,SKU0134,14,53,13,59
2025-08-25,SKU0134,0,0,13,87
2025-09-01,SKU0134,0,0,13,102
2025-09-08,SKU0134,0,0,13,76
2025-09-15,SKU0134,0,0,13,93
2025-09-22,SKU0134,0,0,13,102
2025-09-29,SKU0134,0,0,13,78
2025-10-06,SKU0134,0,0,13,68
2025-10-13,SKU0134,0,0,13,95
2025-10-20,SKU0134,0,0,13,138
2025-10-27,SKU0134,0,0,13,112
2025-11-03,SKU0134,0,67,13,116
2025-11-10,SKU0134,0,0,13,110
2025-11-17,SKU0134,0,0,13,138
2025-11-24,SKU0134,0,0,13,141
2025-12-01,SKU0134,0,0,13,142
2025-12-08,SKU0134,0,0,13,139
2025-12-15,SKU0134,0,0,13,124
2025-12-22,SKU0134,0,0,13,103
2025-12-29,SKU0134,0,0,13,45
2024-01-01,SKU0135,700,392,12,517
2024-01-08,SKU0135,812,19,12,348
2024-01-15,SKU0135,671,0,12,345
2024-01-22,SKU0135,537,0,12,368
2024-01-29,SKU0135,410,361,12,412
2024-02-05,SKU0135,263,0,12,456
2024-02-12,SKU0135,125,0,12,412
2024-02-19,SKU0135,0,0,12,419
2024-02-26,SKU0135,253,35,12,523
2024-03-04,SKU0135,111,0,12,438
2024-03-11,SKU0135,0,214,12,428
2024-03-18,SKU0135,0,0,12,706
2024-03-25,SKU0135,0,0,12,492
2024-04-01,SKU0135,229,58,12,405
2024-04-08,SKU0135,56,398,12,459
2024-04-15,SKU0135,0,0,12,540
2024-04-22,SKU0135,0,0,12,385
2024-04-29,SKU0135,0,0,12,504
2024-05-06,SKU0135,0,436,12,465
2024-05-13,SKU0135,181,18,12,530
2024-05-20,SKU0135,0,375,12,511
2024-05-27,SKU0135,0,403,12,465
2024-06-03,SKU0135,158,66,12,464
2024-06-10,SKU0135,2,0,12,453
2024-06-17,SKU0135,0,218,12,483
2024-06-24,SKU0135,0,0,12,572
2024-07-01,SKU0135,444,88,12,681
2024-07-08,SKU0135,271,0,12,459
2024-07-15,SKU0135,108,0,12,508
2024-07-22,SKU0135,289,1,12,474
2024-07-29,SKU0135,150,0,12,434
2024-08-05,SKU0135,455,27,12,497
2024-08-12,SKU0135,332,274,12,455
2024-08-19,SKU0135,202,0,12,376
2024-08-26,SKU0135,38,0,12,522
2024-09-02,SKU0135,0,0,12,464
2024-09-09,SKU0135,229,37,12,420
2024-09-16,SKU0135,62,0,12,484
2024-09-23,SKU0135,0,0,12,599
2024-09-30,SKU0135,0,0,12,484
2024-10-07,SKU0135,0,0,12,527
2024-10-14,SKU0135,0,0,12,653
2024-10-21,SKU0135,0,0,12,815
2024-10-28,SKU0135,0,0,12,637
2024-11-04,SKU0135,380,27,12,570
2024-11-11,SKU0135,145,335,12,712
2024-11-18,SKU0135,0,0,12,543
2024-11-25,SKU0135,388,122,12,719
2024-12-02,SKU0135,158,531,12,707
2024-12-09,SKU0135,0,0,12,586
2024-12-16,SKU0135,0,0,12,662
2024-12-23,SKU0135,239,19,12,636
2024-12-30,SKU0135,80,446,12,454
2025-01-06,SKU0135,0,0,12,505
2025-01-13,SKU0135,266,112,12,490
2025-01-20,SKU0135,365,19,12,509
2025-01-27,SKU0135,203,0,12,504
2025-02-03,SKU0135,38,0,12,412
2025-02-10,SKU0135,0,0,12,465
2025-02-17,SKU0135,0,176,12,449
2025-02-24,SKU0135,0,0,12,399
2025-03-03,SKU0135,0,0,12,465
2025-03-10,SKU0135,0,0,12,510
2025-03-17,SKU0135,0,0,12,649
2025-03-24,SKU0135,0,0,12,467
2025-03-31,SKU0135,0,0,12,525
2025-04-07,SKU0135,0,0,12,633
2025-04-14,SKU0135,0,0,12,449
2025-04-21,SKU0135,0,0,12,620
2025-04-28,SKU0135,0,377,12,447
2025-05-05,SKU0135,365,124,12,462
2025-05-12,SKU0135,161,0,12,541
2025-05-19,SKU0135,0,0,12,562
2025-05-26,SKU0135,454,50,12,587
2025-06-02,SKU0135,295,0,12,508
2025-06-09,SKU0135,306,14,12,490
2025-06-16,SKU0135,402,18,12,512
2025-06-23,SKU0135,228,255,12,513
2025-06-30,SKU0135,0,405,12,699
2025-07-07,SKU0135,0,647,12,612
2025-07-14,SKU0135,0,0,12,411
2025-07-21,SKU0135,222,51,12,555
2025-07-28,SKU0135,74,335,12,451
2025-08-04,SKU0135,0,0,12,562
2025-08-11,SKU0135,195,21,12,547
2025-08-18,SKU0135,12,388,12,482
2025-08-25,SKU0135,311,32,12,487
2025-09-01,SKU0135,145,0,12,509
2025-09-08,SKU0135,171,22,12,523
2025-09-15,SKU0135,4,0,12,523
2025-09-22,SKU0135,264,29,12,608
2025-09-29,SKU0135,319,11,12,537
2025-10-06,SKU0135,448,48,12,647
2025-10-13,SKU0135,199,0,12,615
2025-10-20,SKU0135,0,0,12,673
2025-10-27,SKU0135,553,180,12,733
2025-11-03,SKU0135,343,0,12,593
2025-11-10,SKU0135,163,0,12,576
2025-11-17,SKU0135,349,124,12,683
2025-11-24,SKU0135,403,35,12,967
2025-12-01,SKU0135,721,207,12,754
2025-12-08,SKU0135,467,0,12,678
2025-12-15,SKU0135,221,0,12,648
2025-12-22,SKU0135,451,27,12,688
2025-12-29,SKU0135,346,168,12,349
2024-01-01,SKU0136,31,0,9,37
2024-01-08,SKU0136,9,30,9,54
2024-01-15,SKU0136,0,0,9,44
2024-01-22,SKU0136,0,0,9,41
2024-01-29,SKU0136,0,0,9,33
2024-02-05,SKU0136,65,6,9,57
2024-02-12,SKU0136,55,0,9,28
2024-02-19,SKU0136,38,0,9,40
2024-02-26,SKU0136,18,48,9,57
2024-03-04,SKU0136,0,71,9,64
2024-03-11,SKU0136,0,0,9,52
2024-03-18,SKU0136,80,14,9,100
2024-03-25,SKU0136,51,43,9,74
2024-04-01,SKU0136,27,62,9,61
2024-04-08,SKU0136,1,0,9,56
2024-04-15,SKU0136,50,2,9,60
2024-04-22,SKU0136,33,0,9,46
2024-04-29,SKU0136,8,0,9,68
2024-05-06,SKU0136,26,12,9,79
2024-05-13,SKU0136,0,0,9,60
2024-05-20,SKU0136,63,23,9,76
2024-05-27,SKU0136,44,0,9,43
2024-06-03,SKU0136,17,0,9,77
2024-06-10,SKU0136,0,0,9,55
2024-06-17,SKU0136,0,25,9,41
2024-06-24,SKU0136,0,0,9,77
2024-07-01,SKU0136,0,0,9,78
2024-07-08,SKU0136,0,0,9,63
2024-07-15,SKU0136,0,0,9,74
2024-07-22,SKU0136,0,0,9,71
2024-07-29,SKU0136,35,9,9,57
2024-08-05,SKU0136,7,0,9,73
2024-08-12,SKU0136,0,36,9,62
2024-08-19,SKU0136,0,0,9,72
2024-08-26,SKU0136,0,0,9,76
2024-09-02,SKU0136,32,13,9,42
2024-09-09,SKU0136,14,47,9,45
2024-09-16,SKU0136,0,0,9,69
2024-09-23,SKU0136,47,4,9,49
2024-09-30,SKU0136,23,0,9,56
2024-10-07,SKU0136,0,0,9,95
2024-10-14,SKU0136,0,0,9,77
2024-10-21,SKU0136,0,0,9,62
2024-10-28,SKU0136,0,0,9,106
2024-11-04,SKU0136,50,4,9,109
2024-11-11,SKU0136,25,0,9,70
2024-11-18,SKU0136,2,45,9,61
2024-11-25,SKU0136,0,0,9,87
2024-12-02,SKU0136,0,0,9,92
2024-12-09,SKU0136,0,0,9,71
2024-12-16,SKU0136,0,0,9,70
2024-12-23,SKU0136,0,0,9,125
2024-12-30,SKU0136,0,0,9,35
2025-01-06,SKU0136,0,20,9,45
2025-01-13,SKU0136,33,9,9,61
2025-01-20,SKU0136,13,0,9,54
2025-01-27,SKU0136,38,14,9,69
2025-02-03,SKU0136,17,0,9,52
2025-02-10,SKU0136,0,0,9,47
2025-02-17,SKU0136,0,0,9,48
2025-02-24,SKU0136,0,0,9,61
2025-03-03,SKU0136,0,0,9,74
2025-03-10,SKU0136,0,0,9,58
2025-03-17,SKU0136,0,0,9,92
2025-03-24,SKU0136,0,0,9,46
2025-03-31,SKU0136,0,0,9,54
2025-04-07,SKU0136,0,0,9,57
2025-04-14,SKU0136,63,6,9,53
2025-04-21,SKU0136,31,0,9,77
2025-04-28,SKU0136,8,0,9,59
2025-05-05,SKU0136,0,0,9,84
2025-05-12,SKU0136,0,0,9,49
2025-05-19,SKU0136,0,0,9,100
2025-05-26,SKU0136,30,5,9,65
2025-06-02,SKU0136,4,0,9,53
2025-06-09,SKU0136,0,0,9,86
2025-06-16,SKU0136,0,43,9,60
2025-06-23,SKU0136,0,0,9,68
2025-06-30,SKU0136,0,0,9,107
2025-07-07,SKU0136,0,0,9,102
2025-07-14,SKU0136,0,0,9,60
2025-07-21,SKU0136,0,0,9,68
2025-07-28,SKU0136,75,4,9,75
2025-08-04,SKU0136,48,0,9,66
2025-08-11,SKU0136,15,73,9,90
2025-08-18,SKU0136,0,0,9,59
2025-08-25,SKU0136,0,0,9,58
2025-09-01,SKU0136,0,0,9,71
2025-09-08,SKU0136,0,43,9,72
2025-09-15,SKU0136,0,74,9,84
2025-09-22,SKU0136,0,0,9,73
2025-09-29,SKU0136,0,0,9,84
2025-10-06,SKU0136,0,0,9,71
2025-10-13,SKU0136,34,7,9,86
2025-10-20,SKU0136,0,0,9,101
2025-10-27,SKU0136,0,0,9,101
2025-11-03,SKU0136,0,29,9,59
2025-11-10,SKU0136,0,0,9,62
2025-11-17,SKU0136,0,58,9,92
2025-11-24,SKU0136,0,0,9,116
2025-12-01,SKU0136,0,0,9,94
2025-12-08,SKU0136,91,26,9,93
2025-12-15,SKU0136,60,0,9,66
2025-12-22,SKU0136,22,0,9,94
2025-12-29,SKU0136,41,3,9,45
2024-01-01,SKU0137,272,0,4,47
2024-01-08,SKU0137,244,0,4,46
2024-01-15,SKU0137,214,0,4,45
2024-01-22,SKU0137,183,0,4,49
2024-01-29,SKU0137,219,6,4,60
2024-02-05,SKU0137,217,5,4,67
2024-02-12,SKU0137,194,52,4,35
2024-02-19,SKU0137,166,0,4,50
2024-02-26,SKU0137,127,0,4,60
2024-03-04,SKU0137,94,92,4,63
2024-03-11,SKU0137,38,0,4,91
2024-03-18,SKU0137,2,0,4,65
2024-03-25,SKU0137,0,97,4,52
2024-04-01,SKU0137,43,14,4,54
2024-04-08,SKU0137,16,0,4,49
2024-04-15,SKU0137,0,0,4,69
2024-04-22,SKU0137,0,0,4,57
2024-04-29,SKU0137,0,0,4,47
2024-05-06,SKU0137,0,0,4,46
2024-05-13,SKU0137,0,0,4,57
2024-05-20,SKU0137,0,121,4,75
2024-05-27,SKU0137,0,0,4,65
2024-06-03,SKU0137,0,0,4,54
2024-06-10,SKU0137,0,60,4,41
2024-06-17,SKU0137,0,0,4,54
2024-06-24,SKU0137,0,71,4,52
2024-07-01,SKU0137,0,90,4,54
2024-07-08,SKU0137,0,0,4,70
2024-07-15,SKU0137,80,14,4,46
2024-07-22,SKU0137,55,0,4,49
2024-07-29,SKU0137,16,0,4,68
2024-08-05,SKU0137,61,7,4,75
2024-08-12,SKU0137,25,0,4,53
2024-08-19,SKU0137,0,0,4,69
2024-08-26,SKU0137,0,0,4,55
2024-09-02,SKU0137,0,0,4,58
2024-09-09,SKU0137,0,0,4,74
2024-09-16,SKU0137,0,0,4,69
2024-09-23,SKU0137,0,0,4,50
2024-09-30,SKU0137,0,0,4,74
2024-10-07,SKU0137,0,0,4,84
2024-10-14,SKU0137,0,43,4,57
2024-10-21,SKU0137,0,0,4,98
2024-10-28,SKU0137,0,0,4,85
2024-11-04,SKU0137,0,0,4,98
2024-11-11,SKU0137,61,23,4,69
2024-11-18,SKU0137,133,5,4,71
2024-11-25,SKU0137,80,0,4,83
2024-12-02,SKU0137,35,0,4,82
2024-12-09,SKU0137,0,0,4,86
2024-12-16,SKU0137,0,0,4,60
2024-12-23,SKU0137,92,27,4,107
2024-12-30,SKU0137,54,73,4,74
2025-01-06,SKU0137,23,0,4,53
2025-01-13,SKU0137,0,0,4,50
2025-01-20,SKU0137,0,0,4,70
2025-01-27,SKU0137,0,0,4,61
2025-02-03,SKU0137,0,108,4,69
2025-02-10,SKU0137,0,0,4,61
2025-02-17,SKU0137,0,0,4,53
2025-02-24,SKU0137,70,10,4,66
2025-03-03,SKU0137,43,0,4,49
2025-03-10,SKU0137,11,0,4,60
2025-03-17,SKU0137,0,0,4,111
2025-03-24,SKU0137,55,10,4,73
2025-03-31,SKU0137,13,48,4,65
2025-04-07,SKU0137,0,90,4,65
2025-04-14,SKU0137,0,0,4,66
2025-04-21,SKU0137,0,0,4,66
2025-04-28,SKU0137,0,0,4,58
2025-05-05,SKU0137,68,24,4,57
2025-05-12,SKU0137,28,46,4,65
2025-05-19,SKU0137,0,0,4,55
2025-05-26,SKU0137,0,0,4,64
2025-06-02,SKU0137,0,0,4,59
2025-06-09,SKU0137,0,0,4,82
2025-06-16,SKU0137,64,23,4,61
2025-06-23,SKU0137,28,0,4,65
2025-06-30,SKU0137,0,0,4,85
2025-07-07,SKU0137,0,0,4,75
2025-07-14,SKU0137,0,0,4,57
2025-07-21,SKU0137,0,0,4,54
2025-07-28,SKU0137,0,0,4,66
2025-08-04,SKU0137,0,47,4,68
2025-08-11,SKU0137,0,0,4,54
2025-08-18,SKU0137,0,0,4,58
2025-08-25,SKU0137,0,0,4,73
2025-09-01,SKU0137,0,0,4,70
2025-09-08,SKU0137,44,1,4,54
2025-09-15,SKU0137,12,0,4,58
2025-09-22,SKU0137,0,0,4,64
2025-09-29,SKU0137,0,0,4,55
2025-10-06,SKU0137,0,0,4,62
2025-10-13,SKU0137,0,0,4,72
2025-10-20,SKU0137,0,0,4,98
2025-10-27,SKU0137,0,113,4,105
2025-11-03,SKU0137,0,0,4,77
2025-11-10,SKU0137,0,0,4,77
2025-11-17,SKU0137,0,147,4,89
2025-11-24,SKU0137,115,44,4,88
2025-12-01,SKU0137,60,0,4,88
2025-12-08,SKU0137,5,0,4,116
2025-12-15,SKU0137,0,0,4,64
2025-12-22,SKU0137,116,36,4,109
2025-12-29,SKU0137,97,45,4,36
2024-01-01,SKU0138,830,3,14,226
2024-01-08,SKU0138,823,18,14,182
2024-01-15,SKU0138,731,0,14,322
2024-01-22,SKU0138,668,0,14,222
2024-01-29,SKU0138,590,225,14,293
2024-02-05,SKU0138,506,142,14,241
2024-02-12,SKU0138,428,0,14,308
2024-02-19,SKU0138,322,0,14,333
2024-02-26,SKU0138,250,0,14,298
2024-03-04,SKU0138,286,27,14,315
2024-03-11,SKU0138,205,0,14,280
2024-03-18,SKU0138,96,0,14,322
2024-03-25,SKU0138,7,0,14,292
2024-04-01,SKU0138,0,0,14,259
2024-04-08,SKU0138,0,0,14,309
2024-04-15,SKU0138,128,54,14,266
2024-04-22,SKU0138,54,0,14,213
2024-04-29,SKU0138,0,0,14,344
2024-05-06,SKU0138,0,0,14,328
2024-05-13,SKU0138,0,141,14,300
2024-05-20,SKU0138,104,9,14,293
2024-05-27,SKU0138,212,22,14,226
2024-06-03,SKU0138,143,0,14,253
2024-06-10,SKU0138,61,0,14,300
2024-06-17,SKU0138,0,215,14,270
2024-06-24,SKU0138,0,0,14,237
2024-07-01,SKU0138,0,0,14,476
2024-07-08,SKU0138,0,0,14,323
2024-07-15,SKU0138,0,0,14,318
2024-07-22,SKU0138,0,0,14,313
2024-07-29,SKU0138,0,0,14,262
2024-08-05,SKU0138,0,0,14,287
2024-08-12,SKU0138,122,9,14,360
2024-08-19,SKU0138,131,34,14,288
2024-08-26,SKU0138,31,198,14,363
2024-09-02,SKU0138,0,92,14,260
2024-09-09,SKU0138,0,0,14,325
2024-09-16,SKU0138,77,28,14,275
2024-09-23,SKU0138,2,0,14,199
2024-09-30,SKU0138,0,0,14,293
2024-10-07,SKU0138,169,25,14,305
2024-10-14,SKU0138,281,13,14,362
2024-10-21,SKU0138,141,0,14,385
2024-10-28,SKU0138,359,90,14,446
2024-11-04,SKU0138,248,0,14,374
2024-11-11,SKU0138,159,0,14,367
2024-11-18,SKU0138,64,0,14,337
2024-11-25,SKU0138,0,328,14,499
2024-12-02,SKU0138,133,15,14,363
2024-12-09,SKU0138,211,21,14,392
2024-12-16,SKU0138,81,0,14,374
2024-12-23,SKU0138,327,47,14,399
2024-12-30,SKU0138,235,0,14,306
2025-01-06,SKU0138,146,0,14,284
2025-01-13,SKU0138,66,0,14,243
2025-01-20,SKU0138,0,0,14,241
2025-01-27,SKU0138,0,0,14,322
2025-02-03,SKU0138,0,0,14,315
2025-02-10,SKU0138,132,15,14,229
2025-02-17,SKU0138,40,0,14,286
2025-02-24,SKU0138,0,0,14,316
2025-03-03,SKU0138,0,134,14,320
2025-03-10,SKU0138,0,0,14,277
2025-03-17,SKU0138,0,0,14,309
2025-03-24,SKU0138,0,0,14,346
2025-03-31,SKU0138,0,89,14,233
2025-04-07,SKU0138,0,0,14,297
2025-04-14,SKU0138,0,0,14,265
2025-04-21,SKU0138,0,249,14,303
2025-04-28,SKU0138,0,0,14,383
2025-05-05,SKU0138,146,54,14,251
2025-05-12,SKU0138,310,22,14,273
2025-05-19,SKU0138,226,0,14,307
2025-05-26,SKU0138,138,0,14,298
2025-06-02,SKU0138,55,113,14,245
2025-06-09,SKU0138,0,0,14,329
2025-06-16,SKU0138,0,153,14,362
2025-06-23,SKU0138,0,0,14,319
2025-06-30,SKU0138,0,277,14,485
2025-07-07,SKU0138,0,0,14,410
2025-07-14,SKU0138,0,0,14,252
2025-07-21,SKU0138,0,0,14,286
2025-07-28,SKU0138,0,0,14,313
2025-08-04,SKU0138,0,0,14,302
2025-08-11,SKU0138,0,0,14,366
2025-08-18,SKU0138,0,220,14,352
2025-08-25,SKU0138,0,0,14,323
2025-09-01,SKU0138,0,0,14,302
2025-09-08,SKU0138,90,5,14,262
2025-09-15,SKU0138,12,0,14,267
2025-09-22,SKU0138,0,0,14,228
2025-09-29,SKU0138,0,0,14,334
2025-10-06,SKU0138,0,0,14,326
2025-10-13,SKU0138,0,0,14,334
2025-10-20,SKU0138,0,406,14,499
2025-10-27,SKU0138,0,0,14,416
2025-11-03,SKU0138,113,39,14,409
2025-11-10,SKU0138,20,0,14,280
2025-11-17,SKU0138,0,0,14,330
2025-11-24,SKU0138,0,0,14,517
2025-12-01,SKU0138,172,27,14,417
2025-12-08,SKU0138,67,0,14,343
2025-12-15,SKU0138,351,38,14,443
2025-12-22,SKU0138,408,70,14,371
2025-12-29,SKU0138,350,0,14,211
2024-01-01,SKU0139,186,0,6,71
2024-01-08,SKU0139,154,0,6,63
2024-01-15,SKU0139,185,28,6,70
2024-01-22,SKU0139,144,49,6,92
2024-01-29,SKU0139,101,96,6,105
2024-02-05,SKU0139,70,0,6,55
2024-02-12,SKU0139,24,0,6,104
2024-02-19,SKU0139,0,0,6,70
2024-02-26,SKU0139,0,0,6,92
2024-03-04,SKU0139,56,17,6,80
2024-03-11,SKU0139,9,0,6,101
2024-03-18,SKU0139,0,146,6,100
2024-03-25,SKU0139,0,0,6,50
2024-04-01,SKU0139,0,0,6,67
2024-04-08,SKU0139,81,16,6,98
2024-04-15,SKU0139,33,0,6,82
2024-04-22,SKU0139,0,0,6,87
2024-04-29,SKU0139,0,90,6,96
2024-05-06,SKU0139,104,3,6,80
2024-05-13,SKU0139,57,0,6,102
2024-05-20,SKU0139,53,11,6,96
2024-05-27,SKU0139,7,0,6,113
2024-06-03,SKU0139,0,67,6,116
2024-06-10,SKU0139,0,0,6,78
2024-06-17,SKU0139,0,59,6,71
2024-06-24,SKU0139,0,0,6,83
2024-07-01,SKU0139,0,0,6,121
2024-07-08,SKU0139,0,150,6,98
2024-07-15,SKU0139,0,0,6,89
2024-07-22,SKU0139,0,0,6,63
2024-07-29,SKU0139,0,0,6,98
2024-08-05,SKU0139,0,0,6,108
2024-08-12,SKU0139,0,131,6,90
2024-08-19,SKU0139,0,94,6,63
2024-08-26,SKU0139,0,0,6,85
2024-09-02,SKU0139,0,0,6,56
2024-09-09,SKU0139,0,116,6,80
2024-09-16,SKU0139,0,0,6,50
2024-09-23,SKU0139,55,20,6,85
2024-09-30,SKU0139,80,25,6,78
2024-10-07,SKU0139,135,34,6,109
2024-10-14,SKU0139,220,1,6,110
2024-10-21,SKU0139,161,0,6,110
2024-10-28,SKU0139,97,0,6,127
2024-11-04,SKU0139,39,91,6,111
2024-11-11,SKU0139,56,11,6,86
2024-11-18,SKU0139,65,1,6,113
2024-11-25,SKU0139,78,27,6,134
2024-12-02,SKU0139,20,0,6,120
2024-12-09,SKU0139,0,0,6,87
2024-12-16,SKU0139,55,19,6,140
2024-12-23,SKU0139,8,120,6,108
2024-12-30,SKU0139,0,0,6,119
2025-01-06,SKU0139,49,17,6,74
2025-01-13,SKU0139,16,0,6,62
2025-01-20,SKU0139,0,0,6,65
2025-01-27,SKU0139,0,0,6,96
2025-02-03,SKU0139,0,0,6,109
2025-02-10,SKU0139,0,0,6,75
2025-02-17,SKU0139,0,0,6,76
2025-02-24,SKU0139,0,68,6,100
2025-03-03,SKU0139,0,50,6,88
2025-03-10,SKU0139,75,6,6,69
2025-03-17,SKU0139,165,14,6,97
2025-03-24,SKU0139,125,0,6,77
2025-03-31,SKU0139,76,0,6,104
2025-04-07,SKU0139,44,81,6,59
2025-04-14,SKU0139,2,0,6,92
2025-04-21,SKU0139,0,0,6,90
2025-04-28,SKU0139,0,78,6,91
2025-05-05,SKU0139,0,0,6,109
2025-05-12,SKU0139,0,0,6,103
2025-05-19,SKU0139,0,0,6,85
2025-05-26,SKU0139,75,2,6,95
2025-06-02,SKU0139,79,14,6,110
2025-06-09,SKU0139,38,0,6,83
2025-06-16,SKU0139,0,73,6,78
2025-06-23,SKU0139,0,0,6,72
2025-06-30,SKU0139,0,0,6,115
2025-07-07,SKU0139,0,0,6,113
2025-07-14,SKU0139,0,0,6,106
2025-07-21,SKU0139,0,0,6,103
2025-07-28,SKU0139,0,64,6,111
2025-08-04,SKU0139,0,0,6,71
2025-08-11,SKU0139,86,27,6,85
2025-08-18,SKU0139,43,0,6,97
2025-08-25,SKU0139,74,12,6,95
2025-09-01,SKU0139,42,0,6,60
2025-09-08,SKU0139,77,4,6,91
2025-09-15,SKU0139,91,21,6,136
2025-09-22,SKU0139,51,0,6,71
2025-09-29,SKU0139,0,0,6,118
2025-10-06,SKU0139,0,0,6,109
2025-10-13,SKU0139,0,0,6,106
2025-10-20,SKU0139,93,2,6,120
2025-10-27,SKU0139,127,3,6,137
2025-11-03,SKU0139,63,0,6,132
2025-11-10,SKU0139,9,0,6,112
2025-11-17,SKU0139,0,0,6,80
2025-11-24,SKU0139,0,0,6,149
2025-12-01,SKU0139,0,0,6,111
2025-12-08,SKU0139,128,7,6,134
2025-12-15,SKU0139,63,145,6,137
2025-12-22,SKU0139,0,0,6,162
2025-12-29,SKU0139,0,0,6,46
2024-01-01,SKU0140,152,60,9,96
2024-01-08,SKU0140,99,0,9,155
2024-01-15,SKU0140,62,0,9,115
2024-01-22,SKU0140,21,0,9,97
2024-01-29,SKU0140,0,91,9,88
2024-02-05,SKU0140,0,0,9,122
2024-02-12,SKU0140,67,9,9,105
2024-02-19,SKU0140,24,0,9,93
2024-02-26,SKU0140,0,101,9,140
2024-03-04,SKU0140,0,0,9,100
2024-03-11,SKU0140,0,0,9,142
2024-03-18,SKU0140,95,22,9,168
2024-03-25,SKU0140,47,0,9,134
2024-04-01,SKU0140,11,105,9,83
2024-04-08,SKU0140,0,0,9,130
2024-04-15,SKU0140,40,16,9,112
2024-04-22,SKU0140,2,0,9,97
2024-04-29,SKU0140,0,0,9,140
2024-05-06,SKU0140,0,0,9,122
2024-05-13,SKU0140,35,10,9,105
2024-05-20,SKU0140,0,0,9,131
2024-05-27,SKU0140,0,0,9,141
2024-06-03,SKU0140,0,0,9,110
2024-06-10,SKU0140,47,20,9,118
2024-06-17,SKU0140,13,0,9,90
2024-06-24,SKU0140,0,87,9,92
2024-07-01,SKU0140,0,0,9,145
2024-07-08,SKU0140,0,0,9,116
2024-07-15,SKU0140,40,17,9,131
2024-07-22,SKU0140,0,0,9,128
2024-07-29,SKU0140,0,0,9,135
2024-08-05,SKU0140,0,0,9,125
2024-08-12,SKU0140,0,62,9,121
2024-08-19,SKU0140,0,0,9,122
2024-08-26,SKU0140,80,6,9,130
2024-09-02,SKU0140,40,0,9,124
2024-09-09,SKU0140,0,100,9,100
2024-09-16,SKU0140,98,35,9,123
2024-09-23,SKU0140,49,0,9,107
2024-09-30,SKU0140,3,0,9,99
2024-10-07,SKU0140,99,19,9,115
2024-10-14,SKU0140,68,0,9,79
2024-10-21,SKU0140,0,0,9,175
2024-10-28,SKU0140,0,0,9,187
2024-11-04,SKU0140,0,0,9,163
2024-11-11,SKU0140,73,4,9,150
2024-11-18,SKU0140,14,0,9,174
2024-11-25,SKU0140,0,93,9,215
2024-12-02,SKU0140,0,0,9,186
2024-12-09,SKU0140,0,109,9,169
2024-12-16,SKU0140,117,14,9,177
2024-12-23,SKU0140,41,0,9,207
2024-12-30,SKU0140,0,0,9,131
2025-01-06,SKU0140,45,17,9,79
2025-01-13,SKU0140,0,0,9,133
2025-01-20,SKU0140,0,98,9,99
2025-01-27,SKU0140,48,20,9,83
2025-02-03,SKU0140,7,0,9,126
2025-02-10,SKU0140,0,0,9,107
2025-02-17,SKU0140,0,0,9,125
2025-02-24,SKU0140,47,19,9,115
2025-03-03,SKU0140,7,0,9,104
2025-03-10,SKU0140,90,22,9,142
2025-03-17,SKU0140,34,0,9,128
2025-03-24,SKU0140,0,0,9,153
2025-03-31,SKU0140,0,0,9,123
2025-04-07,SKU0140,0,147,9,130
2025-04-14,SKU0140,0,0,9,135
2025-04-21,SKU0140,0,0,9,107
2025-04-28,SKU0140,87,18,9,130
2025-05-05,SKU0140,40,0,9,128
2025-05-12,SKU0140,0,0,9,170
2025-05-19,SKU0140,0,0,9,134
2025-05-26,SKU0140,104,36,9,118
2025-06-02,SKU0140,54,79,9,127
2025-06-09,SKU0140,15,0,9,100
2025-06-16,SKU0140,0,0,9,103
2025-06-23,SKU0140,0,113,9,110
2025-06-30,SKU0140,0,0,9,215
2025-07-07,SKU0140,0,0,9,166
2025-07-14,SKU0140,0,0,9,105
2025-07-21,SKU0140,153,2,9,122
2025-07-28,SKU0140,96,0,9,137
2025-08-04,SKU0140,185,1,9,106
2025-08-11,SKU0140,131,0,9,118
2025-08-18,SKU0140,156,30,9,150
2025-08-25,SKU0140,107,0,9,120
2025-09-01,SKU0140,57,0,9,153
2025-09-08,SKU0140,137,37,9,170
2025-09-15,SKU0140,87,0,9,128
2025-09-22,SKU0140,38,0,9,122
2025-09-29,SKU0140,0,0,9,180
2025-10-06,SKU0140,128,20,9,147
2025-10-13,SKU0140,47,151,9,201
2025-10-20,SKU0140,0,0,9,202
2025-10-27,SKU0140,0,0,9,181
2025-11-03,SKU0140,0,0,9,207
2025-11-10,SKU0140,120,7,9,123
2025-11-17,SKU0140,53,0,9,180
2025-11-24,SKU0140,0,0,9,245
2025-12-01,SKU0140,0,0,9,282
2025-12-08,SKU0140,0,0,9,159
2025-12-15,SKU0140,107,25,9,264
2025-12-22,SKU0140,39,0,9,205
2025-12-29,SKU0140,2,122,9,108
2024-01-01,SKU0141,139,2,13,62
2024-01-08,SKU0141,152,8,13,43
2024-01-15,SKU0141,133,0,13,65
2024-01-22,SKU0141,110,0,13,77
2024-01-29,SKU0141,98,0,13,40
2024-02-05,SKU0141,86,0,13,39
2024-02-12,SKU0141,74,35,13,35
2024-02-19,SKU0141,56,27,13,52
2024-02-26,SKU0141,41,0,13,53
2024-03-04,SKU0141,9,0,13,80
2024-03-11,SKU0141,0,0,13,71
2024-03-18,SKU0141,35,12,13,100
2024-03-25,SKU0141,21,0,13,37
2024-04-01,SKU0141,37,12,13,84
2024-04-08,SKU0141,24,0,13,44
2024-04-15,SKU0141,0,0,13,77
2024-04-22,SKU0141,25,4,13,50
2024-04-29,SKU0141,4,0,13,72
2024-05-06,SKU0141,0,0,13,86
2024-05-13,SKU0141,40,13,13,81
2024-05-20,SKU0141,23,29,13,57
2024-05-27,SKU0141,0,0,13,82
2024-06-03,SKU0141,0,0,13,47
2024-06-10,SKU0141,27,7,13,65
2024-06-17,SKU0141,0,49,13,80
2024-06-24,SKU0141,0,0,13,101
2024-07-01,SKU0141,0,0,13,80
2024-07-08,SKU0141,0,0,13,89
2024-07-15,SKU0141,58,4,13,79
2024-07-22,SKU0141,41,58,13,55
2024-07-29,SKU0141,24,0,13,53
2024-08-05,SKU0141,37,4,13,68
2024-08-12,SKU0141,14,0,13,69
2024-08-19,SKU0141,0,0,13,77
2024-08-26,SKU0141,0,0,13,55
2024-09-02,SKU0141,0,29,13,70
2024-09-09,SKU0141,0,0,13,84
2024-09-16,SKU0141,0,30,13,72
2024-09-23,SKU0141,0,0,13,83
2024-09-30,SKU0141,0,57,13,74
2024-10-07,SKU0141,0,0,13,78
2024-10-14,SKU0141,0,0,13,64
2024-10-21,SKU0141,0,44,13,117
2024-10-28,SKU0141,0,0,13,157
2024-11-04,SKU0141,0,0,13,92
2024-11-11,SKU0141,0,0,13,78
2024-11-18,SKU0141,0,0,13,68
2024-11-25,SKU0141,0,0,13,108
2024-12-02,SKU0141,0,0,13,105
2024-12-09,SKU0141,0,0,13,103
2024-12-16,SKU0141,64,6,13,136
2024-12-23,SKU0141,43,0,13,80
2024-12-30,SKU0141,48,1,13,78
2025-01-06,SKU0141,64,8,13,55
2025-01-13,SKU0141,46,0,13,54
2025-01-20,SKU0141,17,0,13,86
2025-01-27,SKU0141,0,0,13,62
2025-02-03,SKU0141,29,9,13,49
2025-02-10,SKU0141,11,0,13,64
2025-02-17,SKU0141,0,0,13,75
2025-02-24,SKU0141,0,0,13,88
2025-03-03,SKU0141,0,0,13,54
2025-03-10,SKU0141,0,0,13,96
2025-03-17,SKU0141,0,0,13,91
2025-03-24,SKU0141,0,66,13,77
2025-03-31,SKU0141,0,0,13,64
2025-04-07,SKU0141,0,0,13,95
2025-04-14,SKU0141,0,0,13,76
2025-04-21,SKU0141,0,0,13,71
2025-04-28,SKU0141,0,0,13,79
2025-05-05,SKU0141,0,0,13,72
2025-05-12,SKU0141,0,0,13,86
2025-05-19,SKU0141,0,0,13,98
2025-05-26,SKU0141,0,0,13,92
2025-06-02,SKU0141,28,10,13,79
2025-06-09,SKU0141,13,0,13,56
2025-06-16,SKU0141,0,0,13,69
2025-06-23,SKU0141,0,71,13,91
2025-06-30,SKU0141,0,86,13,94
2025-07-07,SKU0141,0,0,13,79
2025-07-14,SKU0141,0,0,13,58
2025-07-21,SKU0141,0,0,13,58
2025-07-28,SKU0141,0,0,13,95
2025-08-04,SKU0141,0,0,13,104
2025-08-11,SKU0141,0,0,13,102
2025-08-18,SKU0141,0,61,13,87
2025-08-25,SKU0141,0,0,13,83
2025-09-01,SKU0141,0,0,13,91
2025-09-08,SKU0141,0,0,13,65
2025-09-15,SKU0141,0,0,13,105
2025-09-22,SKU0141,0,0,13,41
2025-09-29,SKU0141,0,0,13,59
2025-10-06,SKU0141,0,0,13,76
2025-10-13,SKU0141,44,14,13,112
2025-10-20,SKU0141,5,0,13,130
2025-10-27,SKU0141,0,0,13,135
2025-11-03,SKU0141,54,21,13,111
2025-11-10,SKU0141,30,0,13,86
2025-11-17,SKU0141,100,18,13,126
2025-11-24,SKU0141,61,0,13,134
2025-12-01,SKU0141,72,7,13,129
2025-12-08,SKU0141,45,0,13,91
2025-12-15,SKU0141,15,0,13,98
2025-12-22,SKU0141,0,50,13,129
2025-12-29,SKU0141,0,0,13,37
2024-01-01,SKU0142,139,0,10,102
2024-01-08,SKU0142,99,0,10,94
2024-01-15,SKU0142,68,0,10,90
2024-01-22,SKU0142,6,0,10,159
2024-01-29,SKU0142,0,0,10,96
2024-02-05,SKU0142,0,57,10,113
2024-02-12,SKU0142,45,6,10,121
2024-02-19,SKU0142,101,15,10,97
2024-02-26,SKU0142,50,0,10,130
2024-03-04,SKU0142,0,0,10,136
2024-03-11,SKU0142,118,36,10,128
2024-03-18,SKU0142,42,0,10,180
2024-03-25,SKU0142,41,10,10,94
2024-04-01,SKU0142,0,84,10,107
2024-04-08,SKU0142,0,0,10,150
2024-04-15,SKU0142,0,0,10,166
2024-04-22,SKU0142,0,104,10,135
2024-04-29,SKU0142,0,0,10,128
2024-05-06,SKU0142,0,0,10,125
2024-05-13,SKU0142,0,0,10,110
2024-05-20,SKU0142,0,0,10,145
2024-05-27,SKU0142,0,0,10,118
2024-06-03,SKU0142,0,0,10,113
2024-06-10,SKU0142,0,0,10,140
2024-06-17,SKU0142,107,8,10,119
2024-06-24,SKU0142,66,91,10,114
2024-07-01,SKU0142,2,136,10,170
2024-07-08,SKU0142,0,0,10,150
2024-07-15,SKU0142,101,36,10,118
2024-07-22,SKU0142,161,18,10,145
2024-07-29,SKU0142,102,0,10,162
2024-08-05,SKU0142,52,91,10,148
2024-08-12,SKU0142,4,64,10,121
2024-08-19,SKU0142,0,0,10,119
2024-08-26,SKU0142,0,0,10,103
2024-09-02,SKU0142,0,0,10,78
2024-09-09,SKU0142,65,2,10,168
2024-09-16,SKU0142,88,2,10,140
2024-09-23,SKU0142,50,0,10,90
2024-09-30,SKU0142,0,0,10,173
2024-10-07,SKU0142,0,0,10,143
2024-10-14,SKU0142,0,0,10,141
2024-10-21,SKU0142,171,52,10,204
2024-10-28,SKU0142,116,0,10,146
2024-11-04,SKU0142,55,0,10,188
2024-11-11,SKU0142,101,41,10,176
2024-11-18,SKU0142,38,96,10,163
2024-11-25,SKU0142,93,21,10,195
2024-12-02,SKU0142,38,0,10,156
2024-12-09,SKU0142,0,0,10,168
2024-12-16,SKU0142,92,2,10,149
2024-12-23,SKU0142,16,126,10,242
2024-12-30,SKU0142,0,0,10,168
2025-01-06,SKU0142,0,0,10,128
2025-01-13,SKU0142,0,0,10,120
2025-01-20,SKU0142,88,12,10,117
2025-01-27,SKU0142,55,40,10,102
2025-02-03,SKU0142,0,0,10,155
2025-02-10,SKU0142,0,0,10,104
2025-02-17,SKU0142,0,0,10,127
2025-02-24,SKU0142,0,147,10,163
2025-03-03,SKU0142,0,0,10,111
2025-03-10,SKU0142,210,16,10,219
2025-03-17,SKU0142,128,0,10,200
2025-03-24,SKU0142,84,0,10,133
2025-03-31,SKU0142,25,0,10,157
2025-04-07,SKU0142,0,0,10,159
2025-04-14,SKU0142,0,93,10,149
2025-04-21,SKU0142,0,0,10,141
2025-04-28,SKU0142,0,0,10,105
2025-05-05,SKU0142,0,125,10,118
2025-05-12,SKU0142,0,0,10,174
2025-05-19,SKU0142,0,0,10,135
2025-05-26,SKU0142,0,0,10,140
2025-06-02,SKU0142,0,0,10,159
2025-06-09,SKU0142,0,0,10,158
2025-06-16,SKU0142,0,73,10,119
2025-06-23,SKU0142,0,0,10,126
2025-06-30,SKU0142,0,0,10,194
2025-07-07,SKU0142,0,0,10,145
2025-07-14,SKU0142,112,18,10,145
2025-07-21,SKU0142,54,76,10,153
2025-07-28,SKU0142,69,9,10,99
2025-08-04,SKU0142,7,0,10,142
2025-08-11,SKU0142,0,0,10,164
2025-08-18,SKU0142,0,0,10,135
2025-08-25,SKU0142,0,0,10,205
2025-09-01,SKU0142,0,0,10,136
2025-09-08,SKU0142,0,0,10,159
2025-09-15,SKU0142,0,0,10,147
2025-09-22,SKU0142,0,0,10,104
2025-09-29,SKU0142,0,0,10,193
2025-10-06,SKU0142,0,149,10,146
2025-10-13,SKU0142,0,0,10,190
2025-10-20,SKU0142,0,0,10,235
2025-10-27,SKU0142,0,0,10,210
2025-11-03,SKU0142,0,0,10,244
2025-11-10,SKU0142,0,0,10,166
2025-11-17,SKU0142,115,2,10,187
2025-11-24,SKU0142,22,279,10,269
2025-12-01,SKU0142,157,25,10,196
2025-12-08,SKU0142,94,0,10,199
2025-12-15,SKU0142,54,0,10,92
2025-12-22,SKU0142,0,0,10,144
2025-12-29,SKU0142,0,0,10,94
2024-01-01,SKU0143,65,0,11,37
2024-01-08,SKU0143,51,0,11,47
2024-01-15,SKU0143,33,60,11,57
2024-01-22,SKU0143,10,0,11,70
2024-01-29,SKU0143,32,7,11,39
2024-02-05,SKU0143,10,0,11,59
2024-02-12,SKU0143,0,0,11,62
2024-02-19,SKU0143,22,6,11,46
2024-02-26,SKU0143,19,4,11,56
2024-03-04,SKU0143,0,0,11,61
2024-03-11,SKU0143,0,0,11,50
2024-03-18,SKU0143,0,0,11,74
2024-03-25,SKU0143,0,0,11,76
2024-04-01,SKU0143,0,0,11,65
2024-04-08,SKU0143,0,0,11,58
2024-04-15,SKU0143,0,61,11,64
2024-04-22,SKU0143,55,9,11,71
2024-04-29,SKU0143,28,0,11,79
2024-05-06,SKU0143,0,0,11,70
2024-05-13,SKU0143,17,1,11,39
2024-05-20,SKU0143,0,49,11,68
2024-05-27,SKU0143,0,0,11,72
2024-06-03,SKU0143,0,0,11,64
2024-06-10,SKU0143,0,0,11,61
2024-06-17,SKU0143,0,28,11,67
2024-06-24,SKU0143,0,0,11,65
2024-07-01,SKU0143,0,0,11,86
2024-07-08,SKU0143,45,1,11,74
2024-07-15,SKU0143,21,0,11,61
2024-07-22,SKU0143,2,0,11,59
2024-07-29,SKU0143,0,0,11,64
2024-08-05,SKU0143,0,31,11,45
2024-08-12,SKU0143,0,0,11,66
2024-08-19,SKU0143,0,0,11,59
2024-08-26,SKU0143,0,0,11,68
2024-09-02,SKU0143,0,0,11,99
2024-09-09,SKU0143,0,0,11,90
2024-09-16,SKU0143,0,0,11,65
2024-09-23,SKU0143,0,0,11,69
2024-09-30,SKU0143,0,0,11,48
2024-10-07,SKU0143,0,0,11,80
2024-10-14,SKU0143,0,0,11,63
2024-10-21,SKU0143,0,0,11,85
2024-10-28,SKU0143,0,0,11,98
2024-11-04,SKU0143,0,0,11,54
2024-11-11,SKU0143,44,6,11,58
2024-11-18,SKU0143,26,40,11,57
2024-11-25,SKU0143,0,0,11,103
2024-12-02,SKU0143,38,10,11,68
2024-12-09,SKU0143,0,0,11,121
2024-12-16,SKU0143,51,15,11,79
2024-12-23,SKU0143,24,0,11,82
2024-12-30,SKU0143,2,0,11,63
2025-01-06,SKU0143,0,49,11,47
2025-01-13,SKU0143,0,0,11,47
2025-01-20,SKU0143,27,5,11,54
2025-01-27,SKU0143,8,0,11,55
2025-02-03,SKU0143,0,0,11,52
2025-02-10,SKU0143,40,6,11,50
2025-02-17,SKU0143,13,0,11,74
2025-02-24,SKU0143,0,0,11,58
2025-03-03,SKU0143,0,0,11,74
2025-03-10,SKU0143,0,0,11,47
2025-03-17,SKU0143,0,51,11,90
2025-03-24,SKU0143,66,11,11,87
2025-03-31,SKU0143,77,15,11,68
2025-04-07,SKU0143,52,0,11,79
2025-04-14,SKU0143,25,0,11,73
2025-04-21,SKU0143,3,0,11,65
2025-04-28,SKU0143,0,0,11,59
2025-05-05,SKU0143,45,7,11,78
2025-05-12,SKU0143,21,74,11,67
2025-05-19,SKU0143,3,0,11,61
2025-05-26,SKU0143,0,0,11,70
2025-06-02,SKU0143,0,0,11,83
2025-06-09,SKU0143,0,87,11,80
2025-06-16,SKU0143,25,4,11,45
2025-06-23,SKU0143,3,0,11,71
2025-06-30,SKU0143,0,39,11,90
2025-07-07,SKU0143,0,0,11,63
2025-07-14,SKU0143,0,0,11,60
2025-07-21,SKU0143,0,0,11,61
2025-07-28,SKU0143,0,0,11,89
2025-08-04,SKU0143,39,9,11,65
2025-08-11,SKU0143,13,0,11,66
2025-08-18,SKU0143,0,0,11,80
2025-08-25,SKU0143,0,0,11,41
2025-09-01,SKU0143,59,13,11,80
2025-09-08,SKU0143,34,53,11,65
2025-09-15,SKU0143,17,0,11,41
2025-09-22,SKU0143,0,0,11,85
2025-09-29,SKU0143,0,0,11,116
2025-10-06,SKU0143,26,6,11,80
2025-10-13,SKU0143,0,0,11,146
2025-10-20,SKU0143,0,0,11,145
2025-10-27,SKU0143,0,0,11,123
2025-11-03,SKU0143,0,0,11,109
2025-11-10,SKU0143,0,0,11,76
2025-11-17,SKU0143,29,3,11,72
2025-11-24,SKU0143,0,57,11,115
2025-12-01,SKU0143,0,0,11,99
2025-12-08,SKU0143,46,4,11,84
2025-12-15,SKU0143,9,0,11,115
2025-12-22,SKU0143,0,0,11,95
2025-12-29,SKU0143,0,0,11,50
2024-01-01,SKU0144,120,0,14,55
2024-01-08,SKU0144,137,3,14,44
2024-01-15,SKU0144,128,0,14,28
2024-01-22,SKU0144,117,0,14,39
2024-01-29,SKU0144,102,0,14,51
2024-02-05,SKU0144,93,19,14,30
2024-02-12,SKU0144,79,0,14,49
2024-02-19,SKU0144,62,37,14,60
2024-02-26,SKU0144,49,0,14,51
2024-03-04,SKU0144,53,7,14,50
2024-03-11,SKU0144,37,0,14,48
2024-03-18,SKU0144,19,0,14,59
2024-03-25,SKU0144,6,0,14,41
2024-04-01,SKU0144,0,0,14,25
2024-04-08,SKU0144,0,0,14,71
2024-04-15,SKU0144,0,0,14,56
2024-04-22,SKU0144,0,0,14,65
2024-04-29,SKU0144,6,3,14,20
2024-05-06,SKU0144,0,0,14,52
2024-05-13,SKU0144,26,4,14,64
2024-05-20,SKU0144,15,0,14,42
2024-05-27,SKU0144,32,10,14,48
2024-06-03,SKU0144,37,4,14,36
2024-06-10,SKU0144,28,0,14,27
2024-06-17,SKU0144,18,0,14,41
2024-06-24,SKU0144,7,0,14,43
2024-07-01,SKU0144,0,0,14,46
2024-07-08,SKU0144,0,0,14,56
2024-07-15,SKU0144,0,25,14,45
2024-07-22,SKU0144,0,0,14,67
2024-07-29,SKU0144,0,0,14,62
2024-08-05,SKU0144,0,0,14,60
2024-08-12,SKU0144,0,0,14,64
2024-08-19,SKU0144,0,0,14,67
2024-08-26,SKU0144,33,13,14,50
2024-09-02,SKU0144,22,0,14,34
2024-09-09,SKU0144,12,0,14,37
2024-09-16,SKU0144,2,0,14,30
2024-09-23,SKU0144,0,0,14,37
2024-09-30,SKU0144,28,6,14,35
2024-10-07,SKU0144,18,0,14,30
2024-10-14,SKU0144,0,27,14,70
2024-10-21,SKU0144,0,0,14,64
2024-10-28,SKU0144,0,0,14,75
2024-11-04,SKU0144,0,0,14,71
2024-11-11,SKU0144,27,6,14,70
2024-11-18,SKU0144,13,0,14,51
2024-11-25,SKU0144,0,0,14,76
2024-12-02,SKU0144,0,0,14,88
2024-12-09,SKU0144,0,0,14,66
2024-12-16,SKU0144,26,7,14,53
2024-12-23,SKU0144,30,3,14,71
2024-12-30,SKU0144,51,12,14,57
2025-01-06,SKU0144,39,0,14,42
2025-01-13,SKU0144,26,0,14,51
2025-01-20,SKU0144,8,0,14,56
2025-01-27,SKU0144,0,0,14,49
2025-02-03,SKU0144,0,0,14,44
2025-02-10,SKU0144,0,0,14,71
2025-02-17,SKU0144,33,2,14,65
2025-02-24,SKU0144,25,0,14,25
2025-03-03,SKU0144,10,0,14,49
2025-03-10,SKU0144,40,5,14,61
2025-03-17,SKU0144,47,10,14,85
2025-03-24,SKU0144,37,0,14,40
2025-03-31,SKU0144,46,7,14,36
2025-04-07,SKU0144,31,0,14,55
2025-04-14,SKU0144,19,0,14,35
2025-04-21,SKU0144,8,0,14,34
2025-04-28,SKU0144,0,0,14,71
2025-05-05,SKU0144,0,0,14,45
2025-05-12,SKU0144,0,0,14,37
2025-05-19,SKU0144,0,0,14,44
2025-05-26,SKU0144,0,0,14,86
2025-06-02,SKU0144,0,0,14,57
2025-06-09,SKU0144,34,5,14,58
2025-06-16,SKU0144,50,6,14,54
2025-06-23,SKU0144,29,0,14,76
2025-06-30,SKU0144,13,0,14,59
2025-07-07,SKU0144,0,26,14,66
2025-07-14,SKU0144,0,0,14,93
2025-07-21,SKU0144,0,0,14,39
2025-07-28,SKU0144,28,6,14,63
2025-08-04,SKU0144,9,0,14,67
2025-08-11,SKU0144,0,0,14,47
2025-08-18,SKU0144,20,1,14,48
2025-08-25,SKU0144,0,0,14,68
2025-09-01,SKU0144,0,0,14,49
2025-09-08,SKU0144,15,6,14,59
2025-09-15,SKU0144,0,48,14,54
2025-09-22,SKU0144,0,0,14,42
2025-09-29,SKU0144,0,0,14,59
2025-10-06,SKU0144,0,0,14,54
2025-10-13,SKU0144,0,0,14,83
2025-10-20,SKU0144,0,0,14,91
2025-10-27,SKU0144,0,0,14,100
2025-11-03,SKU0144,26,9,14,91
2025-11-10,SKU0144,3,0,14,95
2025-11-17,SKU0144,32,5,14,74
2025-11-24,SKU0144,0,40,14,105
2025-12-01,SKU0144,0,0,14,57
2025-12-08,SKU0144,0,0,14,77
2025-12-15,SKU0144,29,4,14,107
2025-12-22,SKU0144,12,0,14,64
2025-12-29,SKU0144,14,2,14,45
2024-01-01,SKU0145,203,0,14,94
2024-01-08,SKU0145,184,0,14,51
2024-01-15,SKU0145,168,36,14,67
2024-01-22,SKU0145,150,0,14,71
2024-01-29,SKU0145,123,0,14,99
2024-02-05,SKU0145,92,0,14,95
2024-02-12,SKU0145,128,5,14,89
2024-02-19,SKU0145,100,0,14,95
2024-02-26,SKU0145,121,13,14,100
2024-03-04,SKU0145,85,0,14,113
2024-03-11,SKU0145,56,0,14,99
2024-03-18,SKU0145,58,10,14,164
2024-03-25,SKU0145,43,0,14,53
2024-04-01,SKU0145,13,0,14,95
2024-04-08,SKU0145,0,0,14,92
2024-04-15,SKU0145,0,0,14,57
2024-04-22,SKU0145,20,9,14,79
2024-04-29,SKU0145,35,14,14,118
2024-05-06,SKU0145,9,0,14,95
2024-05-13,SKU0145,0,0,14,90
2024-05-20,SKU0145,85,8,14,104
2024-05-27,SKU0145,55,0,14,87
2024-06-03,SKU0145,28,0,14,95
2024-06-10,SKU0145,0,68,14,95
2024-06-17,SKU0145,0,61,14,114
2024-06-24,SKU0145,0,31,14,79
2024-07-01,SKU0145,0,59,14,108
2024-07-08,SKU0145,0,0,14,107
2024-07-15,SKU0145,26,6,14,94
2024-07-22,SKU0145,0,0,14,103
2024-07-29,SKU0145,0,0,14,109
2024-08-05,SKU0145,0,0,14,85
2024-08-12,SKU0145,0,0,14,99
2024-08-19,SKU0145,0,0,14,95
2024-08-26,SKU0145,0,0,14,100
2024-09-02,SKU0145,0,0,14,70
2024-09-09,SKU0145,0,0,14,79
2024-09-16,SKU0145,0,0,14,118
2024-09-23,SKU0145,36,10,14,94
2024-09-30,SKU0145,8,79,14,90
2024-10-07,SKU0145,0,39,14,94
2024-10-14,SKU0145,0,0,14,85
2024-10-21,SKU0145,0,0,14,148
2024-10-28,SKU0145,0,0,14,168
2024-11-04,SKU0145,0,54,14,103
2024-11-11,SKU0145,0,0,14,96
2024-11-18,SKU0145,0,0,14,114
2024-11-25,SKU0145,0,0,14,173
2024-12-02,SKU0145,89,26,14,148
2024-12-09,SKU0145,58,56,14,119
2024-12-16,SKU0145,16,53,14,122
2024-12-23,SKU0145,74,18,14,138
2024-12-30,SKU0145,46,0,14,82
2025-01-06,SKU0145,20,0,14,82
2025-01-13,SKU0145,0,27,14,83
2025-01-20,SKU0145,0,0,14,74
2025-01-27,SKU0145,68,23,14,95
2025-02-03,SKU0145,50,0,14,56
2025-02-10,SKU0145,19,0,14,93
2025-02-17,SKU0145,0,0,14,83
2025-02-24,SKU0145,0,0,14,97
2025-03-03,SKU0145,0,0,14,130
2025-03-10,SKU0145,0,0,14,129
2025-03-17,SKU0145,57,10,14,142
2025-03-24,SKU0145,32,0,14,78
2025-03-31,SKU0145,49,6,14,108
2025-04-07,SKU0145,23,0,14,87
2025-04-14,SKU0145,0,0,14,82
2025-04-21,SKU0145,0,0,14,97
2025-04-28,SKU0145,0,0,14,115
2025-05-05,SKU0145,0,0,14,118
2025-05-12,SKU0145,0,0,14,130
2025-05-19,SKU0145,0,0,14,168
2025-05-26,SKU0145,0,0,14,79
2025-06-02,SKU0145,0,0,14,128
2025-06-09,SKU0145,0,0,14,110
2025-06-16,SKU0145,0,0,14,122
2025-06-23,SKU0145,58,4,14,87
2025-06-30,SKU0145,21,0,14,153
2025-07-07,SKU0145,89,12,14,182
2025-07-14,SKU0145,45,0,14,127
2025-07-21,SKU0145,14,0,14,111
2025-07-28,SKU0145,0,60,14,147
2025-08-04,SKU0145,61,1,14,138
2025-08-11,SKU0145,105,9,14,130
2025-08-18,SKU0145,70,44,14,126
2025-08-25,SKU0145,37,51,14,105
2025-09-01,SKU0145,0,0,14,133
2025-09-08,SKU0145,0,0,14,130
2025-09-15,SKU0145,0,0,14,77
2025-09-22,SKU0145,0,0,14,102
2025-09-29,SKU0145,0,0,14,97
2025-10-06,SKU0145,29,6,14,73
2025-10-13,SKU0145,0,0,14,87
2025-10-20,SKU0145,0,51,14,132
2025-10-27,SKU0145,152,23,14,211
2025-11-03,SKU0145,115,0,14,104
2025-11-10,SKU0145,139,21,14,150
2025-11-17,SKU0145,138,11,14,68
2025-11-24,SKU0145,198,26,14,208
2025-12-01,SKU0145,160,0,14,119
2025-12-08,SKU0145,115,0,14,147
2025-12-15,SKU0145,81,0,14,140
2025-12-22,SKU0145,49,0,14,129
2025-12-29,SKU0145,34,0,14,53
2024-01-01,SKU0146,164,0,3,82
2024-01-08,SKU0146,118,0,3,85
2024-01-15,SKU0146,64,0,3,91
2024-01-22,SKU0146,15,110,3,79
2024-01-29,SKU0146,0,0,3,76
2024-02-05,SKU0146,0,0,3,79
2024-02-12,SKU0146,55,12,3,78
2024-02-19,SKU0146,0,0,3,97
2024-02-26,SKU0146,0,0,3,80
2024-03-04,SKU0146,0,0,3,78
2024-03-11,SKU0146,0,0,3,96
2024-03-18,SKU0146,150,22,3,103
2024-03-25,SKU0146,99,0,3,72
2024-04-01,SKU0146,50,71,3,78
2024-04-08,SKU0146,0,0,3,81
2024-04-15,SKU0146,0,0,3,108
2024-04-22,SKU0146,0,0,3,89
2024-04-29,SKU0146,0,0,3,95
2024-05-06,SKU0146,0,0,3,91
2024-05-13,SKU0146,101,32,3,106
2024-05-20,SKU0146,154,29,3,87
2024-05-27,SKU0146,161,11,3,96
2024-06-03,SKU0146,99,0,3,99
2024-06-10,SKU0146,44,0,3,85
2024-06-17,SKU0146,0,0,3,97
2024-06-24,SKU0146,0,0,3,92
2024-07-01,SKU0146,0,0,3,107
2024-07-08,SKU0146,0,0,3,92
2024-07-15,SKU0146,0,62,3,71
2024-07-22,SKU0146,97,2,3,127
2024-07-29,SKU0146,130,37,3,91
2024-08-05,SKU0146,61,0,3,113
2024-08-12,SKU0146,0,100,3,95
2024-08-19,SKU0146,0,0,3,93
2024-08-26,SKU0146,0,0,3,98
2024-09-02,SKU0146,0,0,3,85
2024-09-09,SKU0146,0,0,3,124
2024-09-16,SKU0146,0,0,3,72
2024-09-23,SKU0146,0,122,3,96
2024-09-30,SKU0146,0,0,3,99
2024-10-07,SKU0146,0,0,3,108
2024-10-14,SKU0146,114,26,3,127
2024-10-21,SKU0146,5,204,3,175
2024-10-28,SKU0146,100,21,3,150
2024-11-04,SKU0146,19,0,3,155
2024-11-11,SKU0146,0,0,3,134
2024-11-18,SKU0146,0,0,3,131
2024-11-25,SKU0146,0,0,3,230
2024-12-02,SKU0146,0,0,3,140
2024-12-09,SKU0146,0,181,3,134
2024-12-16,SKU0146,0,0,3,126
2024-12-23,SKU0146,0,0,3,145
2024-12-30,SKU0146,0,0,3,84
2025-01-06,SKU0146,0,0,3,76
2025-01-13,SKU0146,0,0,3,90
2025-01-20,SKU0146,0,0,3,90
2025-01-27,SKU0146,0,81,3,61
2025-02-03,SKU0146,0,0,3,93
2025-02-10,SKU0146,0,112,3,94
2025-02-17,SKU0146,0,0,3,101
2025-02-24,SKU0146,0,0,3,85
2025-03-03,SKU0146,0,0,3,97
2025-03-10,SKU0146,0,0,3,129
2025-03-17,SKU0146,0,0,3,112
2025-03-24,SKU0146,0,59,3,92
2025-03-31,SKU0146,0,0,3,97
2025-04-07,SKU0146,0,0,3,86
2025-04-14,SKU0146,0,0,3,86
2025-04-21,SKU0146,0,0,3,114
2025-04-28,SKU0146,0,88,3,96
2025-05-05,SKU0146,86,24,3,98
2025-05-12,SKU0146,28,0,3,94
2025-05-19,SKU0146,0,0,3,110
2025-05-26,SKU0146,0,0,3,90
2025-06-02,SKU0146,0,0,3,76
2025-06-09,SKU0146,130,4,3,109
2025-06-16,SKU0146,52,149,3,104
2025-06-23,SKU0146,133,32,3,99
2025-06-30,SKU0146,37,116,3,122
2025-07-07,SKU0146,0,0,3,115
2025-07-14,SKU0146,0,0,3,80
2025-07-21,SKU0146,0,0,3,97
2025-07-28,SKU0146,0,0,3,102
2025-08-04,SKU0146,0,0,3,137
2025-08-11,SKU0146,0,0,3,109
2025-08-18,SKU0146,0,0,3,124
2025-08-25,SKU0146,63,7,3,94
2025-09-01,SKU0146,4,0,3,101
2025-09-08,SKU0146,0,0,3,82
2025-09-15,SKU0146,0,0,3,110
2025-09-22,SKU0146,0,0,3,121
2025-09-29,SKU0146,147,48,3,130
2025-10-06,SKU0146,76,0,3,126
2025-10-13,SKU0146,0,0,3,141
2025-10-20,SKU0146,0,209,3,165
2025-10-27,SKU0146,0,238,3,156
2025-11-03,SKU0146,0,0,3,153
2025-11-10,SKU0146,0,0,3,110
2025-11-17,SKU0146,0,0,3,128
2025-11-24,SKU0146,0,0,3,121
2025-12-01,SKU0146,0,0,3,111
2025-12-08,SKU0146,0,0,3,125
2025-12-15,SKU0146,0,115,3,163
2025-12-22,SKU0146,0,0,3,146
2025-12-29,SKU0146,0,0,3,64
2024-01-01,SKU0147,279,116,5,98
2024-01-08,SKU0147,303,20,5,84
2024-01-15,SKU0147,243,0,5,98
2024-01-22,SKU0147,192,0,5,89
2024-01-29,SKU0147,125,194,5,110
2024-02-05,SKU0147,70,154,5,87
2024-02-12,SKU0147,24,0,5,87
2024-02-19,SKU0147,0,171,5,118
2024-02-26,SKU0147,0,0,5,88
2024-03-04,SKU0147,0,77,5,80
2024-03-11,SKU0147,0,0,5,117
2024-03-18,SKU0147,0,0,5,112
2024-03-25,SKU0147,0,63,5,66
2024-04-01,SKU0147,75,6,5,87
2024-04-08,SKU0147,15,0,5,116
2024-04-15,SKU0147,0,0,5,85
2024-04-22,SKU0147,0,108,5,97
2024-04-29,SKU0147,0,0,5,110
2024-05-06,SKU0147,0,0,5,102
2024-05-13,SKU0147,149,15,5,112
2024-05-20,SKU0147,78,0,5,133
2024-05-27,SKU0147,95,19,5,165
2024-06-03,SKU0147,41,0,5,115
2024-06-10,SKU0147,104,8,5,98
2024-06-17,SKU0147,48,0,5,103
2024-06-24,SKU0147,105,10,5,128
2024-07-01,SKU0147,30,0,5,143
2024-07-08,SKU0147,0,0,5,89
2024-07-15,SKU0147,131,44,5,117
2024-07-22,SKU0147,74,0,5,109
2024-07-29,SKU0147,15,0,5,116
2024-08-05,SKU0147,0,0,5,95
2024-08-12,SKU0147,177,9,5,129
2024-08-19,SKU0147,122,0,5,92
2024-08-26,SKU0147,70,0,5,102
2024-09-02,SKU0147,27,0,5,72
2024-09-09,SKU0147,0,0,5,104
2024-09-16,SKU0147,0,0,5,109
2024-09-23,SKU0147,0,0,5,107
2024-09-30,SKU0147,0,0,5,85
2024-10-07,SKU0147,0,162,5,102
2024-10-14,SKU0147,0,0,5,92
2024-10-21,SKU0147,0,100,5,169
2024-10-28,SKU0147,0,216,5,139
2024-11-04,SKU0147,0,0,5,115
2024-11-11,SKU0147,0,135,5,130
2024-11-18,SKU0147,0,0,5,107
2024-11-25,SKU0147,0,0,5,163
2024-12-02,SKU0147,0,0,5,179
2024-12-09,SKU0147,0,0,5,130
2024-12-16,SKU0147,0,0,5,154
2024-12-23,SKU0147,0,0,5,135
2024-12-30,SKU0147,155,11,5,103
2025-01-06,SKU0147,99,0,5,107
2025-01-13,SKU0147,51,0,5,96
2025-01-20,SKU0147,5,0,5,96
2025-01-27,SKU0147,0,68,5,66
2025-02-03,SKU0147,0,0,5,82
2025-02-10,SKU0147,0,0,5,79
2025-02-17,SKU0147,0,0,5,101
2025-02-24,SKU0147,0,0,5,104
2025-03-03,SKU0147,0,0,5,121
2025-03-10,SKU0147,0,0,5,105
2025-03-17,SKU0147,0,0,5,115
2025-03-24,SKU0147,0,0,5,116
2025-03-31,SKU0147,0,193,5,128
2025-04-07,SKU0147,0,0,5,104
2025-04-14,SKU0147,0,0,5,134
2025-04-21,SKU0147,0,0,5,125
2025-04-28,SKU0147,0,73,5,90
2025-05-05,SKU0147,0,149,5,105
2025-05-12,SKU0147,0,0,5,109
2025-05-19,SKU0147,0,0,5,96
2025-05-26,SKU0147,0,0,5,107
2025-06-02,SKU0147,0,84,5,92
2025-06-09,SKU0147,0,0,5,108
2025-06-16,SKU0147,146,23,5,120
2025-06-23,SKU0147,107,0,5,74
2025-06-30,SKU0147,39,0,5,146
2025-07-07,SKU0147,0,0,5,142
2025-07-14,SKU0147,0,0,5,104
2025-07-21,SKU0147,65,29,5,113
2025-07-28,SKU0147,3,0,5,109
2025-08-04,SKU0147,0,0,5,102
2025-08-11,SKU0147,0,149,5,105
2025-08-18,SKU0147,0,0,5,132
2025-08-25,SKU0147,0,137,5,118
2025-09-01,SKU0147,0,171,5,114
2025-09-08,SKU0147,144,6,5,129
2025-09-15,SKU0147,203,17,5,99
2025-09-22,SKU0147,141,83,5,117
2025-09-29,SKU0147,66,0,5,139
2025-10-06,SKU0147,4,0,5,123
2025-10-13,SKU0147,0,233,5,146
2025-10-20,SKU0147,0,0,5,174
2025-10-27,SKU0147,0,0,5,153
2025-11-03,SKU0147,239,28,5,150
2025-11-10,SKU0147,175,0,5,137
2025-11-17,SKU0147,102,0,5,153
2025-11-24,SKU0147,0,265,5,205
2025-12-01,SKU0147,0,0,5,136
2025-12-08,SKU0147,0,0,5,127
2025-12-15,SKU0147,0,0,5,193
2025-12-22,SKU0147,0,0,5,176
2025-12-29,SKU0147,0,0,5,62
2024-01-01,SKU0148,27,2,12,35
2024-01-08,SKU0148,26,1,12,26
2024-01-15,SKU0148,21,0,12,20
2024-01-22,SKU0148,17,0,12,19
2024-01-29,SKU0148,10,0,12,20
2024-02-05,SKU0148,12,1,12,24
2024-02-12,SKU0148,0,0,12,41
2024-02-19,SKU0148,0,0,12,19
2024-02-26,SKU0148,0,10,12,20
2024-03-04,SKU0148,0,0,12,22
2024-03-11,SKU0148,0,0,12,20
2024-03-18,SKU0148,0,0,12,25
2024-03-25,SKU0148,0,0,12,24
2024-04-01,SKU0148,0,0,12,17
2024-04-08,SKU0148,0,0,12,39
2024-04-15,SKU0148,0,0,12,29
2024-04-22,SKU0148,0,0,12,21
2024-04-29,SKU0148,0,0,12,31
2024-05-06,SKU0148,0,0,12,23
2024-05-13,SKU0148,0,0,12,32
2024-05-20,SKU0148,0,0,12,41
2024-05-27,SKU0148,17,4,12,43
2024-06-03,SKU0148,11,0,12,19
2024-06-10,SKU0148,1,0,12,25
2024-06-17,SKU0148,0,38,12,33
2024-06-24,SKU0148,0,5,12,18
2024-07-01,SKU0148,0,0,12,25
2024-07-08,SKU0148,0,0,12,31
2024-07-15,SKU0148,0,0,12,21
2024-07-22,SKU0148,0,0,12,22
2024-07-29,SKU0148,0,0,12,38
2024-08-05,SKU0148,0,0,12,22
2024-08-12,SKU0148,0,0,12,30
2024-08-19,SKU0148,0,0,12,27
2024-08-26,SKU0148,0,0,12,25
2024-09-02,SKU0148,0,0,12,18
2024-09-09,SKU0148,0,0,12,21
2024-09-16,SKU0148,0,0,12,35
2024-09-23,SKU0148,0,0,12,23
2024-09-30,SKU0148,0,0,12,20
2024-10-07,SKU0148,17,8,12,25
2024-10-14,SKU0148,27,9,12,39
2024-10-21,SKU0148,10,0,12,63
2024-10-28,SKU0148,0,0,12,57
2024-11-04,SKU0148,0,33,12,38
2024-11-11,SKU0148,0,0,12,44
2024-11-18,SKU0148,0,0,12,21
2024-11-25,SKU0148,0,0,12,35
2024-12-02,SKU0148,0,0,12,48
2024-12-09,SKU0148,7,4,12,22
2024-12-16,SKU0148,0,13,12,37
2024-12-23,SKU0148,0,25,12,26
2024-12-30,SKU0148,0,0,12,24
2025-01-06,SKU0148,0,0,12,23
2025-01-13,SKU0148,8,3,12,17
2025-01-20,SKU0148,3,0,12,22
2025-01-27,SKU0148,3,0,12,21
2025-02-03,SKU0148,0,0,12,25
2025-02-10,SKU0148,0,8,12,17
2025-02-17,SKU0148,0,15,12,22
2025-02-24,SKU0148,0,0,12,25
2025-03-03,SKU0148,0,0,12,29
2025-03-10,SKU0148,0,0,12,19
2025-03-17,SKU0148,18,1,12,35
2025-03-24,SKU0148,13,0,12,21
2025-03-31,SKU0148,5,0,12,28
2025-04-07,SKU0148,6,1,12,17
2025-04-14,SKU0148,0,0,12,29
2025-04-21,SKU0148,0,0,12,25
2025-04-28,SKU0148,0,13,12,32
2025-05-05,SKU0148,0,0,12,43
2025-05-12,SKU0148,0,0,12,27
2025-05-19,SKU0148,0,0,12,38
2025-05-26,SKU0148,0,0,12,18
2025-06-02,SKU0148,0,0,12,38
2025-06-09,SKU0148,0,0,12,47
2025-06-16,SKU0148,0,13,12,21
2025-06-23,SKU0148,0,0,12,24
2025-06-30,SKU0148,0,0,12,34
2025-07-07,SKU0148,0,0,12,39
2025-07-14,SKU0148,0,0,12,42
2025-07-21,SKU0148,0,0,12,27
2025-07-28,SKU0148,0,14,12,23
2025-08-04,SKU0148,0,0,12,24
2025-08-11,SKU0148,0,0,12,34
2025-08-18,SKU0148,0,0,12,42
2025-08-25,SKU0148,0,8,12,24
2025-09-01,SKU0148,0,0,12,33
2025-09-08,SKU0148,0,0,12,20
2025-09-15,SKU0148,0,0,12,25
2025-09-22,SKU0148,0,0,12,19
2025-09-29,SKU0148,20,7,12,49
2025-10-06,SKU0148,11,0,12,25
2025-10-13,SKU0148,27,1,12,35
2025-10-20,SKU0148,29,6,12,40
2025-10-27,SKU0148,8,0,12,64
2025-11-03,SKU0148,0,48,12,47
2025-11-10,SKU0148,0,0,12,31
2025-11-17,SKU0148,0,17,12,42
2025-11-24,SKU0148,0,0,12,49
2025-12-01,SKU0148,0,0,12,34
2025-12-08,SKU0148,0,0,12,28
2025-12-15,SKU0148,0,0,12,38
2025-12-22,SKU0148,0,29,12,42
2025-12-29,SKU0148,0,0,12,19
2024-01-01,SKU0149,59,0,8,95
2024-01-08,SKU0149,31,0,8,66
2024-01-15,SKU0149,0,0,8,90
2024-01-22,SKU0149,0,62,8,78
2024-01-29,SKU0149,0,0,8,101
2024-02-05,SKU0149,0,0,8,123
2024-02-12,SKU0149,0,0,8,78
2024-02-19,SKU0149,0,0,8,95
2024-02-26,SKU0149,0,0,8,106
2024-03-04,SKU0149,0,0,8,72
2024-03-11,SKU0149,51,19,8,121
2024-03-18,SKU0149,8,0,8,112
2024-03-25,SKU0149,0,0,8,79
2024-04-01,SKU0149,0,57,8,83
2024-04-08,SKU0149,90,15,8,106
2024-04-15,SKU0149,100,11,8,83
2024-04-22,SKU0149,54,0,8,124
2024-04-29,SKU0149,10,74,8,85
2024-05-06,SKU0149,0,0,8,100
2024-05-13,SKU0149,55,23,8,93
2024-05-20,SKU0149,14,0,8,106
2024-05-27,SKU0149,57,13,8,93
2024-06-03,SKU0149,3,0,8,102
2024-06-10,SKU0149,0,0,8,125
2024-06-17,SKU0149,0,0,8,96
2024-06-24,SKU0149,0,0,8,87
2024-07-01,SKU0149,0,0,8,134
2024-07-08,SKU0149,60,1,8,105
2024-07-15,SKU0149,19,0,8,120
2024-07-22,SKU0149,0,78,8,102
2024-07-29,SKU0149,0,67,8,101
2024-08-05,SKU0149,0,0,8,108
2024-08-12,SKU0149,0,0,8,105
2024-08-19,SKU0149,0,0,8,100
2024-08-26,SKU0149,0,0,8,93
2024-09-02,SKU0149,0,0,8,99
2024-09-09,SKU0149,0,0,8,84
2024-09-16,SKU0149,0,0,8,76
2024-09-23,SKU0149,0,0,8,112
2024-09-30,SKU0149,0,0,8,91
2024-10-07,SKU0149,104,36,8,96
2024-10-14,SKU0149,130,28,8,116
2024-10-21,SKU0149,152,10,8,145
2024-10-28,SKU0149,90,0,8,161
2024-11-04,SKU0149,22,0,8,155
2024-11-11,SKU0149,0,0,8,114
2024-11-18,SKU0149,0,0,8,158
2024-11-25,SKU0149,0,0,8,122
2024-12-02,SKU0149,0,110,8,99
2024-12-09,SKU0149,0,0,8,153
2024-12-16,SKU0149,0,0,8,153
2024-12-23,SKU0149,0,0,8,148
2024-12-30,SKU0149,0,0,8,90
2025-01-06,SKU0149,0,0,8,80
2025-01-13,SKU0149,0,0,8,70
2025-01-20,SKU0149,0,0,8,83
2025-01-27,SKU0149,0,0,8,93
2025-02-03,SKU0149,116,30,8,106
2025-02-10,SKU0149,79,0,8,82
2025-02-17,SKU0149,45,0,8,78
2025-02-24,SKU0149,0,0,8,111
2025-03-03,SKU0149,0,96,8,95
2025-03-10,SKU0149,0,0,8,121
2025-03-17,SKU0149,0,0,8,155
2025-03-24,SKU0149,0,0,8,103
2025-03-31,SKU0149,0,0,8,87
2025-04-07,SKU0149,0,108,8,114
2025-04-14,SKU0149,140,17,8,131
2025-04-21,SKU0149,104,0,8,86
2025-04-28,SKU0149,70,42,8,88
2025-05-05,SKU0149,24,87,8,90
2025-05-12,SKU0149,0,0,8,100
2025-05-19,SKU0149,0,0,8,104
2025-05-26,SKU0149,114,4,8,112
2025-06-02,SKU0149,70,0,8,91
2025-06-09,SKU0149,20,0,8,124
2025-06-16,SKU0149,0,0,8,90
2025-06-23,SKU0149,0,154,8,135
2025-06-30,SKU0149,0,77,8,129
2025-07-07,SKU0149,0,103,8,124
2025-07-14,SKU0149,0,0,8,98
2025-07-21,SKU0149,0,124,8,94
2025-07-28,SKU0149,0,0,8,115
2025-08-04,SKU0149,0,0,8,89
2025-08-11,SKU0149,0,0,8,107
2025-08-18,SKU0149,44,10,8,93
2025-08-25,SKU0149,95,8,8,91
2025-09-01,SKU0149,195,20,8,133
2025-09-08,SKU0149,146,0,8,116
2025-09-15,SKU0149,106,0,8,107
2025-09-22,SKU0149,63,0,8,111
2025-09-29,SKU0149,10,150,8,117
2025-10-06,SKU0149,0,0,8,120
2025-10-13,SKU0149,0,0,8,152
2025-10-20,SKU0149,0,0,8,166
2025-10-27,SKU0149,0,0,8,130
2025-11-03,SKU0149,0,200,8,202
2025-11-10,SKU0149,0,0,8,158
2025-11-17,SKU0149,0,156,8,135
2025-11-24,SKU0149,0,0,8,140
2025-12-01,SKU0149,0,0,8,108
2025-12-08,SKU0149,0,0,8,120
2025-12-15,SKU0149,0,0,8,143
2025-12-22,SKU0149,0,0,8,162
2025-12-29,SKU0149,0,0,8,60
2024-01-01,SKU0150,126,0,4,52
2024-01-08,SKU0150,80,0,4,69
2024-01-15,SKU0150,50,95,4,58
2024-01-22,SKU0150,11,0,4,69
2024-01-29,SKU0150,0,0,4,64
2024-02-05,SKU0150,0,0,4,67
2024-02-12,SKU0150,0,0,4,66
2024-02-19,SKU0150,0,117,4,57
2024-02-26,SKU0150,0,0,4,73
2024-03-04,SKU0150,0,0,4,79
2024-03-11,SKU0150,95,15,4,91
2024-03-18,SKU0150,22,112,4,117
2024-03-25,SKU0150,0,0,4,110
2024-04-01,SKU0150,0,0,4,99
2024-04-08,SKU0150,0,0,4,87
2024-04-15,SKU0150,0,0,4,70
2024-04-22,SKU0150,0,0,4,80
2024-04-29,SKU0150,0,0,4,114
2024-05-06,SKU0150,114,36,4,81
2024-05-13,SKU0150,61,0,4,100
2024-05-20,SKU0150,15,0,4,97
2024-05-27,SKU0150,0,0,4,93
2024-06-03,SKU0150,0,0,4,50
2024-06-10,SKU0150,0,0,4,70
2024-06-17,SKU0150,43,9,4,72
2024-06-24,SKU0150,4,0,4,75
2024-07-01,SKU0150,0,0,4,156
2024-07-08,SKU0150,64,28,4,106
2024-07-15,SKU0150,30,0,4,56
2024-07-22,SKU0150,0,71,4,62
2024-07-29,SKU0150,0,0,4,82
2024-08-05,SKU0150,0,0,4,102
2024-08-12,SKU0150,0,128,4,65
2024-08-19,SKU0150,0,0,4,71
2024-08-26,SKU0150,0,0,4,84
2024-09-02,SKU0150,0,78,4,91
2024-09-09,SKU0150,0,0,4,70
2024-09-16,SKU0150,152,20,4,110
2024-09-23,SKU0150,103,0,4,76
2024-09-30,SKU0150,45,0,4,86
2024-10-07,SKU0150,0,0,4,94
2024-10-14,SKU0150,0,0,4,117
2024-10-21,SKU0150,0,0,4,107
2024-10-28,SKU0150,0,0,4,118
2024-11-04,SKU0150,0,0,4,94
2024-11-11,SKU0150,0,0,4,104
2024-11-18,SKU0150,0,0,4,86
2024-11-25,SKU0150,0,0,4,125
2024-12-02,SKU0150,0,0,4,107
2024-12-09,SKU0150,0,0,4,97
2024-12-16,SKU0150,68,19,4,110
2024-12-23,SKU0150,0,91,4,129
2024-12-30,SKU0150,100,36,4,97
2025-01-06,SKU0150,61,46,4,76
2025-01-13,SKU0150,138,5,4,58
2025-01-20,SKU0150,88,73,4,95
2025-01-27,SKU0150,51,93,4,59
2025-02-03,SKU0150,104,12,4,80
2025-02-10,SKU0150,69,0,4,61
2025-02-17,SKU0150,28,95,4,72
2025-02-24,SKU0150,0,0,4,90
2025-03-03,SKU0150,0,0,4,101
2025-03-10,SKU0150,0,58,4,104
2025-03-17,SKU0150,0,0,4,118
2025-03-24,SKU0150,0,0,4,71
2025-03-31,SKU0150,0,60,4,87
2025-04-07,SKU0150,0,0,4,100
2025-04-14,SKU0150,125,26,4,126
2025-04-21,SKU0150,69,100,4,92
2025-04-28,SKU0150,20,0,4,89
2025-05-05,SKU0150,0,123,4,83
2025-05-12,SKU0150,0,0,4,76
2025-05-19,SKU0150,0,0,4,79
2025-05-26,SKU0150,58,24,4,81
2025-06-02,SKU0150,30,0,4,49
2025-06-09,SKU0150,0,0,4,75
2025-06-16,SKU0150,0,0,4,70
2025-06-23,SKU0150,39,10,4,78
2025-06-30,SKU0150,0,0,4,127
2025-07-07,SKU0150,0,0,4,104
2025-07-14,SKU0150,0,87,4,82
2025-07-21,SKU0150,0,106,4,76
2025-07-28,SKU0150,0,0,4,95
2025-08-04,SKU0150,125,3,4,108
2025-08-11,SKU0150,70,0,4,94
2025-08-18,SKU0150,16,0,4,109
2025-08-25,SKU0150,0,0,4,80
2025-09-01,SKU0150,0,160,4,82
2025-09-08,SKU0150,0,0,4,75
2025-09-15,SKU0150,0,0,4,120
2025-09-22,SKU0150,0,0,4,74
2025-09-29,SKU0150,0,0,4,93
2025-10-06,SKU0150,0,0,4,98
2025-10-13,SKU0150,0,115,4,105
2025-10-20,SKU0150,0,0,4,126
2025-10-27,SKU0150,0,0,4,139
2025-11-03,SKU0150,0,171,4,137
2025-11-10,SKU0150,0,0,4,98
2025-11-17,SKU0150,0,0,4,122
2025-11-24,SKU0150,0,0,4,152
2025-12-01,SKU0150,0,0,4,144
2025-12-08,SKU0150,0,139,4,111
2025-12-15,SKU0150,0,0,4,119
2025-12-22,SKU0150,0,130,4,153
2025-12-29,SKU0150,0,65,4,59
2024-01-01,SKU0151,43,0,3,24
2024-01-08,SKU0151,28,0,3,24
2024-01-15,SKU0151,19,0,3,14
2024-01-22,SKU0151,28,2,3,25
2024-01-29,SKU0151,13,0,3,27
2024-02-05,SKU0151,1,0,3,21
2024-02-12,SKU0151,0,0,3,16
2024-02-19,SKU0151,0,44,3,25
2024-02-26,SKU0151,0,0,3,29
2024-03-04,SKU0151,25,7,3,21
2024-03-11,SKU0151,5,0,3,30
2024-03-18,SKU0151,0,0,3,36
2024-03-25,SKU0151,0,0,3,24
2024-04-01,SKU0151,0,0,3,33
2024-04-08,SKU0151,0,0,3,38
2024-04-15,SKU0151,0,0,3,26
2024-04-22,SKU0151,30,4,3,19
2024-04-29,SKU0151,9,0,3,31
2024-05-06,SKU0151,0,0,3,31
2024-05-13,SKU0151,24,5,3,23
2024-05-20,SKU0151,6,0,3,31
2024-05-27,SKU0151,0,59,3,28
2024-06-03,SKU0151,0,0,3,22
2024-06-10,SKU0151,0,34,3,25
2024-06-17,SKU0151,0,0,3,36
2024-06-24,SKU0151,26,2,3,30
2024-07-01,SKU0151,1,0,3,38
2024-07-08,SKU0151,0,0,3,33
2024-07-15,SKU0151,0,0,3,36
2024-07-22,SKU0151,33,9,3,33
2024-07-29,SKU0151,37,5,3,24
2024-08-05,SKU0151,18,0,3,31
2024-08-12,SKU0151,0,0,3,49
2024-08-19,SKU0151,0,49,3,30
2024-08-26,SKU0151,0,0,3,22
2024-09-02,SKU0151,40,3,3,25
2024-09-09,SKU0151,52,7,3,21
2024-09-16,SKU0151,30,0,3,33
2024-09-23,SKU0151,12,0,3,27
2024-09-30,SKU0151,0,0,3,34
2024-10-07,SKU0151,0,26,3,23
2024-10-14,SKU0151,40,2,3,26
2024-10-21,SKU0151,0,0,3,63
2024-10-28,SKU0151,0,0,3,49
2024-11-04,SKU0151,0,0,3,28
2024-11-11,SKU0151,0,0,3,46
2024-11-18,SKU0151,0,0,3,25
2024-11-25,SKU0151,0,89,3,54
2024-12-02,SKU0151,0,0,3,42
2024-12-09,SKU0151,0,0,3,42
2024-12-16,SKU0151,0,0,3,35
2024-12-23,SKU0151,0,0,3,45
2024-12-30,SKU0151,0,42,3,27
2025-01-06,SKU0151,39,1,3,35
2025-01-13,SKU0151,27,0,3,20
2025-01-20,SKU0151,8,0,3,33
2025-01-27,SKU0151,0,0,3,17
2025-02-03,SKU0151,0,0,3,10
2025-02-10,SKU0151,0,0,3,25
2025-02-17,SKU0151,24,5,3,23
2025-02-24,SKU0151,10,0,3,24
2025-03-03,SKU0151,0,0,3,24
2025-03-10,SKU0151,0,0,3,26
2025-03-17,SKU0151,45,6,3,31
2025-03-24,SKU0151,14,0,3,43
2025-03-31,SKU0151,0,52,3,36
2025-04-07,SKU0151,60,4,3,35
2025-04-14,SKU0151,46,0,3,22
2025-04-21,SKU0151,26,0,3,36
2025-04-28,SKU0151,5,0,3,28
2025-05-05,SKU0151,0,0,3,20
2025-05-12,SKU0151,0,23,3,24
2025-05-19,SKU0151,0,0,3,37
2025-05-26,SKU0151,0,41,3,38
2025-06-02,SKU0151,0,39,3,27
2025-06-09,SKU0151,0,0,3,33
2025-06-16,SKU0151,0,0,3,19
2025-06-23,SKU0151,0,0,3,23
2025-06-30,SKU0151,0,0,3,30
2025-07-07,SKU0151,0,0,3,30
2025-07-14,SKU0151,0,47,3,29
2025-07-21,SKU0151,0,0,3,29
2025-07-28,SKU0151,0,70,3,44
2025-08-04,SKU0151,0,0,3,36
2025-08-11,SKU0151,0,0,3,33
2025-08-18,SKU0151,0,45,3,28
2025-08-25,SKU0151,0,0,3,38
2025-09-01,SKU0151,0,0,3,17
2025-09-08,SKU0151,0,0,3,25
2025-09-15,SKU0151,0,0,3,38
2025-09-22,SKU0151,0,0,3,22
2025-09-29,SKU0151,0,0,3,38
2025-10-06,SKU0151,0,0,3,49
2025-10-13,SKU0151,0,0,3,49
2025-10-20,SKU0151,0,0,3,49
2025-10-27,SKU0151,71,11,3,46
2025-11-03,SKU0151,45,0,3,40
2025-11-10,SKU0151,28,0,3,25
2025-11-17,SKU0151,0,79,3,42
2025-11-24,SKU0151,0,0,3,70
2025-12-01,SKU0151,0,0,3,36
2025-12-08,SKU0151,39,14,3,36
2025-12-15,SKU0151,14,85,3,38
2025-12-22,SKU0151,0,0,3,54
2025-12-29,SKU0151,12,4,3,13
2024-01-01,SKU0152,43,0,13,56
2024-01-08,SKU0152,51,6,13,30
2024-01-15,SKU0152,41,0,13,38
2024-01-22,SKU0152,22,0,13,56
2024-01-29,SKU0152,9,0,13,44
2024-02-05,SKU0152,0,24,13,67
2024-02-12,SKU0152,0,0,13,35
2024-02-19,SKU0152,35,1,13,66
2024-02-26,SKU0152,17,0,13,49
2024-03-04,SKU0152,2,0,13,49
2024-03-11,SKU0152,0,0,13,50
2024-03-18,SKU0152,0,68,13,73
2024-03-25,SKU0152,20,5,13,54
2024-04-01,SKU0152,6,0,13,55
2024-04-08,SKU0152,0,0,13,50
2024-04-15,SKU0152,0,0,13,41
2024-04-22,SKU0152,10,2,13,22
2024-04-29,SKU0152,0,0,13,72
2024-05-06,SKU0152,0,0,13,80
2024-05-13,SKU0152,0,0,13,44
2024-05-20,SKU0152,0,0,13,72
2024-05-27,SKU0152,0,0,13,57
2024-06-03,SKU0152,0,0,13,52
2024-06-10,SKU0152,0,0,13,46
2024-06-17,SKU0152,0,0,13,68
2024-06-24,SKU0152,41,15,13,52
2024-07-01,SKU0152,66,14,13,93
2024-07-08,SKU0152,41,0,13,84
2024-07-15,SKU0152,19,0,13,81
2024-07-22,SKU0152,0,52,13,67
2024-07-29,SKU0152,0,0,13,33
2024-08-05,SKU0152,0,0,13,77
2024-08-12,SKU0152,0,0,13,55
2024-08-19,SKU0152,0,0,13,54
2024-08-26,SKU0152,0,0,13,43
2024-09-02,SKU0152,0,0,13,53
2024-09-09,SKU0152,0,50,13,87
2024-09-16,SKU0152,0,0,13,90
2024-09-23,SKU0152,0,0,13,59
2024-09-30,SKU0152,0,0,13,78
2024-10-07,SKU0152,0,0,13,71
2024-10-14,SKU0152,37,3,13,58
2024-10-21,SKU0152,10,72,13,78
2024-10-28,SKU0152,0,65,13,116
2024-11-04,SKU0152,0,52,13,72
2024-11-11,SKU0152,0,0,13,49
2024-11-18,SKU0152,0,0,13,69
2024-11-25,SKU0152,0,0,13,68
2024-12-02,SKU0152,0,0,13,92
2024-12-09,SKU0152,0,0,13,87
2024-12-16,SKU0152,0,0,13,92
2024-12-23,SKU0152,35,3,13,88
2024-12-30,SKU0152,22,0,13,43
2025-01-06,SKU0152,1,0,13,75
2025-01-13,SKU0152,0,0,13,44
2025-01-20,SKU0152,0,0,13,48
2025-01-27,SKU0152,0,0,13,61
2025-02-03,SKU0152,0,0,13,41
2025-02-10,SKU0152,0,0,13,44
2025-02-17,SKU0152,0,45,13,54
2025-02-24,SKU0152,0,0,13,60
2025-03-03,SKU0152,0,0,13,59
2025-03-10,SKU0152,0,0,13,50
2025-03-17,SKU0152,0,0,13,93
2025-03-24,SKU0152,0,53,13,52
2025-03-31,SKU0152,0,0,13,54
2025-04-07,SKU0152,0,0,13,66
2025-04-14,SKU0152,0,0,13,74
2025-04-21,SKU0152,0,0,13,73
2025-04-28,SKU0152,0,0,13,36
2025-05-05,SKU0152,0,0,13,68
2025-05-12,SKU0152,0,0,13,38
2025-05-19,SKU0152,0,0,13,61
2025-05-26,SKU0152,0,0,13,70
2025-06-02,SKU0152,0,34,13,69
2025-06-09,SKU0152,0,0,13,101
2025-06-16,SKU0152,0,42,13,51
2025-06-23,SKU0152,0,0,13,65
2025-06-30,SKU0152,0,0,13,76
2025-07-07,SKU0152,0,0,13,69
2025-07-14,SKU0152,0,0,13,50
2025-07-21,SKU0152,0,0,13,57
2025-07-28,SKU0152,0,39,13,51
2025-08-04,SKU0152,0,41,13,72
2025-08-11,SKU0152,0,0,13,56
2025-08-18,SKU0152,0,0,13,45
2025-08-25,SKU0152,0,0,13,53
2025-09-01,SKU0152,0,0,13,59
2025-09-08,SKU0152,0,0,13,81
2025-09-15,SKU0152,0,0,13,68
2025-09-22,SKU0152,0,0,13,71
2025-09-29,SKU0152,0,0,13,66
2025-10-06,SKU0152,0,0,13,75
2025-10-13,SKU0152,51,14,13,76
2025-10-20,SKU0152,21,39,13,103
2025-10-27,SKU0152,85,11,13,124
2025-11-03,SKU0152,58,0,13,89
2025-11-10,SKU0152,66,2,13,69
2025-11-17,SKU0152,65,2,13,34
2025-11-24,SKU0152,34,0,13,113
2025-12-01,SKU0152,20,0,13,45
2025-12-08,SKU0152,0,0,13,87
2025-12-15,SKU0152,65,9,13,97
2025-12-22,SKU0152,88,2,13,61
2025-12-29,SKU0152,72,0,13,51
2024-01-01,SKU0153,174,0,5,43
2024-01-08,SKU0153,150,0,5,39
2024-01-15,SKU0153,137,0,5,21
2024-01-22,SKU0153,121,53,5,29
2024-01-29,SKU0153,110,0,5,19
2024-02-05,SKU0153,99,0,5,22
2024-02-12,SKU0153,85,0,5,33
2024-02-19,SKU0153,68,0,5,29
2024-02-26,SKU0153,53,0,5,27
2024-03-04,SKU0153,34,45,5,40
2024-03-11,SKU0153,32,5,5,36
2024-03-18,SKU0153,74,18,5,53
2024-03-25,SKU0153,95,13,5,40
2024-04-01,SKU0153,102,8,5,27
2024-04-08,SKU0153,83,0,5,33
2024-04-15,SKU0153,74,0,5,16
2024-04-22,SKU0153,52,0,5,45
2024-04-29,SKU0153,74,4,5,42
2024-05-06,SKU0153,79,8,5,51
2024-05-13,SKU0153,56,29,5,40
2024-05-20,SKU0153,31,0,5,44
2024-05-27,SKU0153,14,0,5,43
2024-06-03,SKU0153,27,10,5,25
2024-06-10,SKU0153,15,33,5,27
2024-06-17,SKU0153,24,3,5,24
2024-06-24,SKU0153,2,0,5,42
2024-07-01,SKU0153,0,0,5,36
2024-07-08,SKU0153,0,0,5,36
2024-07-15,SKU0153,0,0,5,36
2024-07-22,SKU0153,30,12,5,31
2024-07-29,SKU0153,9,0,5,38
2024-08-05,SKU0153,0,44,5,38
2024-08-12,SKU0153,0,0,5,50
2024-08-19,SKU0153,0,50,5,36
2024-08-26,SKU0153,0,0,5,52
2024-09-02,SKU0153,0,0,5,32
2024-09-09,SKU0153,0,0,5,38
2024-09-16,SKU0153,0,38,5,36
2024-09-23,SKU0153,0,0,5,42
2024-09-30,SKU0153,0,48,5,31
2024-10-07,SKU0153,0,23,5,34
2024-10-14,SKU0153,0,0,5,29
2024-10-21,SKU0153,0,30,5,48
2024-10-28,SKU0153,0,0,5,68
2024-11-04,SKU0153,0,0,5,80
2024-11-11,SKU0153,0,0,5,46
2024-11-18,SKU0153,35,8,5,28
2024-11-25,SKU0153,65,10,5,59
2024-12-02,SKU0153,80,17,5,46
2024-12-09,SKU0153,132,5,5,51
2024-12-16,SKU0153,99,0,5,51
2024-12-23,SKU0153,71,0,5,52
2024-12-30,SKU0153,72,11,5,49
2025-01-06,SKU0153,52,0,5,33
2025-01-13,SKU0153,89,16,5,49
2025-01-20,SKU0153,70,56,5,32
2025-01-27,SKU0153,47,0,5,50
2025-02-03,SKU0153,25,0,5,36
2025-02-10,SKU0153,9,0,5,29
2025-02-17,SKU0153,0,0,5,32
2025-02-24,SKU0153,0,0,5,44
2025-03-03,SKU0153,0,0,5,31
2025-03-10,SKU0153,38,2,5,49
2025-03-17,SKU0153,4,0,5,58
2025-03-24,SKU0153,29,10,5,35
2025-03-31,SKU0153,14,40,5,23
2025-04-07,SKU0153,0,0,5,48
2025-04-14,SKU0153,0,0,5,29
2025-04-21,SKU0153,0,77,5,52
2025-04-28,SKU0153,0,0,5,30
2025-05-05,SKU0153,0,0,5,45
2025-05-12,SKU0153,0,0,5,57
2025-05-19,SKU0153,0,0,5,39
2025-05-26,SKU0153,41,13,5,39
2025-06-02,SKU0153,22,0,5,39
2025-06-09,SKU0153,3,0,5,37
2025-06-16,SKU0153,0,0,5,44
2025-06-23,SKU0153,0,0,5,42
2025-06-30,SKU0153,0,0,5,42
2025-07-07,SKU0153,51,8,5,61
2025-07-14,SKU0153,17,0,5,61
2025-07-21,SKU0153,0,0,5,40
2025-07-28,SKU0153,0,0,5,60
2025-08-04,SKU0153,0,0,5,40
2025-08-11,SKU0153,0,0,5,40
2025-08-18,SKU0153,28,9,5,43
2025-08-25,SKU0153,8,0,5,37
2025-09-01,SKU0153,0,0,5,24
2025-09-08,SKU0153,0,0,5,36
2025-09-15,SKU0153,0,0,5,56
2025-09-22,SKU0153,0,0,5,35
2025-09-29,SKU0153,0,0,5,23
2025-10-06,SKU0153,0,0,5,43
2025-10-13,SKU0153,0,0,5,45
2025-10-20,SKU0153,0,119,5,79
2025-10-27,SKU0153,0,0,5,76
2025-11-03,SKU0153,0,0,5,54
2025-11-10,SKU0153,0,30,5,41
2025-11-17,SKU0153,0,0,5,57
2025-11-24,SKU0153,0,0,5,63
2025-12-01,SKU0153,27,10,5,66
2025-12-08,SKU0153,59,9,5,74
2025-12-15,SKU0153,26,0,5,66
2025-12-22,SKU0153,11,0,5,32
2025-12-29,SKU0153,0,0,5,37
2024-01-01,SKU0154,284,0,13,304
2024-01-08,SKU0154,351,17,13,258
2024-01-15,SKU0154,426,59,13,251
2024-01-22,SKU0154,488,2,13,288
2024-01-29,SKU0154,420,0,13,190
2024-02-05,SKU0154,328,162,13,319
2024-02-12,SKU0154,238,0,13,317
2024-02-19,SKU0154,146,300,13,333
2024-02-26,SKU0154,56,0,13,333
2024-03-04,SKU0154,0,0,13,345
2024-03-11,SKU0154,108,15,13,352
2024-03-18,SKU0154,0,0,13,422
2024-03-25,SKU0154,0,0,13,260
2024-04-01,SKU0154,0,0,13,319
2024-04-08,SKU0154,0,186,13,322
2024-04-15,SKU0154,0,0,13,299
2024-04-22,SKU0154,0,0,13,273
2024-04-29,SKU0154,0,0,13,325
2024-05-06,SKU0154,98,28,13,280
2024-05-13,SKU0154,0,0,13,383
2024-05-20,SKU0154,122,52,13,309
2024-05-27,SKU0154,0,192,13,426
2024-06-03,SKU0154,0,0,13,285
2024-06-10,SKU0154,0,0,13,364
2024-06-17,SKU0154,178,63,13,288
2024-06-24,SKU0154,41,166,13,403
2024-07-01,SKU0154,0,0,13,402
2024-07-08,SKU0154,0,0,13,375
2024-07-15,SKU0154,0,0,13,288
2024-07-22,SKU0154,155,55,13,281
2024-07-29,SKU0154,227,51,13,307
2024-08-05,SKU0154,97,0,13,375
2024-08-12,SKU0154,173,52,13,323
2024-08-19,SKU0154,79,307,13,267
2024-08-26,SKU0154,0,0,13,323
2024-09-02,SKU0154,0,0,13,326
2024-09-09,SKU0154,0,0,13,327
2024-09-16,SKU0154,0,0,13,244
2024-09-23,SKU0154,0,0,13,311
2024-09-30,SKU0154,207,64,13,327
2024-10-07,SKU0154,103,0,13,391
2024-10-14,SKU0154,15,0,13,294
2024-10-21,SKU0154,0,209,13,548
2024-10-28,SKU0154,0,418,13,418
2024-11-04,SKU0154,0,0,13,397
2024-11-11,SKU0154,332,57,13,507
2024-11-18,SKU0154,217,0,13,290
2024-11-25,SKU0154,46,0,13,476
2024-12-02,SKU0154,0,0,13,382
2024-12-09,SKU0154,0,0,13,427
2024-12-16,SKU0154,0,346,13,422
2024-12-23,SKU0154,0,0,13,461
2024-12-30,SKU0154,331,18,13,360
2025-01-06,SKU0154,266,0,13,220
2025-01-13,SKU0154,366,21,13,222
2025-01-20,SKU0154,289,0,13,259
2025-01-27,SKU0154,222,0,13,241
2025-02-03,SKU0154,365,44,13,389
2025-02-10,SKU0154,266,0,13,335
2025-02-17,SKU0154,190,0,13,254
2025-02-24,SKU0154,331,22,13,345
2025-03-03,SKU0154,404,8,13,253
2025-03-10,SKU0154,303,0,13,397
2025-03-17,SKU0154,162,0,13,487
2025-03-24,SKU0154,41,0,13,358
2025-03-31,SKU0154,98,33,13,237
2025-04-07,SKU0154,0,224,13,356
2025-04-14,SKU0154,0,0,13,332
2025-04-21,SKU0154,203,68,13,309
2025-04-28,SKU0154,100,0,13,347
2025-05-05,SKU0154,0,0,13,357
2025-05-12,SKU0154,252,74,13,359
2025-05-19,SKU0154,317,41,13,245
2025-05-26,SKU0154,209,0,13,368
2025-06-02,SKU0154,92,0,13,338
2025-06-09,SKU0154,0,0,13,318
2025-06-16,SKU0154,0,0,13,300
2025-06-23,SKU0154,165,54,13,288
2025-06-30,SKU0154,10,0,13,497
2025-07-07,SKU0154,0,0,13,480
2025-07-14,SKU0154,0,0,13,374
2025-07-21,SKU0154,0,0,13,382
2025-07-28,SKU0154,0,0,13,311
2025-08-04,SKU0154,0,0,13,295
2025-08-11,SKU0154,158,36,13,396
2025-08-18,SKU0154,23,0,13,443
2025-08-25,SKU0154,0,0,13,339
2025-09-01,SKU0154,0,0,13,352
2025-09-08,SKU0154,0,0,13,358
2025-09-15,SKU0154,309,26,13,312
2025-09-22,SKU0154,215,0,13,320
2025-09-29,SKU0154,114,303,13,398
2025-10-06,SKU0154,0,0,13,464
2025-10-13,SKU0154,0,450,13,579
2025-10-20,SKU0154,222,89,13,603
2025-10-27,SKU0154,67,0,13,527
2025-11-03,SKU0154,0,0,13,607
2025-11-10,SKU0154,0,0,13,424
2025-11-17,SKU0154,0,0,13,406
2025-11-24,SKU0154,0,0,13,618
2025-12-01,SKU0154,0,402,13,555
2025-12-08,SKU0154,0,0,13,513
2025-12-15,SKU0154,0,0,13,454
2025-12-22,SKU0154,401,2,13,515
2025-12-29,SKU0154,322,0,13,264
2024-01-01,SKU0155,85,0,4,33
2024-01-08,SKU0155,74,0,4,17
2024-01-15,SKU0155,58,19,4,29
2024-01-22,SKU0155,42,0,4,32
2024-01-29,SKU0155,26,0,4,34
2024-02-05,SKU0155,8,0,4,26
2024-02-12,SKU0155,26,5,4,30
2024-02-19,SKU0155,8,0,4,34
2024-02-26,SKU0155,0,47,4,33
2024-03-04,SKU0155,0,0,4,19
2024-03-11,SKU0155,0,61,4,44
2024-03-18,SKU0155,0,29,4,49
2024-03-25,SKU0155,0,0,4,41
2024-04-01,SKU0155,0,0,4,31
2024-04-08,SKU0155,0,0,4,39
2024-04-15,SKU0155,43,10,4,35
2024-04-22,SKU0155,25,49,4,28
2024-04-29,SKU0155,4,0,4,33
2024-05-06,SKU0155,0,0,4,21
2024-05-13,SKU0155,40,1,4,43
2024-05-20,SKU0155,16,0,4,39
2024-05-27,SKU0155,0,0,4,32
2024-06-03,SKU0155,37,9,4,29
2024-06-10,SKU0155,21,0,4,33
2024-06-17,SKU0155,4,20,4,32
2024-06-24,SKU0155,0,32,4,19
2024-07-01,SKU0155,0,0,4,37
2024-07-08,SKU0155,0,0,4,43
2024-07-15,SKU0155,0,0,4,40
2024-07-22,SKU0155,15,2,4,30
2024-07-29,SKU0155,0,0,4,42
2024-08-05,SKU0155,0,28,4,33
2024-08-12,SKU0155,0,0,4,53
2024-08-19,SKU0155,0,0,4,34
2024-08-26,SKU0155,0,0,4,34
2024-09-02,SKU0155,54,1,4,32
2024-09-09,SKU0155,36,0,4,35
2024-09-16,SKU0155,63,11,4,39
2024-09-23,SKU0155,42,59,4,31
2024-09-30,SKU0155,29,0,4,26
2024-10-07,SKU0155,9,0,4,35
2024-10-14,SKU0155,0,44,4,60
2024-10-21,SKU0155,0,0,4,49
2024-10-28,SKU0155,0,0,4,54
2024-11-04,SKU0155,0,0,4,39
2024-11-11,SKU0155,0,0,4,44
2024-11-18,SKU0155,59,7,4,57
2024-11-25,SKU0155,26,0,4,58
2024-12-02,SKU0155,2,0,4,41
2024-12-09,SKU0155,0,0,4,40
2024-12-16,SKU0155,70,22,4,59
2024-12-23,SKU0155,38,0,4,56
2024-12-30,SKU0155,15,0,4,48
2025-01-06,SKU0155,0,42,4,48
2025-01-13,SKU0155,0,22,4,34
2025-01-20,SKU0155,0,0,4,40
2025-01-27,SKU0155,0,0,4,28
2025-02-03,SKU0155,0,0,4,39
2025-02-10,SKU0155,0,39,4,26
2025-02-17,SKU0155,0,0,4,27
2025-02-24,SKU0155,0,53,4,43
2025-03-03,SKU0155,0,0,4,35
2025-03-10,SKU0155,0,0,4,31
2025-03-17,SKU0155,0,0,4,43
2025-03-24,SKU0155,0,0,4,37
2025-03-31,SKU0155,31,10,4,52
2025-04-07,SKU0155,19,0,4,20
2025-04-14,SKU0155,37,7,4,21
2025-04-21,SKU0155,40,5,4,29
2025-04-28,SKU0155,22,0,4,40
2025-05-05,SKU0155,25,1,4,42
2025-05-12,SKU0155,4,0,4,42
2025-05-19,SKU0155,0,0,4,45
2025-05-26,SKU0155,0,0,4,27
2025-06-02,SKU0155,21,4,4,17
2025-06-09,SKU0155,2,0,4,35
2025-06-16,SKU0155,0,0,4,60
2025-06-23,SKU0155,0,0,4,41
2025-06-30,SKU0155,0,0,4,51
2025-07-07,SKU0155,0,0,4,58
2025-07-14,SKU0155,0,45,4,46
2025-07-21,SKU0155,0,0,4,31
2025-07-28,SKU0155,0,32,4,45
2025-08-04,SKU0155,0,0,4,35
2025-08-11,SKU0155,0,0,4,57
2025-08-18,SKU0155,0,0,4,40
2025-08-25,SKU0155,0,54,4,53
2025-09-01,SKU0155,79,2,4,50
2025-09-08,SKU0155,62,0,4,30
2025-09-15,SKU0155,42,0,4,38
2025-09-22,SKU0155,28,32,4,28
2025-09-29,SKU0155,4,0,4,39
2025-10-06,SKU0155,0,71,4,40
2025-10-13,SKU0155,0,65,4,61
2025-10-20,SKU0155,0,0,4,54
2025-10-27,SKU0155,0,0,4,53
2025-11-03,SKU0155,35,6,4,37
2025-11-10,SKU0155,65,4,4,47
2025-11-17,SKU0155,58,9,4,55
2025-11-24,SKU0155,28,0,4,60
2025-12-01,SKU0155,0,76,4,77
2025-12-08,SKU0155,0,0,4,39
2025-12-15,SKU0155,0,0,4,42
2025-12-22,SKU0155,0,0,4,58
2025-12-29,SKU0155,0,0,4,35
2024-01-01,SKU0156,257,0,14,87
2024-01-08,SKU0156,223,0,14,119
2024-01-15,SKU0156,240,2,14,69
2024-01-22,SKU0156,214,74,14,91
2024-01-29,SKU0156,230,9,14,66
2024-02-05,SKU0156,199,0,14,102
2024-02-12,SKU0156,173,33,14,72
2024-02-19,SKU0156,137,39,14,114
2024-02-26,SKU0156,173,5,14,74
2024-03-04,SKU0156,149,0,14,75
2024-03-11,SKU0156,120,0,14,104
2024-03-18,SKU0156,94,0,14,94
2024-03-25,SKU0156,100,8,14,84
2024-04-01,SKU0156,76,0,14,98
2024-04-08,SKU0156,39,0,14,123
2024-04-15,SKU0156,23,0,14,57
2024-04-22,SKU0156,0,0,14,112
2024-04-29,SKU0156,0,0,14,105
2024-05-06,SKU0156,0,67,14,100
2024-05-13,SKU0156,0,0,14,95
2024-05-20,SKU0156,0,0,14,94
2024-05-27,SKU0156,0,0,14,125
2024-06-03,SKU0156,0,0,14,106
2024-06-10,SKU0156,0,0,14,76
2024-06-17,SKU0156,39,2,14,109
2024-06-24,SKU0156,9,0,14,103
2024-07-01,SKU0156,0,0,14,93
2024-07-08,SKU0156,73,9,14,102
2024-07-15,SKU0156,70,16,14,133
2024-07-22,SKU0156,100,4,14,129
2024-07-29,SKU0156,117,9,14,70
2024-08-05,SKU0156,77,0,14,124
2024-08-12,SKU0156,42,0,14,128
2024-08-19,SKU0156,12,0,14,104
2024-08-26,SKU0156,0,82,14,121
2024-09-02,SKU0156,0,0,14,86
2024-09-09,SKU0156,0,0,14,128
2024-09-16,SKU0156,41,5,14,92
2024-09-23,SKU0156,6,0,14,106
2024-09-30,SKU0156,0,93,14,112
2024-10-07,SKU0156,0,0,14,129
2024-10-14,SKU0156,0,0,14,95
2024-10-21,SKU0156,0,0,14,129
2024-10-28,SKU0156,0,0,14,163
2024-11-04,SKU0156,0,0,14,116
2024-11-11,SKU0156,0,0,14,120
2024-11-18,SKU0156,0,0,14,138
2024-11-25,SKU0156,63,25,14,143
2024-12-02,SKU0156,21,0,14,134
2024-12-09,SKU0156,0,0,14,172
2024-12-16,SKU0156,0,0,14,174
2024-12-23,SKU0156,0,0,14,192
2024-12-30,SKU0156,0,0,14,144
2025-01-06,SKU0156,0,0,14,85
2025-01-13,SKU0156,0,0,14,128
2025-01-20,SKU0156,0,0,14,99
2025-01-27,SKU0156,0,38,14,70
2025-02-03,SKU0156,0,0,14,107
2025-02-10,SKU0156,0,0,14,87
2025-02-17,SKU0156,0,0,14,82
2025-02-24,SKU0156,0,0,14,102
2025-03-03,SKU0156,58,8,14,89
2025-03-10,SKU0156,27,0,14,108
2025-03-17,SKU0156,0,0,14,116
2025-03-24,SKU0156,0,0,14,149
2025-03-31,SKU0156,0,0,14,117
2025-04-07,SKU0156,81,20,14,141
2025-04-14,SKU0156,60,0,14,76
2025-04-21,SKU0156,25,72,14,109
2025-04-28,SKU0156,0,0,14,111
2025-05-05,SKU0156,0,0,14,146
2025-05-12,SKU0156,0,0,14,129
2025-05-19,SKU0156,0,0,14,119
2025-05-26,SKU0156,0,0,14,123
2025-06-02,SKU0156,0,0,14,100
2025-06-09,SKU0156,0,0,14,112
2025-06-16,SKU0156,50,5,14,62
2025-06-23,SKU0156,18,0,14,111
2025-06-30,SKU0156,127,16,14,164
2025-07-07,SKU0156,67,0,14,174
2025-07-14,SKU0156,38,0,14,97
2025-07-21,SKU0156,6,0,14,114
2025-07-28,SKU0156,0,0,14,126
2025-08-04,SKU0156,45,1,14,110
2025-08-11,SKU0156,82,7,14,118
2025-08-18,SKU0156,41,0,14,120
2025-08-25,SKU0156,12,76,14,107
2025-09-01,SKU0156,0,0,14,116
2025-09-08,SKU0156,0,0,14,131
2025-09-15,SKU0156,0,50,14,106
2025-09-22,SKU0156,0,0,14,138
2025-09-29,SKU0156,0,91,14,133
2025-10-06,SKU0156,0,100,14,163
2025-10-13,SKU0156,63,14,14,151
2025-10-20,SKU0156,13,0,14,166
2025-10-27,SKU0156,0,0,14,135
2025-11-03,SKU0156,0,88,14,205
2025-11-10,SKU0156,58,15,14,83
2025-11-17,SKU0156,5,0,14,148
2025-11-24,SKU0156,0,0,14,155
2025-12-01,SKU0156,43,5,14,123
2025-12-08,SKU0156,47,19,14,178
2025-12-15,SKU0156,0,0,14,155
2025-12-22,SKU0156,46,16,14,168
2025-12-29,SKU0156,22,0,14,80
2024-01-01,SKU0157,81,67,8,69
2024-01-08,SKU0157,51,0,8,69
2024-01-15,SKU0157,25,0,8,76
2024-01-22,SKU0157,37,1,8,34
2024-01-29,SKU0157,5,0,8,63
2024-02-05,SKU0157,0,71,8,66
2024-02-12,SKU0157,0,60,8,72
2024-02-19,SKU0157,0,0,8,78
2024-02-26,SKU0157,0,0,8,45
2024-03-04,SKU0157,0,0,8,57
2024-03-11,SKU0157,30,9,8,80
2024-03-18,SKU0157,0,0,8,115
2024-03-25,SKU0157,0,58,8,78
2024-04-01,SKU0157,45,6,8,70
2024-04-08,SKU0157,8,0,8,72
2024-04-15,SKU0157,0,0,8,68
2024-04-22,SKU0157,0,0,8,81
2024-04-29,SKU0157,0,0,8,99
2024-05-06,SKU0157,0,0,8,81
2024-05-13,SKU0157,0,0,8,92
2024-05-20,SKU0157,0,0,8,99
2024-05-27,SKU0157,45,12,8,84
2024-06-03,SKU0157,9,0,8,71
2024-06-10,SKU0157,0,0,8,71
2024-06-17,SKU0157,0,80,8,86
2024-06-24,SKU0157,0,0,8,64
2024-07-01,SKU0157,65,19,8,138
2024-07-08,SKU0157,21,0,8,117
2024-07-15,SKU0157,0,0,8,81
2024-07-22,SKU0157,0,0,8,95
2024-07-29,SKU0157,0,0,8,104
2024-08-05,SKU0157,0,0,8,87
2024-08-12,SKU0157,0,0,8,79
2024-08-19,SKU0157,0,0,8,125
2024-08-26,SKU0157,0,0,8,78
2024-09-02,SKU0157,64,27,8,93
2024-09-09,SKU0157,27,0,8,81
2024-09-16,SKU0157,0,0,8,65
2024-09-23,SKU0157,0,80,8,97
2024-09-30,SKU0157,0,0,8,87
2024-10-07,SKU0157,0,63,8,63
2024-10-14,SKU0157,0,0,8,90
2024-10-21,SKU0157,105,3,8,103
2024-10-28,SKU0157,39,0,8,162
2024-11-04,SKU0157,0,118,8,122
2024-11-11,SKU0157,0,118,8,134
2024-11-18,SKU0157,0,0,8,117
2024-11-25,SKU0157,0,0,8,134
2024-12-02,SKU0157,0,0,8,115
2024-12-09,SKU0157,0,150,8,150
2024-12-16,SKU0157,0,0,8,90
2024-12-23,SKU0157,93,7,8,138
2024-12-30,SKU0157,59,0,8,71
2025-01-06,SKU0157,14,0,8,99
2025-01-13,SKU0157,48,8,8,75
2025-01-20,SKU0157,8,0,8,84
2025-01-27,SKU0157,49,7,8,86
2025-02-03,SKU0157,69,10,8,99
2025-02-10,SKU0157,24,0,8,94
2025-02-17,SKU0157,0,0,8,99
2025-02-24,SKU0157,0,0,8,83
2025-03-03,SKU0157,0,0,8,91
2025-03-10,SKU0157,0,0,8,109
2025-03-17,SKU0157,0,0,8,116
2025-03-24,SKU0157,91,22,8,115
2025-03-31,SKU0157,61,0,8,65
2025-04-07,SKU0157,92,15,8,81
2025-04-14,SKU0157,58,0,8,85
2025-04-21,SKU0157,28,0,8,79
2025-04-28,SKU0157,0,0,8,119
2025-05-05,SKU0157,22,8,8,68
2025-05-12,SKU0157,0,0,8,64
2025-05-19,SKU0157,0,72,8,76
2025-05-26,SKU0157,0,0,8,93
2025-06-02,SKU0157,0,0,8,69
2025-06-09,SKU0157,66,5,8,100
2025-06-16,SKU0157,26,0,8,113
2025-06-23,SKU0157,0,43,8,100
2025-06-30,SKU0157,0,0,8,80
2025-07-07,SKU0157,0,0,8,112
2025-07-14,SKU0157,69,12,8,86
2025-07-21,SKU0157,27,0,8,95
2025-07-28,SKU0157,0,0,8,86
2025-08-04,SKU0157,0,0,8,85
2025-08-11,SKU0157,74,6,8,123
2025-08-18,SKU0157,35,0,8,85
2025-08-25,SKU0157,96,13,8,120
2025-09-01,SKU0157,151,12,8,94
2025-09-08,SKU0157,123,0,8,63
2025-09-15,SKU0157,83,0,8,116
2025-09-22,SKU0157,47,102,8,73
2025-09-29,SKU0157,5,0,8,90
2025-10-06,SKU0157,0,0,8,117
2025-10-13,SKU0157,0,0,8,103
2025-10-20,SKU0157,0,0,8,153
2025-10-27,SKU0157,0,172,8,180
2025-11-03,SKU0157,0,0,8,139
2025-11-10,SKU0157,0,0,8,145
2025-11-17,SKU0157,0,0,8,147
2025-11-24,SKU0157,0,0,8,148
2025-12-01,SKU0157,0,173,8,123
2025-12-08,SKU0157,127,21,8,113
2025-12-15,SKU0157,71,0,8,137
2025-12-22,SKU0157,90,17,8,111
2025-12-29,SKU0157,74,0,8,44
2024-01-01,SKU0158,45,92,6,63
2024-01-08,SKU0158,21,0,6,52
2024-01-15,SKU0158,0,0,6,59
2024-01-22,SKU0158,0,0,6,63
2024-01-29,SKU0158,0,0,6,37
2024-02-05,SKU0158,0,0,6,41
2024-02-12,SKU0158,0,0,6,59
2024-02-19,SKU0158,0,0,6,72
2024-02-26,SKU0158,0,66,6,77
2024-03-04,SKU0158,0,0,6,63
2024-03-11,SKU0158,0,0,6,80
2024-03-18,SKU0158,59,2,6,92
2024-03-25,SKU0158,29,0,6,67
2024-04-01,SKU0158,0,45,6,67
2024-04-08,SKU0158,0,0,6,71
2024-04-15,SKU0158,0,0,6,60
2024-04-22,SKU0158,0,0,6,83
2024-04-29,SKU0158,0,55,6,64
2024-05-06,SKU0158,53,2,6,66
2024-05-13,SKU0158,21,0,6,54
2024-05-20,SKU0158,0,0,6,52
2024-05-27,SKU0158,0,0,6,82
2024-06-03,SKU0158,0,0,6,35
2024-06-10,SKU0158,29,11,6,60
2024-06-17,SKU0158,0,0,6,61
2024-06-24,SKU0158,33,13,6,65
2024-07-01,SKU0158,0,0,6,113
2024-07-08,SKU0158,0,0,6,108
2024-07-15,SKU0158,0,0,6,81
2024-07-22,SKU0158,0,0,6,67
2024-07-29,SKU0158,0,0,6,50
2024-08-05,SKU0158,68,4,6,69
2024-08-12,SKU0158,33,0,6,76
2024-08-19,SKU0158,0,0,6,90
2024-08-26,SKU0158,0,87,6,70
2024-09-02,SKU0158,0,0,6,67
2024-09-09,SKU0158,71,7,6,56
2024-09-16,SKU0158,128,21,6,82
2024-09-23,SKU0158,93,0,6,61
2024-09-30,SKU0158,59,0,6,77
2024-10-07,SKU0158,29,0,6,56
2024-10-14,SKU0158,0,0,6,61
2024-10-21,SKU0158,0,88,6,75
2024-10-28,SKU0158,0,0,6,80
2024-11-04,SKU0158,0,0,6,88
2024-11-11,SKU0158,0,0,6,74
2024-11-18,SKU0158,35,6,6,68
2024-11-25,SKU0158,0,105,6,136
2024-12-02,SKU0158,0,0,6,85
2024-12-09,SKU0158,57,22,6,113
2024-12-16,SKU0158,160,2,6,97
2024-12-23,SKU0158,120,0,6,101
2024-12-30,SKU0158,90,0,6,69
2025-01-06,SKU0158,67,0,6,54
2025-01-13,SKU0158,36,0,6,58
2025-01-20,SKU0158,2,0,6,59
2025-01-27,SKU0158,0,0,6,66
2025-02-03,SKU0158,0,59,6,70
2025-02-10,SKU0158,0,31,6,45
2025-02-17,SKU0158,0,0,6,52
2025-02-24,SKU0158,0,36,6,59
2025-03-03,SKU0158,0,77,6,93
2025-03-10,SKU0158,58,10,6,56
2025-03-17,SKU0158,20,0,6,92
2025-03-24,SKU0158,0,0,6,74
2025-03-31,SKU0158,0,0,6,84
2025-04-07,SKU0158,58,14,6,60
2025-04-14,SKU0158,24,0,6,84
2025-04-21,SKU0158,0,0,6,61
2025-04-28,SKU0158,43,7,6,67
2025-05-05,SKU0158,12,66,6,66
2025-05-12,SKU0158,0,0,6,74
2025-05-19,SKU0158,0,0,6,59
2025-05-26,SKU0158,0,0,6,57
2025-06-02,SKU0158,0,0,6,65
2025-06-09,SKU0158,0,0,6,47
2025-06-16,SKU0158,0,0,6,90
2025-06-23,SKU0158,0,0,6,82
2025-06-30,SKU0158,0,0,6,106
2025-07-07,SKU0158,0,0,6,124
2025-07-14,SKU0158,0,0,6,68
2025-07-21,SKU0158,0,0,6,63
2025-07-28,SKU0158,0,0,6,71
2025-08-04,SKU0158,0,129,6,89
2025-08-11,SKU0158,0,0,6,74
2025-08-18,SKU0158,0,0,6,97
2025-08-25,SKU0158,0,0,6,92
2025-09-01,SKU0158,0,0,6,76
2025-09-08,SKU0158,0,31,6,63
2025-09-15,SKU0158,66,15,6,79
2025-09-22,SKU0158,39,0,6,70
2025-09-29,SKU0158,12,0,6,62
2025-10-06,SKU0158,0,70,6,76
2025-10-13,SKU0158,79,3,6,96
2025-10-20,SKU0158,31,0,6,113
2025-10-27,SKU0158,0,0,6,94
2025-11-03,SKU0158,0,108,6,123
2025-11-10,SKU0158,0,0,6,97
2025-11-17,SKU0158,0,0,6,97
2025-11-24,SKU0158,0,63,6,95
2025-12-01,SKU0158,0,0,6,86
2025-12-08,SKU0158,0,95,6,80
2025-12-15,SKU0158,103,2,6,92
2025-12-22,SKU0158,60,0,6,82
2025-12-29,SKU0158,37,0,6,45
2024-01-01,SKU0159,124,0,14,146
2024-01-08,SKU0159,86,0,14,117
2024-01-15,SKU0159,47,0,14,124
2024-01-22,SKU0159,7,0,14,140
2024-01-29,SKU0159,0,0,14,115
2024-02-05,SKU0159,0,33,14,91
2024-02-12,SKU0159,52,22,14,147
2024-02-19,SKU0159,49,13,14,120
2024-02-26,SKU0159,6,0,14,129
2024-03-04,SKU0159,0,0,14,128
2024-03-11,SKU0159,0,0,14,204
2024-03-18,SKU0159,0,0,14,226
2024-03-25,SKU0159,0,86,14,159
2024-04-01,SKU0159,0,72,14,140
2024-04-08,SKU0159,0,0,14,176
2024-04-15,SKU0159,0,0,14,121
2024-04-22,SKU0159,0,141,14,205
2024-04-29,SKU0159,0,0,14,143
2024-05-06,SKU0159,0,0,14,144
2024-05-13,SKU0159,0,0,14,218
2024-05-20,SKU0159,0,0,14,146
2024-05-27,SKU0159,96,21,14,142
2024-06-03,SKU0159,51,129,14,140
2024-06-10,SKU0159,21,76,14,125
2024-06-17,SKU0159,0,129,14,151
2024-06-24,SKU0159,48,15,14,155
2024-07-01,SKU0159,72,5,14,144
2024-07-08,SKU0159,21,0,14,215
2024-07-15,SKU0159,0,0,14,158
2024-07-22,SKU0159,53,17,14,152
2024-07-29,SKU0159,77,27,14,186
2024-08-05,SKU0159,145,1,14,181
2024-08-12,SKU0159,99,0,14,170
2024-08-19,SKU0159,55,0,14,144
2024-08-26,SKU0159,6,0,14,135
2024-09-02,SKU0159,0,115,14,190
2024-09-09,SKU0159,0,0,14,144
2024-09-16,SKU0159,0,0,14,130
2024-09-23,SKU0159,0,0,14,178
2024-09-30,SKU0159,0,0,14,152
2024-10-07,SKU0159,0,0,14,228
2024-10-14,SKU0159,0,0,14,195
2024-10-21,SKU0159,0,149,14,201
2024-10-28,SKU0159,137,14,14,288
2024-11-04,SKU0159,159,5,14,237
2024-11-11,SKU0159,110,0,14,179
2024-11-18,SKU0159,60,0,14,183
2024-11-25,SKU0159,0,0,14,365
2024-12-02,SKU0159,0,0,14,160
2024-12-09,SKU0159,90,1,14,277
2024-12-16,SKU0159,33,0,14,191
2024-12-23,SKU0159,0,0,14,246
2024-12-30,SKU0159,0,0,14,162
2025-01-06,SKU0159,0,0,14,126
2025-01-13,SKU0159,0,0,14,192
2025-01-20,SKU0159,73,2,14,186
2025-01-27,SKU0159,18,0,14,204
2025-02-03,SKU0159,0,0,14,183
2025-02-10,SKU0159,0,0,14,211
2025-02-17,SKU0159,0,52,14,128
2025-02-24,SKU0159,112,21,14,158
2025-03-03,SKU0159,61,0,14,196
2025-03-10,SKU0159,22,0,14,116
2025-03-17,SKU0159,122,25,14,277
2025-03-24,SKU0159,64,120,14,184
2025-03-31,SKU0159,62,15,14,182
2025-04-07,SKU0159,0,0,14,220
2025-04-14,SKU0159,0,0,14,145
2025-04-21,SKU0159,78,30,14,189
2025-04-28,SKU0159,30,0,14,187
2025-05-05,SKU0159,0,0,14,160
2025-05-12,SKU0159,0,0,14,117
2025-05-19,SKU0159,0,181,14,201
2025-05-26,SKU0159,135,24,14,223
2025-06-02,SKU0159,71,0,14,178
2025-06-09,SKU0159,27,100,14,134
2025-06-16,SKU0159,0,0,14,178
2025-06-23,SKU0159,0,0,14,159
2025-06-30,SKU0159,138,44,14,239
2025-07-07,SKU0159,228,27,14,193
2025-07-14,SKU0159,249,4,14,142
2025-07-21,SKU0159,252,2,14,157
2025-07-28,SKU0159,202,0,14,202
2025-08-04,SKU0159,148,0,14,195
2025-08-11,SKU0159,173,6,14,174
2025-08-18,SKU0159,126,0,14,163
2025-08-25,SKU0159,76,0,14,169
2025-09-01,SKU0159,34,0,14,164
2025-09-08,SKU0159,0,0,14,173
2025-09-15,SKU0159,0,0,14,188
2025-09-22,SKU0159,0,0,14,184
2025-09-29,SKU0159,0,0,14,206
2025-10-06,SKU0159,0,0,14,221
2025-10-13,SKU0159,129,45,14,194
2025-10-20,SKU0159,42,0,14,277
2025-10-27,SKU0159,93,14,14,266
2025-11-03,SKU0159,20,0,14,217
2025-11-10,SKU0159,0,0,14,155
2025-11-17,SKU0159,0,0,14,251
2025-11-24,SKU0159,0,0,14,302
2025-12-01,SKU0159,0,0,14,230
2025-12-08,SKU0159,0,78,14,228
2025-12-15,SKU0159,0,0,14,160
2025-12-22,SKU0159,0,0,14,233
2025-12-29,SKU0159,0,0,14,103
2024-01-01,SKU0160,117,0,12,142
2024-01-08,SKU0160,83,0,12,105
2024-01-15,SKU0160,47,0,12,106
2024-01-22,SKU0160,61,19,12,99
2024-01-29,SKU0160,25,0,12,87
2024-02-05,SKU0160,0,0,12,103
2024-02-12,SKU0160,0,0,12,139
2024-02-19,SKU0160,0,0,12,144
2024-02-26,SKU0160,0,0,12,89
2024-03-04,SKU0160,0,110,12,105
2024-03-11,SKU0160,0,0,12,149
2024-03-18,SKU0160,0,0,12,177
2024-03-25,SKU0160,69,12,12,186
2024-04-01,SKU0160,99,25,12,128
2024-04-08,SKU0160,155,5,12,145
2024-04-15,SKU0160,195,3,12,183
2024-04-22,SKU0160,152,0,12,127
2024-04-29,SKU0160,107,0,12,124
2024-05-06,SKU0160,156,12,12,209
2024-05-13,SKU0160,103,0,12,169
2024-05-20,SKU0160,64,68,12,126
2024-05-27,SKU0160,17,0,12,137
2024-06-03,SKU0160,0,0,12,151
2024-06-10,SKU0160,0,103,12,139
2024-06-17,SKU0160,0,78,12,123
2024-06-24,SKU0160,53,7,12,101
2024-07-01,SKU0160,0,0,12,196
2024-07-08,SKU0160,0,0,12,158
2024-07-15,SKU0160,0,182,12,184
2024-07-22,SKU0160,0,0,12,202
2024-07-29,SKU0160,0,0,12,144
2024-08-05,SKU0160,0,0,12,200
2024-08-12,SKU0160,0,87,12,166
2024-08-19,SKU0160,0,0,12,196
2024-08-26,SKU0160,0,72,12,160
2024-09-02,SKU0160,56,5,12,137
2024-09-09,SKU0160,68,14,12,142
2024-09-16,SKU0160,33,0,12,135
2024-09-23,SKU0160,0,0,12,144
2024-09-30,SKU0160,91,14,12,137
2024-10-07,SKU0160,37,0,12,167
2024-10-14,SKU0160,107,21,12,141
2024-10-21,SKU0160,167,8,12,217
2024-10-28,SKU0160,92,0,12,234
2024-11-04,SKU0160,6,102,12,224
2024-11-11,SKU0160,188,1,12,188
2024-11-18,SKU0160,266,2,12,195
2024-11-25,SKU0160,186,0,12,225
2024-12-02,SKU0160,107,0,12,203
2024-12-09,SKU0160,37,0,12,184
2024-12-16,SKU0160,0,0,12,189
2024-12-23,SKU0160,209,36,12,202
2024-12-30,SKU0160,149,0,12,154
2025-01-06,SKU0160,165,19,12,138
2025-01-13,SKU0160,118,98,12,132
2025-01-20,SKU0160,79,0,12,135
2025-01-27,SKU0160,46,0,12,91
2025-02-03,SKU0160,64,17,12,105
2025-02-10,SKU0160,21,0,12,121
2025-02-17,SKU0160,0,0,12,119
2025-02-24,SKU0160,0,0,12,116
2025-03-03,SKU0160,0,0,12,96
2025-03-10,SKU0160,113,35,12,145
2025-03-17,SKU0160,172,3,12,255
2025-03-24,SKU0160,120,139,12,146
2025-03-31,SKU0160,73,0,12,135
2025-04-07,SKU0160,31,0,12,122
2025-04-14,SKU0160,0,0,12,101
2025-04-21,SKU0160,0,0,12,137
2025-04-28,SKU0160,94,26,12,128
2025-05-05,SKU0160,45,98,12,143
2025-05-12,SKU0160,0,0,12,193
2025-05-19,SKU0160,52,16,12,169
2025-05-26,SKU0160,89,22,12,104
2025-06-02,SKU0160,43,0,12,146
2025-06-09,SKU0160,0,0,12,176
2025-06-16,SKU0160,41,7,12,134
2025-06-23,SKU0160,0,0,12,145
2025-06-30,SKU0160,0,0,12,182
2025-07-07,SKU0160,0,0,12,206
2025-07-14,SKU0160,51,17,12,166
2025-07-21,SKU0160,61,24,12,197
2025-07-28,SKU0160,7,0,12,158
2025-08-04,SKU0160,0,0,12,122
2025-08-11,SKU0160,0,0,12,143
2025-08-18,SKU0160,0,0,12,190
2025-08-25,SKU0160,0,108,12,119
2025-09-01,SKU0160,0,0,12,167
2025-09-08,SKU0160,0,0,12,134
2025-09-15,SKU0160,0,0,12,151
2025-09-22,SKU0160,0,0,12,231
2025-09-29,SKU0160,0,0,12,110
2025-10-06,SKU0160,0,0,12,155
2025-10-13,SKU0160,0,0,12,184
2025-10-20,SKU0160,0,0,12,320
2025-10-27,SKU0160,0,0,12,210
2025-11-03,SKU0160,0,0,12,267
2025-11-10,SKU0160,0,0,12,178
2025-11-17,SKU0160,0,0,12,214
2025-11-24,SKU0160,0,0,12,246
2025-12-01,SKU0160,116,45,12,242
2025-12-08,SKU0160,113,30,12,235
2025-12-15,SKU0160,146,55,12,317
2025-12-22,SKU0160,73,0,12,235
2025-12-29,SKU0160,36,0,12,106
2024-01-01,SKU0161,53,0,4,53
2024-01-08,SKU0161,25,0,4,55
2024-01-15,SKU0161,0,0,4,73
2024-01-22,SKU0161,0,0,4,70
2024-01-29,SKU0161,0,88,4,73
2024-02-05,SKU0161,0,0,4,63
2024-02-12,SKU0161,0,0,4,53
2024-02-19,SKU0161,0,0,4,68
2024-02-26,SKU0161,0,123,4,73
2024-03-04,SKU0161,0,74,4,80
2024-03-11,SKU0161,0,0,4,66
2024-03-18,SKU0161,0,147,4,102
2024-03-25,SKU0161,0,60,4,67
2024-04-01,SKU0161,0,0,4,77
2024-04-08,SKU0161,0,61,4,70
2024-04-15,SKU0161,0,48,4,72
2024-04-22,SKU0161,0,27,4,41
2024-04-29,SKU0161,70,12,4,54
2024-05-06,SKU0161,26,0,4,86
2024-05-13,SKU0161,0,0,4,63
2024-05-20,SKU0161,0,0,4,71
2024-05-27,SKU0161,0,0,4,68
2024-06-03,SKU0161,91,2,4,57
2024-06-10,SKU0161,51,0,4,67
2024-06-17,SKU0161,24,0,4,47
2024-06-24,SKU0161,0,0,4,64
2024-07-01,SKU0161,0,0,4,113
2024-07-08,SKU0161,0,0,4,73
2024-07-15,SKU0161,0,0,4,63
2024-07-22,SKU0161,0,155,4,81
2024-07-29,SKU0161,125,5,4,90
2024-08-05,SKU0161,141,8,4,90
2024-08-12,SKU0161,101,0,4,60
2024-08-19,SKU0161,54,0,4,75
2024-08-26,SKU0161,26,0,4,51
2024-09-02,SKU0161,0,0,4,69
2024-09-09,SKU0161,0,67,4,63
2024-09-16,SKU0161,0,86,4,76
2024-09-23,SKU0161,61,10,4,56
2024-09-30,SKU0161,10,118,4,74
2024-10-07,SKU0161,0,0,4,75
2024-10-14,SKU0161,0,0,4,72
2024-10-21,SKU0161,205,2,4,121
2024-10-28,SKU0161,142,93,4,108
2024-11-04,SKU0161,70,0,4,123
2024-11-11,SKU0161,21,0,4,85
2024-11-18,SKU0161,0,0,4,83
2024-11-25,SKU0161,0,0,4,140
2024-12-02,SKU0161,132,13,4,91
2024-12-09,SKU0161,69,0,4,102
2024-12-16,SKU0161,24,0,4,75
2024-12-23,SKU0161,111,28,4,88
2024-12-30,SKU0161,66,0,4,76
2025-01-06,SKU0161,62,8,4,54
2025-01-13,SKU0161,20,112,4,73
2025-01-20,SKU0161,0,0,4,51
2025-01-27,SKU0161,0,0,4,75
2025-02-03,SKU0161,0,0,4,58
2025-02-10,SKU0161,65,28,4,53
2025-02-17,SKU0161,100,12,4,53
2025-02-24,SKU0161,64,79,4,62
2025-03-03,SKU0161,67,10,4,63
2025-03-10,SKU0161,21,0,4,72
2025-03-17,SKU0161,0,139,4,95
2025-03-24,SKU0161,0,0,4,56
2025-03-31,SKU0161,62,27,4,54
2025-04-07,SKU0161,23,0,4,68
2025-04-14,SKU0161,0,0,4,72
2025-04-21,SKU0161,0,52,4,71
2025-04-28,SKU0161,0,0,4,92
2025-05-05,SKU0161,39,16,4,81
2025-05-12,SKU0161,1,0,4,76
2025-05-19,SKU0161,95,23,4,80
2025-05-26,SKU0161,55,0,4,74
2025-06-02,SKU0161,18,0,4,54
2025-06-09,SKU0161,0,0,4,86
2025-06-16,SKU0161,0,0,4,64
2025-06-23,SKU0161,0,0,4,61
2025-06-30,SKU0161,0,0,4,122
2025-07-07,SKU0161,0,0,4,90
2025-07-14,SKU0161,0,0,4,79
2025-07-21,SKU0161,0,147,4,91
2025-07-28,SKU0161,85,20,4,71
2025-08-04,SKU0161,34,0,4,84
2025-08-11,SKU0161,92,7,4,61
2025-08-18,SKU0161,117,3,4,61
2025-08-25,SKU0161,162,26,4,77
2025-09-01,SKU0161,124,0,4,71
2025-09-08,SKU0161,88,0,4,63
2025-09-15,SKU0161,41,0,4,85
2025-09-22,SKU0161,10,0,4,62
2025-09-29,SKU0161,0,0,4,84
2025-10-06,SKU0161,62,9,4,74
2025-10-13,SKU0161,94,10,4,110
2025-10-20,SKU0161,19,0,4,133
2025-10-27,SKU0161,0,0,4,113
2025-11-03,SKU0161,0,0,4,80
2025-11-10,SKU0161,0,0,4,89
2025-11-17,SKU0161,0,0,4,95
2025-11-24,SKU0161,0,0,4,115
2025-12-01,SKU0161,0,0,4,126
2025-12-08,SKU0161,0,0,4,105
2025-12-15,SKU0161,144,40,4,100
2025-12-22,SKU0161,91,0,4,88
2025-12-29,SKU0161,70,0,4,42
2024-01-01,SKU0162,168,34,7,62
2024-01-08,SKU0162,139,0,7,74
2024-01-15,SKU0162,112,0,7,68
2024-01-22,SKU0162,80,0,7,74
2024-01-29,SKU0162,49,40,7,74
2024-02-05,SKU0162,27,0,7,55
2024-02-12,SKU0162,2,0,7,59
2024-02-19,SKU0162,0,0,7,51
2024-02-26,SKU0162,0,0,7,43
2024-03-04,SKU0162,0,43,7,62
2024-03-11,SKU0162,0,105,7,84
2024-03-18,SKU0162,124,11,7,117
2024-03-25,SKU0162,98,75,7,66
2024-04-01,SKU0162,67,0,7,73
2024-04-08,SKU0162,17,0,7,95
2024-04-15,SKU0162,0,55,7,91
2024-04-22,SKU0162,0,0,7,86
2024-04-29,SKU0162,0,0,7,55
2024-05-06,SKU0162,0,0,7,68
2024-05-13,SKU0162,0,0,7,61
2024-05-20,SKU0162,0,0,7,82
2024-05-27,SKU0162,0,0,7,85
2024-06-03,SKU0162,0,0,7,57
2024-06-10,SKU0162,68,6,7,63
2024-06-17,SKU0162,34,0,7,83
2024-06-24,SKU0162,34,3,7,70
2024-07-01,SKU0162,0,142,7,128
2024-07-08,SKU0162,36,12,7,75
2024-07-15,SKU0162,0,0,7,87
2024-07-22,SKU0162,0,0,7,74
2024-07-29,SKU0162,0,0,7,105
2024-08-05,SKU0162,0,0,7,88
2024-08-12,SKU0162,0,0,7,83
2024-08-19,SKU0162,0,0,7,81
2024-08-26,SKU0162,54,8,7,64
2024-09-02,SKU0162,98,3,7,83
2024-09-09,SKU0162,63,0,7,77
2024-09-16,SKU0162,33,0,7,61
2024-09-23,SKU0162,1,0,7,57
2024-09-30,SKU0162,0,0,7,84
2024-10-07,SKU0162,0,0,7,111
2024-10-14,SKU0162,0,0,7,98
2024-10-21,SKU0162,0,75,7,130
2024-10-28,SKU0162,0,0,7,120
2024-11-04,SKU0162,0,0,7,104
2024-11-11,SKU0162,87,8,7,91
2024-11-18,SKU0162,39,0,7,100
2024-11-25,SKU0162,147,7,7,120
2024-12-02,SKU0162,174,14,7,121
2024-12-09,SKU0162,136,0,7,77
2024-12-16,SKU0162,87,0,7,120
2024-12-23,SKU0162,47,0,7,105
2024-12-30,SKU0162,55,1,7,76
2025-01-06,SKU0162,24,0,7,75
2025-01-13,SKU0162,0,0,7,73
2025-01-20,SKU0162,0,51,7,88
2025-01-27,SKU0162,0,0,7,65
2025-02-03,SKU0162,0,0,7,70
2025-02-10,SKU0162,0,0,7,97
2025-02-17,SKU0162,0,0,7,74
2025-02-24,SKU0162,0,0,7,73
2025-03-03,SKU0162,0,0,7,81
2025-03-10,SKU0162,0,0,7,71
2025-03-17,SKU0162,0,0,7,107
2025-03-24,SKU0162,37,10,7,51
2025-03-31,SKU0162,0,0,7,80
2025-04-07,SKU0162,47,20,7,53
2025-04-14,SKU0162,6,0,7,97
2025-04-21,SKU0162,28,9,7,56
2025-04-28,SKU0162,0,0,7,87
2025-05-05,SKU0162,0,0,7,70
2025-05-12,SKU0162,47,13,7,92
2025-05-19,SKU0162,7,0,7,74
2025-05-26,SKU0162,99,14,7,85
2025-06-02,SKU0162,65,0,7,80
2025-06-09,SKU0162,98,10,7,93
2025-06-16,SKU0162,102,13,7,70
2025-06-23,SKU0162,77,0,7,57
2025-06-30,SKU0162,98,16,7,136
2025-07-07,SKU0162,56,0,7,101
2025-07-14,SKU0162,58,5,7,75
2025-07-21,SKU0162,12,0,7,80
2025-07-28,SKU0162,0,0,7,57
2025-08-04,SKU0162,0,0,7,104
2025-08-11,SKU0162,0,0,7,76
2025-08-18,SKU0162,0,0,7,69
2025-08-25,SKU0162,0,0,7,69
2025-09-01,SKU0162,0,0,7,76
2025-09-08,SKU0162,0,67,7,82
2025-09-15,SKU0162,0,0,7,90
2025-09-22,SKU0162,0,0,7,99
2025-09-29,SKU0162,0,0,7,103
2025-10-06,SKU0162,0,0,7,91
2025-10-13,SKU0162,72,3,7,130
2025-10-20,SKU0162,9,0,7,135
2025-10-27,SKU0162,0,0,7,96
2025-11-03,SKU0162,0,131,7,124
2025-11-10,SKU0162,129,17,7,92
2025-11-17,SKU0162,65,0,7,146
2025-11-24,SKU0162,0,0,7,159
2025-12-01,SKU0162,0,0,7,145
2025-12-08,SKU0162,0,0,7,86
2025-12-15,SKU0162,0,0,7,144
2025-12-22,SKU0162,76,7,7,113
2025-12-29,SKU0162,52,67,7,58
2024-01-01,SKU0163,39,0,4,46
2024-01-08,SKU0163,12,0,4,43
2024-01-15,SKU0163,22,4,4,32
2024-01-22,SKU0163,0,41,4,53
2024-01-29,SKU0163,0,43,4,30
2024-02-05,SKU0163,36,1,4,60
2024-02-12,SKU0163,12,0,4,40
2024-02-19,SKU0163,0,72,4,40
2024-02-26,SKU0163,0,0,4,62
2024-03-04,SKU0163,0,60,4,48
2024-03-11,SKU0163,0,0,4,39
2024-03-18,SKU0163,0,0,4,75
2024-03-25,SKU0163,0,33,4,61
2024-04-01,SKU0163,0,0,4,60
2024-04-08,SKU0163,0,0,4,67
2024-04-15,SKU0163,41,18,4,59
2024-04-22,SKU0163,12,0,4,63
2024-04-29,SKU0163,57,9,4,62
2024-05-06,SKU0163,27,84,4,59
2024-05-13,SKU0163,0,95,4,66
2024-05-20,SKU0163,0,50,4,53
2024-05-27,SKU0163,0,41,4,43
2024-06-03,SKU0163,0,34,4,47
2024-06-10,SKU0163,0,49,4,40
2024-06-17,SKU0163,0,0,4,48
2024-06-24,SKU0163,26,3,4,40
2024-07-01,SKU0163,78,31,4,68
2024-07-08,SKU0163,35,0,4,85
2024-07-15,SKU0163,0,0,4,58
2024-07-22,SKU0163,0,0,4,60
2024-07-29,SKU0163,0,0,4,44
2024-08-05,SKU0163,0,100,4,67
2024-08-12,SKU0163,0,0,4,58
2024-08-19,SKU0163,0,0,4,44
2024-08-26,SKU0163,0,0,4,75
2024-09-02,SKU0163,0,104,4,59
2024-09-09,SKU0163,0,0,4,60
2024-09-16,SKU0163,0,0,4,39
2024-09-23,SKU0163,0,76,4,52
2024-09-30,SKU0163,0,0,4,50
2024-10-07,SKU0163,0,0,4,65
2024-10-14,SKU0163,143,2,4,71
2024-10-21,SKU0163,181,15,4,87
2024-10-28,SKU0163,114,0,4,97
2024-11-04,SKU0163,156,20,4,47
2024-11-11,SKU0163,123,0,4,59
2024-11-18,SKU0163,78,0,4,71
2024-11-25,SKU0163,22,97,4,83
2024-12-02,SKU0163,0,0,4,97
2024-12-09,SKU0163,0,0,4,99
2024-12-16,SKU0163,0,0,4,61
2024-12-23,SKU0163,62,14,4,69
2024-12-30,SKU0163,34,0,4,52
2025-01-06,SKU0163,7,0,4,38
2025-01-13,SKU0163,0,0,4,55
2025-01-20,SKU0163,0,0,4,36
2025-01-27,SKU0163,43,7,4,43
2025-02-03,SKU0163,11,57,4,62
2025-02-10,SKU0163,0,80,4,46
2025-02-17,SKU0163,0,0,4,69
2025-02-24,SKU0163,0,0,4,54
2025-03-03,SKU0163,0,0,4,51
2025-03-10,SKU0163,0,0,4,66
2025-03-17,SKU0163,0,0,4,105
2025-03-24,SKU0163,0,0,4,81
2025-03-31,SKU0163,0,0,4,68
2025-04-07,SKU0163,0,0,4,39
2025-04-14,SKU0163,0,0,4,75
2025-04-21,SKU0163,0,0,4,61
2025-04-28,SKU0163,0,0,4,84
2025-05-05,SKU0163,0,0,4,66
2025-05-12,SKU0163,0,55,4,72
2025-05-19,SKU0163,82,1,4,49
2025-05-26,SKU0163,55,67,4,49
2025-06-02,SKU0163,55,1,4,60
2025-06-09,SKU0163,95,22,4,66
2025-06-16,SKU0163,71,0,4,39
2025-06-23,SKU0163,40,0,4,52
2025-06-30,SKU0163,0,0,4,81
2025-07-07,SKU0163,0,0,4,59
2025-07-14,SKU0163,0,0,4,61
2025-07-21,SKU0163,0,0,4,61
2025-07-28,SKU0163,16,7,4,33
2025-08-04,SKU0163,0,0,4,52
2025-08-11,SKU0163,39,13,4,55
2025-08-18,SKU0163,0,0,4,74
2025-08-25,SKU0163,0,0,4,46
2025-09-01,SKU0163,0,70,4,62
2025-09-08,SKU0163,89,21,4,72
2025-09-15,SKU0163,63,0,4,51
2025-09-22,SKU0163,30,0,4,67
2025-09-29,SKU0163,50,4,4,62
2025-10-06,SKU0163,8,0,4,73
2025-10-13,SKU0163,0,78,4,100
2025-10-20,SKU0163,0,0,4,99
2025-10-27,SKU0163,0,0,4,82
2025-11-03,SKU0163,0,0,4,75
2025-11-10,SKU0163,0,0,4,94
2025-11-17,SKU0163,0,64,4,70
2025-11-24,SKU0163,0,0,4,95
2025-12-01,SKU0163,0,0,4,80
2025-12-08,SKU0163,0,0,4,98
2025-12-15,SKU0163,0,0,4,87
2025-12-22,SKU0163,47,20,4,84
2025-12-29,SKU0163,31,0,4,33
2024-01-01,SKU0164,147,4,12,97
2024-01-08,SKU0164,145,11,12,88
2024-01-15,SKU0164,116,0,12,73
2024-01-22,SKU0164,72,0,12,127
2024-01-29,SKU0164,18,97,12,145
2024-02-05,SKU0164,154,4,12,165
2024-02-12,SKU0164,131,53,12,63
2024-02-19,SKU0164,96,0,12,112
2024-02-26,SKU0164,61,0,12,115
2024-03-04,SKU0164,27,0,12,126
2024-03-11,SKU0164,0,0,12,136
2024-03-18,SKU0164,0,0,12,130
2024-03-25,SKU0164,0,0,12,140
2024-04-01,SKU0164,90,9,12,110
2024-04-08,SKU0164,111,1,12,112
2024-04-15,SKU0164,62,0,12,134
2024-04-22,SKU0164,24,0,12,122
2024-04-29,SKU0164,0,0,12,90
2024-05-06,SKU0164,0,139,12,122
2024-05-13,SKU0164,0,0,12,141
2024-05-20,SKU0164,0,0,12,124
2024-05-27,SKU0164,0,78,12,112
2024-06-03,SKU0164,0,77,12,100
2024-06-10,SKU0164,0,0,12,82
2024-06-17,SKU0164,0,0,12,141
2024-06-24,SKU0164,0,0,12,124
2024-07-01,SKU0164,0,0,12,125
2024-07-08,SKU0164,88,22,12,109
2024-07-15,SKU0164,115,1,12,120
2024-07-22,SKU0164,86,0,12,89
2024-07-29,SKU0164,45,0,12,121
2024-08-05,SKU0164,46,12,12,136
2024-08-12,SKU0164,0,0,12,149
2024-08-19,SKU0164,0,0,12,148
2024-08-26,SKU0164,0,0,12,179
2024-09-02,SKU0164,0,0,12,105
2024-09-09,SKU0164,110,9,12,106
2024-09-16,SKU0164,67,0,12,147
2024-09-23,SKU0164,35,0,12,113
2024-09-30,SKU0164,0,77,12,122
2024-10-07,SKU0164,0,0,12,115
2024-10-14,SKU0164,0,0,12,120
2024-10-21,SKU0164,120,37,12,159
2024-10-28,SKU0164,215,51,12,238
2024-11-04,SKU0164,231,12,12,153
2024-11-11,SKU0164,177,0,12,165
2024-11-18,SKU0164,272,9,12,214
2024-11-25,SKU0164,205,0,12,226
2024-12-02,SKU0164,227,10,12,147
2024-12-09,SKU0164,158,0,12,186
2024-12-16,SKU0164,194,33,12,152
2024-12-23,SKU0164,123,0,12,222
2024-12-30,SKU0164,79,0,12,113
2025-01-06,SKU0164,46,0,12,104
2025-01-13,SKU0164,14,0,12,107
2025-01-20,SKU0164,0,0,12,81
2025-01-27,SKU0164,0,0,12,102
2025-02-03,SKU0164,0,0,12,112
2025-02-10,SKU0164,0,0,12,128
2025-02-17,SKU0164,0,0,12,164
2025-02-24,SKU0164,0,0,12,107
2025-03-03,SKU0164,0,129,12,134
2025-03-10,SKU0164,0,78,12,154
2025-03-17,SKU0164,0,0,12,170
2025-03-24,SKU0164,0,0,12,136
2025-03-31,SKU0164,0,120,12,159
2025-04-07,SKU0164,0,55,12,99
2025-04-14,SKU0164,0,0,12,119
2025-04-21,SKU0164,0,0,12,134
2025-04-28,SKU0164,0,0,12,106
2025-05-05,SKU0164,0,0,12,180
2025-05-12,SKU0164,0,0,12,149
2025-05-19,SKU0164,0,0,12,170
2025-05-26,SKU0164,0,152,12,182
2025-06-02,SKU0164,69,6,12,140
2025-06-09,SKU0164,26,0,12,129
2025-06-16,SKU0164,0,117,12,113
2025-06-23,SKU0164,0,0,12,141
2025-06-30,SKU0164,0,0,12,156
2025-07-07,SKU0164,0,0,12,156
2025-07-14,SKU0164,0,0,12,147
2025-07-21,SKU0164,0,97,12,116
2025-07-28,SKU0164,68,22,12,121
2025-08-04,SKU0164,12,0,12,172
2025-08-11,SKU0164,0,53,12,151
2025-08-18,SKU0164,0,75,12,176
2025-08-25,SKU0164,0,0,12,131
2025-09-01,SKU0164,0,0,12,114
2025-09-08,SKU0164,0,0,12,165
2025-09-15,SKU0164,0,0,12,167
2025-09-22,SKU0164,0,87,12,126
2025-09-29,SKU0164,0,0,12,110
2025-10-06,SKU0164,0,0,12,196
2025-10-13,SKU0164,118,29,12,161
2025-10-20,SKU0164,44,0,12,219
2025-10-27,SKU0164,0,0,12,246
2025-11-03,SKU0164,0,0,12,236
2025-11-10,SKU0164,0,0,12,159
2025-11-17,SKU0164,68,21,12,119
2025-11-24,SKU0164,0,0,12,244
2025-12-01,SKU0164,0,112,12,176
2025-12-08,SKU0164,0,0,12,201
2025-12-15,SKU0164,0,155,12,180
2025-12-22,SKU0164,0,0,12,174
2025-12-29,SKU0164,59,19,12,99
2024-01-01,SKU0165,65,0,5,40
2024-01-08,SKU0165,49,0,5,33
2024-01-15,SKU0165,89,6,5,47
2024-01-22,SKU0165,72,0,5,36
2024-01-29,SKU0165,44,0,5,52
2024-02-05,SKU0165,30,0,5,29
2024-02-12,SKU0165,11,29,5,37
2024-02-19,SKU0165,0,0,5,51
2024-02-26,SKU0165,0,92,5,56
2024-03-04,SKU0165,0,54,5,45
2024-03-11,SKU0165,0,0,5,40
2024-03-18,SKU0165,0,0,5,70
2024-03-25,SKU0165,0,80,5,49
2024-04-01,SKU0165,0,0,5,31
2024-04-08,SKU0165,0,0,5,56
2024-04-15,SKU0165,0,0,5,46
2024-04-22,SKU0165,0,35,5,37
2024-04-29,SKU0165,0,0,5,52
2024-05-06,SKU0165,0,0,5,37
2024-05-13,SKU0165,0,0,5,34
2024-05-20,SKU0165,0,0,5,39
2024-05-27,SKU0165,0,0,5,66
2024-06-03,SKU0165,0,0,5,49
2024-06-10,SKU0165,24,10,5,49
2024-06-17,SKU0165,3,0,5,36
2024-06-24,SKU0165,0,0,5,30
2024-07-01,SKU0165,0,0,5,60
2024-07-08,SKU0165,0,0,5,65
2024-07-15,SKU0165,0,0,5,55
2024-07-22,SKU0165,0,53,5,46
2024-07-29,SKU0165,0,0,5,52
2024-08-05,SKU0165,64,16,5,65
2024-08-12,SKU0165,41,0,5,40
2024-08-19,SKU0165,20,0,5,50
2024-08-26,SKU0165,0,0,5,80
2024-09-02,SKU0165,0,0,5,60
2024-09-09,SKU0165,0,0,5,55
2024-09-16,SKU0165,43,1,5,47
2024-09-23,SKU0165,46,5,5,47
2024-09-30,SKU0165,82,7,5,44
2024-10-07,SKU0165,48,63,5,59
2024-10-14,SKU0165,18,0,5,63
2024-10-21,SKU0165,0,65,5,63
2024-10-28,SKU0165,72,19,5,60
2024-11-04,SKU0165,31,0,5,92
2024-11-11,SKU0165,3,0,5,53
2024-11-18,SKU0165,77,9,5,65
2024-11-25,SKU0165,39,0,5,65
2024-12-02,SKU0165,0,0,5,91
2024-12-09,SKU0165,0,0,5,84
2024-12-16,SKU0165,59,2,5,102
2024-12-23,SKU0165,14,64,5,87
2024-12-30,SKU0165,0,0,5,46
2025-01-06,SKU0165,0,0,5,54
2025-01-13,SKU0165,0,0,5,34
2025-01-20,SKU0165,0,0,5,54
2025-01-27,SKU0165,0,0,5,40
2025-02-03,SKU0165,0,63,5,43
2025-02-10,SKU0165,0,0,5,51
2025-02-17,SKU0165,0,0,5,54
2025-02-24,SKU0165,32,2,5,42
2025-03-03,SKU0165,9,0,5,43
2025-03-10,SKU0165,0,0,5,48
2025-03-17,SKU0165,0,108,5,77
2025-03-24,SKU0165,0,68,5,49
2025-03-31,SKU0165,0,0,5,43
2025-04-07,SKU0165,0,0,5,36
2025-04-14,SKU0165,0,0,5,29
2025-04-21,SKU0165,39,12,5,55
2025-04-28,SKU0165,15,0,5,43
2025-05-05,SKU0165,30,2,5,52
2025-05-12,SKU0165,6,79,5,53
2025-05-19,SKU0165,28,13,5,51
2025-05-26,SKU0165,0,0,5,52
2025-06-02,SKU0165,0,0,5,59
2025-06-09,SKU0165,0,57,5,51
2025-06-16,SKU0165,0,0,5,79
2025-06-23,SKU0165,0,0,5,31
2025-06-30,SKU0165,0,0,5,62
2025-07-07,SKU0165,0,0,5,80
2025-07-14,SKU0165,0,0,5,41
2025-07-21,SKU0165,0,77,5,56
2025-07-28,SKU0165,0,0,5,45
2025-08-04,SKU0165,80,7,5,78
2025-08-11,SKU0165,48,0,5,60
2025-08-18,SKU0165,62,12,5,51
2025-08-25,SKU0165,29,47,5,62
2025-09-01,SKU0165,3,0,5,50
2025-09-08,SKU0165,0,0,5,75
2025-09-15,SKU0165,0,0,5,46
2025-09-22,SKU0165,0,0,5,48
2025-09-29,SKU0165,0,107,5,65
2025-10-06,SKU0165,0,47,5,64
2025-10-13,SKU0165,108,28,5,86
2025-10-20,SKU0165,69,0,5,76
2025-10-27,SKU0165,36,0,5,69
2025-11-03,SKU0165,0,0,5,75
2025-11-10,SKU0165,0,64,5,87
2025-11-17,SKU0165,0,0,5,77
2025-11-24,SKU0165,0,0,5,102
2025-12-01,SKU0165,0,112,5,79
2025-12-08,SKU0165,0,0,5,98
2025-12-15,SKU0165,0,0,5,60
2025-12-22,SKU0165,85,9,5,72
2025-12-29,SKU0165,69,56,5,34
2024-01-01,SKU0166,209,0,14,209
2024-01-08,SKU0166,147,0,14,180
2024-01-15,SKU0166,74,122,14,262
2024-01-22,SKU0166,13,81,14,171
2024-01-29,SKU0166,0,0,14,168
2024-02-05,SKU0166,97,35,14,172
2024-02-12,SKU0166,35,80,14,192
2024-02-19,SKU0166,149,26,14,185
2024-02-26,SKU0166,261,21,14,238
2024-03-04,SKU0166,209,0,14,207
2024-03-11,SKU0166,141,0,14,208
2024-03-18,SKU0166,191,49,14,268
2024-03-25,SKU0166,119,197,14,199
2024-04-01,SKU0166,49,0,14,242
2024-04-08,SKU0166,0,0,14,267
2024-04-15,SKU0166,0,0,14,172
2024-04-22,SKU0166,0,0,14,211
2024-04-29,SKU0166,0,0,14,214
2024-05-06,SKU0166,0,101,14,241
2024-05-13,SKU0166,0,0,14,217
2024-05-20,SKU0166,0,0,14,188
2024-05-27,SKU0166,0,0,14,201
2024-06-03,SKU0166,0,0,14,276
2024-06-10,SKU0166,0,203,14,216
2024-06-17,SKU0166,0,0,14,267
2024-06-24,SKU0166,0,149,14,239
2024-07-01,SKU0166,0,0,14,336
2024-07-08,SKU0166,0,0,14,182
2024-07-15,SKU0166,0,0,14,249
2024-07-22,SKU0166,0,0,14,229
2024-07-29,SKU0166,0,0,14,267
2024-08-05,SKU0166,0,0,14,294
2024-08-12,SKU0166,0,0,14,206
2024-08-19,SKU0166,0,0,14,189
2024-08-26,SKU0166,0,0,14,221
2024-09-02,SKU0166,0,151,14,171
2024-09-09,SKU0166,0,0,14,227
2024-09-16,SKU0166,0,78,14,168
2024-09-23,SKU0166,0,0,14,189
2024-09-30,SKU0166,0,0,14,268
2024-10-07,SKU0166,0,0,14,255
2024-10-14,SKU0166,141,4,14,246
2024-10-21,SKU0166,46,0,14,392
2024-10-28,SKU0166,0,0,14,446
2024-11-04,SKU0166,0,0,14,346
2024-11-11,SKU0166,0,169,14,284
2024-11-18,SKU0166,0,0,14,312
2024-11-25,SKU0166,0,0,14,364
2024-12-02,SKU0166,248,4,14,315
2024-12-09,SKU0166,159,0,14,358
2024-12-16,SKU0166,207,9,14,373
2024-12-23,SKU0166,90,0,14,384
2024-12-30,SKU0166,7,0,14,264
2025-01-06,SKU0166,69,25,14,225
2025-01-13,SKU0166,2,0,14,204
2025-01-20,SKU0166,0,0,14,194
2025-01-27,SKU0166,123,47,14,189
2025-02-03,SKU0166,54,86,14,246
2025-02-10,SKU0166,0,91,14,210
2025-02-17,SKU0166,0,0,14,213
2025-02-24,SKU0166,0,0,14,175
2025-03-03,SKU0166,116,12,14,291
2025-03-10,SKU0166,41,0,14,304
2025-03-17,SKU0166,0,0,14,274
2025-03-24,SKU0166,0,0,14,228
2025-03-31,SKU0166,0,0,14,253
2025-04-07,SKU0166,0,247,14,253
2025-04-14,SKU0166,0,184,14,320
2025-04-21,SKU0166,0,131,14,230
2025-04-28,SKU0166,0,191,14,288
2025-05-05,SKU0166,0,0,14,236
2025-05-12,SKU0166,0,0,14,304
2025-05-19,SKU0166,135,39,14,261
2025-05-26,SKU0166,41,0,14,263
2025-06-02,SKU0166,0,0,14,262
2025-06-09,SKU0166,0,0,14,223
2025-06-16,SKU0166,0,118,14,185
2025-06-23,SKU0166,0,0,14,280
2025-06-30,SKU0166,0,0,14,338
2025-07-07,SKU0166,0,0,14,347
2025-07-14,SKU0166,0,0,14,235
2025-07-21,SKU0166,134,45,14,215
2025-07-28,SKU0166,71,0,14,254
2025-08-04,SKU0166,150,54,14,248
2025-08-11,SKU0166,83,0,14,219
2025-08-18,SKU0166,16,0,14,258
2025-08-25,SKU0166,0,0,14,322
2025-09-01,SKU0166,0,0,14,240
2025-09-08,SKU0166,0,0,14,242
2025-09-15,SKU0166,104,30,14,297
2025-09-22,SKU0166,175,62,14,273
2025-09-29,SKU0166,277,77,14,309
2025-10-06,SKU0166,211,0,14,264
2025-10-13,SKU0166,348,9,14,375
2025-10-20,SKU0166,226,0,14,376
2025-10-27,SKU0166,110,0,14,396
2025-11-03,SKU0166,11,0,14,380
2025-11-10,SKU0166,189,4,14,285
2025-11-17,SKU0166,106,0,14,317
2025-11-24,SKU0166,213,5,14,445
2025-12-01,SKU0166,108,0,14,391
2025-12-08,SKU0166,23,0,14,279
2025-12-15,SKU0166,0,218,14,293
2025-12-22,SKU0166,226,41,14,371
2025-12-29,SKU0166,286,8,14,157
2024-01-01,SKU0167,275,0,12,147
2024-01-08,SKU0167,230,95,12,127
2024-01-15,SKU0167,175,0,12,150
2024-01-22,SKU0167,122,93,12,133
2024-01-29,SKU0167,75,53,12,120
2024-02-05,SKU0167,131,24,12,163
2024-02-12,SKU0167,84,0,12,124
2024-02-19,SKU0167,41,0,12,137
2024-02-26,SKU0167,0,0,12,157
2024-03-04,SKU0167,0,137,12,176
2024-03-11,SKU0167,0,0,12,204
2024-03-18,SKU0167,0,0,12,249
2024-03-25,SKU0167,98,32,12,180
2024-04-01,SKU0167,52,0,12,145
2024-04-08,SKU0167,0,131,12,185
2024-04-15,SKU0167,164,5,12,212
2024-04-22,SKU0167,106,0,12,179
2024-04-29,SKU0167,53,0,12,180
2024-05-06,SKU0167,110,26,12,154
2024-05-13,SKU0167,53,0,12,186
2024-05-20,SKU0167,1,0,12,150
2024-05-27,SKU0167,175,18,12,177
2024-06-03,SKU0167,117,0,12,177
2024-06-10,SKU0167,58,0,12,175
2024-06-17,SKU0167,69,19,12,145
2024-06-24,SKU0167,13,0,12,159
2024-07-01,SKU0167,128,23,12,212
2024-07-08,SKU0167,47,0,12,250
2024-07-15,SKU0167,0,0,12,176
2024-07-22,SKU0167,0,0,12,196
2024-07-29,SKU0167,150,2,12,228
2024-08-05,SKU0167,96,0,12,172
2024-08-12,SKU0167,31,0,12,181
2024-08-19,SKU0167,106,9,12,209
2024-08-26,SKU0167,223,28,12,176
2024-09-02,SKU0167,170,0,12,161
2024-09-09,SKU0167,119,0,12,160
2024-09-16,SKU0167,60,0,12,158
2024-09-23,SKU0167,0,0,12,211
2024-09-30,SKU0167,0,0,12,166
2024-10-07,SKU0167,0,0,12,171
2024-10-14,SKU0167,0,0,12,200
2024-10-21,SKU0167,0,0,12,276
2024-10-28,SKU0167,0,0,12,265
2024-11-04,SKU0167,0,0,12,254
2024-11-11,SKU0167,131,12,12,218
2024-11-18,SKU0167,45,209,12,278
2024-11-25,SKU0167,0,0,12,282
2024-12-02,SKU0167,0,0,12,285
2024-12-09,SKU0167,109,5,12,247
2024-12-16,SKU0167,201,36,12,202
2024-12-23,SKU0167,99,276,12,291
2024-12-30,SKU0167,25,0,12,242
2025-01-06,SKU0167,0,0,12,127
2025-01-13,SKU0167,0,0,12,244
2025-01-20,SKU0167,0,0,12,174
2025-01-27,SKU0167,0,0,12,218
2025-02-03,SKU0167,134,17,12,197
2025-02-10,SKU0167,75,0,12,181
2025-02-17,SKU0167,6,0,12,177
2025-02-24,SKU0167,0,174,12,230
2025-03-03,SKU0167,0,0,12,168
2025-03-10,SKU0167,155,47,12,223
2025-03-17,SKU0167,62,0,12,262
2025-03-24,SKU0167,0,0,12,210
2025-03-31,SKU0167,0,0,12,163
2025-04-07,SKU0167,0,0,12,158
2025-04-14,SKU0167,0,124,12,235
2025-04-21,SKU0167,139,10,12,199
2025-04-28,SKU0167,272,7,12,221
2025-05-05,SKU0167,206,0,12,192
2025-05-12,SKU0167,124,0,12,263
2025-05-19,SKU0167,219,39,12,222
2025-05-26,SKU0167,140,0,12,216
2025-06-02,SKU0167,237,24,12,181
2025-06-09,SKU0167,167,0,12,244
2025-06-16,SKU0167,108,0,12,217
2025-06-23,SKU0167,201,19,12,157
2025-06-30,SKU0167,111,167,12,236
2025-07-07,SKU0167,131,32,12,253
2025-07-14,SKU0167,68,0,12,214
2025-07-21,SKU0167,0,0,12,231
2025-07-28,SKU0167,0,0,12,213
2025-08-04,SKU0167,193,3,12,222
2025-08-11,SKU0167,126,0,12,233
2025-08-18,SKU0167,60,0,12,189
2025-08-25,SKU0167,0,0,12,223
2025-09-01,SKU0167,54,12,12,157
2025-09-08,SKU0167,176,34,12,191
2025-09-15,SKU0167,113,0,12,218
2025-09-22,SKU0167,146,26,12,201
2025-09-29,SKU0167,66,0,12,257
2025-10-06,SKU0167,0,0,12,228
2025-10-13,SKU0167,0,0,12,219
2025-10-20,SKU0167,0,141,12,288
2025-10-27,SKU0167,158,30,12,257
2025-11-03,SKU0167,51,0,12,312
2025-11-10,SKU0167,0,0,12,261
2025-11-17,SKU0167,0,143,12,242
2025-11-24,SKU0167,0,0,12,274
2025-12-01,SKU0167,0,313,12,273
2025-12-08,SKU0167,95,29,12,295
2025-12-15,SKU0167,15,160,12,201
2025-12-22,SKU0167,0,254,12,298
2025-12-29,SKU0167,0,0,12,121
2024-01-01,SKU0168,171,36,9,70
2024-01-08,SKU0168,138,0,9,85
2024-01-15,SKU0168,99,0,9,97
2024-01-22,SKU0168,116,12,9,54
2024-01-29,SKU0168,96,0,9,44
2024-02-05,SKU0168,71,0,9,59
2024-02-12,SKU0168,88,11,9,81
2024-02-19,SKU0168,45,0,9,96
2024-02-26,SKU0168,5,77,9,87
2024-03-04,SKU0168,0,0,9,82
2024-03-11,SKU0168,0,0,9,88
2024-03-18,SKU0168,0,0,9,114
2024-03-25,SKU0168,0,0,9,107
2024-04-01,SKU0168,0,0,9,67
2024-04-08,SKU0168,0,0,9,100
2024-04-15,SKU0168,0,0,9,110
2024-04-22,SKU0168,0,0,9,111
2024-04-29,SKU0168,44,5,9,81
2024-05-06,SKU0168,2,0,9,102
2024-05-13,SKU0168,0,0,9,105
2024-05-20,SKU0168,0,0,9,125
2024-05-27,SKU0168,0,0,9,89
2024-06-03,SKU0168,93,13,9,88
2024-06-10,SKU0168,58,0,9,91
2024-06-17,SKU0168,23,57,9,72
2024-06-24,SKU0168,0,0,9,87
2024-07-01,SKU0168,0,0,9,111
2024-07-08,SKU0168,0,0,9,93
2024-07-15,SKU0168,0,0,9,89
2024-07-22,SKU0168,56,23,9,91
2024-07-29,SKU0168,9,94,9,116
2024-08-05,SKU0168,0,110,9,87
2024-08-12,SKU0168,0,0,9,124
2024-08-19,SKU0168,0,0,9,120
2024-08-26,SKU0168,0,87,9,113
2024-09-02,SKU0168,0,0,9,73
2024-09-09,SKU0168,0,0,9,72
2024-09-16,SKU0168,0,0,9,72
2024-09-23,SKU0168,0,0,9,73
2024-09-30,SKU0168,0,0,9,118
2024-10-07,SKU0168,0,0,9,90
2024-10-14,SKU0168,0,0,9,90
2024-10-21,SKU0168,0,0,9,144
2024-10-28,SKU0168,0,0,9,150
2024-11-04,SKU0168,0,0,9,123
2024-11-11,SKU0168,0,0,9,134
2024-11-18,SKU0168,0,0,9,154
2024-11-25,SKU0168,0,0,9,135
2024-12-02,SKU0168,61,15,9,140
2024-12-09,SKU0168,0,0,9,153
2024-12-16,SKU0168,64,28,9,97
2024-12-23,SKU0168,9,0,9,114
2024-12-30,SKU0168,62,3,9,117
2025-01-06,SKU0168,23,45,9,91
2025-01-13,SKU0168,50,20,9,102
2025-01-20,SKU0168,94,14,9,126
2025-01-27,SKU0168,47,0,9,133
2025-02-03,SKU0168,10,0,9,93
2025-02-10,SKU0168,0,0,9,82
2025-02-17,SKU0168,0,0,9,115
2025-02-24,SKU0168,82,12,9,116
2025-03-03,SKU0168,51,0,9,68
2025-03-10,SKU0168,13,0,9,82
2025-03-17,SKU0168,41,14,9,91
2025-03-24,SKU0168,7,0,9,98
2025-03-31,SKU0168,0,0,9,111
2025-04-07,SKU0168,0,0,9,110
2025-04-14,SKU0168,0,40,9,79
2025-04-21,SKU0168,0,0,9,97
2025-04-28,SKU0168,72,18,9,80
2025-05-05,SKU0168,39,0,9,89
2025-05-12,SKU0168,0,0,9,105
2025-05-19,SKU0168,0,0,9,100
2025-05-26,SKU0168,0,104,9,137
2025-06-02,SKU0168,0,39,9,82
2025-06-09,SKU0168,0,0,9,104
2025-06-16,SKU0168,0,0,9,113
2025-06-23,SKU0168,127,38,9,150
2025-06-30,SKU0168,68,0,9,158
2025-07-07,SKU0168,6,0,9,181
2025-07-14,SKU0168,0,0,9,95
2025-07-21,SKU0168,0,0,9,92
2025-07-28,SKU0168,0,0,9,82
2025-08-04,SKU0168,0,0,9,98
2025-08-11,SKU0168,0,0,9,105
2025-08-18,SKU0168,0,0,9,88
2025-08-25,SKU0168,0,94,9,92
2025-09-01,SKU0168,0,0,9,155
2025-09-08,SKU0168,0,0,9,109
2025-09-15,SKU0168,0,0,9,109
2025-09-22,SKU0168,0,0,9,135
2025-09-29,SKU0168,0,0,9,109
2025-10-06,SKU0168,0,0,9,120
2025-10-13,SKU0168,0,0,9,94
2025-10-20,SKU0168,0,0,9,151
2025-10-27,SKU0168,0,0,9,107
2025-11-03,SKU0168,0,0,9,155
2025-11-10,SKU0168,0,0,9,187
2025-11-17,SKU0168,0,105,9,129
2025-11-24,SKU0168,0,0,9,200
2025-12-01,SKU0168,0,0,9,182
2025-12-08,SKU0168,47,12,9,103
2025-12-15,SKU0168,0,0,9,159
2025-12-22,SKU0168,0,0,9,175
2025-12-29,SKU0168,0,0,9,45
2024-01-01,SKU0169,277,0,12,269
2024-01-08,SKU0169,183,0,12,267
2024-01-15,SKU0169,105,0,12,274
2024-01-22,SKU0169,17,0,12,222
2024-01-29,SKU0169,0,0,12,223
2024-02-05,SKU0169,0,0,12,353
2024-02-12,SKU0169,0,0,12,292
2024-02-19,SKU0169,0,0,12,264
2024-02-26,SKU0169,0,0,12,201
2024-03-04,SKU0169,0,150,12,204
2024-03-11,SKU0169,0,0,12,241
2024-03-18,SKU0169,0,0,12,251
2024-03-25,SKU0169,0,0,12,306
2024-04-01,SKU0169,0,0,12,243
2024-04-08,SKU0169,0,0,12,211
2024-04-15,SKU0169,0,0,12,257
2024-04-22,SKU0169,0,0,12,293
2024-04-29,SKU0169,0,244,12,227
2024-05-06,SKU0169,0,0,12,265
2024-05-13,SKU0169,0,0,12,317
2024-05-20,SKU0169,0,0,12,309
2024-05-27,SKU0169,0,0,12,377
2024-06-03,SKU0169,0,196,12,214
2024-06-10,SKU0169,0,0,12,281
2024-06-17,SKU0169,252,35,12,322
2024-06-24,SKU0169,309,26,12,216
2024-07-01,SKU0169,190,0,12,377
2024-07-08,SKU0169,115,0,12,257
2024-07-15,SKU0169,25,0,12,259
2024-07-22,SKU0169,0,97,12,253
2024-07-29,SKU0169,0,268,12,288
2024-08-05,SKU0169,0,0,12,265
2024-08-12,SKU0169,0,204,12,306
2024-08-19,SKU0169,209,23,12,294
2024-08-26,SKU0169,287,18,12,284
2024-09-02,SKU0169,191,0,12,299
2024-09-09,SKU0169,94,0,12,316
2024-09-16,SKU0169,19,0,12,213
2024-09-23,SKU0169,0,0,12,280
2024-09-30,SKU0169,0,0,12,316
2024-10-07,SKU0169,0,0,12,248
2024-10-14,SKU0169,217,23,12,353
2024-10-21,SKU0169,417,16,12,304
2024-10-28,SKU0169,279,0,12,489
2024-11-04,SKU0169,496,29,12,429
2024-11-11,SKU0169,382,0,12,293
2024-11-18,SKU0169,474,48,12,263
2024-11-25,SKU0169,315,0,12,496
2024-12-02,SKU0169,182,0,12,388
2024-12-09,SKU0169,31,0,12,423
2024-12-16,SKU0169,0,0,12,415
2024-12-23,SKU0169,0,0,12,434
2024-12-30,SKU0169,0,0,12,367
2025-01-06,SKU0169,0,0,12,217
2025-01-13,SKU0169,0,0,12,216
2025-01-20,SKU0169,0,0,12,229
2025-01-27,SKU0169,0,203,12,221
2025-02-03,SKU0169,0,0,12,233
2025-02-10,SKU0169,0,0,12,226
2025-02-17,SKU0169,0,0,12,299
2025-02-24,SKU0169,163,43,12,206
2025-03-03,SKU0169,56,0,12,299
2025-03-10,SKU0169,0,225,12,283
2025-03-17,SKU0169,194,9,12,421
2025-03-24,SKU0169,92,264,12,312
2025-03-31,SKU0169,2,0,12,253
2025-04-07,SKU0169,0,0,12,246
2025-04-14,SKU0169,0,230,12,280
2025-04-21,SKU0169,80,31,12,338
2025-04-28,SKU0169,0,0,12,249
2025-05-05,SKU0169,0,0,12,285
2025-05-12,SKU0169,0,0,12,351
2025-05-19,SKU0169,0,0,12,378
2025-05-26,SKU0169,0,0,12,245
2025-06-02,SKU0169,0,144,12,259
2025-06-09,SKU0169,0,0,12,348
2025-06-16,SKU0169,0,0,12,288
2025-06-23,SKU0169,0,273,12,331
2025-06-30,SKU0169,0,0,12,369
2025-07-07,SKU0169,0,0,12,355
2025-07-14,SKU0169,0,0,12,285
2025-07-21,SKU0169,0,0,12,315
2025-07-28,SKU0169,0,0,12,335
2025-08-04,SKU0169,0,228,12,256
2025-08-11,SKU0169,0,0,12,291
2025-08-18,SKU0169,0,0,12,232
2025-08-25,SKU0169,220,82,12,274
2025-09-01,SKU0169,242,47,12,351
2025-09-08,SKU0169,289,41,12,286
2025-09-15,SKU0169,198,186,12,260
2025-09-22,SKU0169,81,158,12,305
2025-09-29,SKU0169,0,0,12,275
2025-10-06,SKU0169,225,31,12,273
2025-10-13,SKU0169,93,0,12,471
2025-10-20,SKU0169,0,0,12,420
2025-10-27,SKU0169,0,0,12,429
2025-11-03,SKU0169,0,0,12,384
2025-11-10,SKU0169,0,0,12,402
2025-11-17,SKU0169,166,29,12,395
2025-11-24,SKU0169,0,0,12,590
2025-12-01,SKU0169,350,39,12,422
2025-12-08,SKU0169,214,0,12,338
2025-12-15,SKU0169,73,0,12,378
2025-12-22,SKU0169,0,0,12,339
2025-12-29,SKU0169,0,0,12,184
2024-01-01,SKU0170,388,3,6,56
2024-01-08,SKU0170,443,3,6,55
2024-01-15,SKU0170,420,0,6,51
2024-01-22,SKU0170,373,0,6,98
2024-01-29,SKU0170,403,3,6,70
2024-02-05,SKU0170,364,0,6,89
2024-02-12,SKU0170,326,0,6,76
2024-02-19,SKU0170,293,0,6,82
2024-02-26,SKU0170,268,0,6,50
2024-03-04,SKU0170,229,0,6,70
2024-03-11,SKU0170,190,0,6,83
2024-03-18,SKU0170,163,0,6,62
2024-03-25,SKU0170,121,0,6,82
2024-04-01,SKU0170,70,0,6,91
2024-04-08,SKU0170,15,0,6,101
2024-04-15,SKU0170,54,7,6,83
2024-04-22,SKU0170,23,0,6,59
2024-04-29,SKU0170,0,0,6,87
2024-05-06,SKU0170,31,12,6,79
2024-05-13,SKU0170,0,0,6,74
2024-05-20,SKU0170,0,0,6,76
2024-05-27,SKU0170,0,0,6,59
2024-06-03,SKU0170,0,0,6,77
2024-06-10,SKU0170,0,0,6,61
2024-06-17,SKU0170,0,0,6,89
2024-06-24,SKU0170,0,0,6,98
2024-07-01,SKU0170,0,0,6,89
2024-07-08,SKU0170,0,0,6,92
2024-07-15,SKU0170,0,0,6,96
2024-07-22,SKU0170,0,0,6,107
2024-07-29,SKU0170,0,125,6,95
2024-08-05,SKU0170,0,0,6,72
2024-08-12,SKU0170,55,18,6,82
2024-08-19,SKU0170,24,0,6,71
2024-08-26,SKU0170,0,51,6,84
2024-09-02,SKU0170,0,0,6,74
2024-09-09,SKU0170,0,0,6,89
2024-09-16,SKU0170,0,0,6,83
2024-09-23,SKU0170,0,0,6,109
2024-09-30,SKU0170,0,0,6,101
2024-10-07,SKU0170,0,0,6,92
2024-10-14,SKU0170,0,0,6,70
2024-10-21,SKU0170,0,0,6,122
2024-10-28,SKU0170,178,16,6,134
2024-11-04,SKU0170,206,2,6,124
2024-11-11,SKU0170,157,0,6,115
2024-11-18,SKU0170,102,0,6,93
2024-11-25,SKU0170,36,0,6,133
2024-12-02,SKU0170,0,0,6,118
2024-12-09,SKU0170,0,0,6,102
2024-12-16,SKU0170,0,0,6,119
2024-12-23,SKU0170,133,30,6,108
2024-12-30,SKU0170,101,0,6,69
2025-01-06,SKU0170,59,0,6,90
2025-01-13,SKU0170,24,0,6,82
2025-01-20,SKU0170,0,0,6,77
2025-01-27,SKU0170,0,90,6,107
2025-02-03,SKU0170,0,0,6,86
2025-02-10,SKU0170,0,0,6,88
2025-02-17,SKU0170,0,0,6,85
2025-02-24,SKU0170,0,0,6,91
2025-03-03,SKU0170,0,0,6,74
2025-03-10,SKU0170,0,0,6,82
2025-03-17,SKU0170,64,14,6,156
2025-03-24,SKU0170,71,8,6,86
2025-03-31,SKU0170,24,0,6,85
2025-04-07,SKU0170,0,0,6,91
2025-04-14,SKU0170,0,59,6,94
2025-04-21,SKU0170,0,0,6,84
2025-04-28,SKU0170,0,0,6,66
2025-05-05,SKU0170,111,15,6,97
2025-05-12,SKU0170,62,0,6,95
2025-05-19,SKU0170,20,49,6,91
2025-05-26,SKU0170,74,19,6,63
2025-06-02,SKU0170,29,0,6,93
2025-06-09,SKU0170,162,4,6,128
2025-06-16,SKU0170,121,0,6,68
2025-06-23,SKU0170,172,15,6,74
2025-06-30,SKU0170,186,20,6,134
2025-07-07,SKU0170,135,78,6,124
2025-07-14,SKU0170,96,47,6,94
2025-07-21,SKU0170,173,11,6,89
2025-07-28,SKU0170,126,0,6,97
2025-08-04,SKU0170,185,8,6,92
2025-08-11,SKU0170,131,0,6,107
2025-08-18,SKU0170,168,8,6,78
2025-08-25,SKU0170,112,73,6,130
2025-09-01,SKU0170,62,0,6,83
2025-09-08,SKU0170,20,0,6,92
2025-09-15,SKU0170,0,0,6,110
2025-09-22,SKU0170,73,31,6,97
2025-09-29,SKU0170,21,0,6,121
2025-10-06,SKU0170,0,0,6,92
2025-10-13,SKU0170,0,0,6,128
2025-10-20,SKU0170,65,23,6,185
2025-10-27,SKU0170,2,0,6,144
2025-11-03,SKU0170,0,0,6,103
2025-11-10,SKU0170,0,0,6,106
2025-11-17,SKU0170,0,0,6,155
2025-11-24,SKU0170,0,0,6,157
2025-12-01,SKU0170,0,0,6,120
2025-12-08,SKU0170,0,0,6,137
2025-12-15,SKU0170,129,24,6,144
2025-12-22,SKU0170,75,0,6,131
2025-12-29,SKU0170,53,26,6,49
2024-01-01,SKU0171,113,0,9,76
2024-01-08,SKU0171,80,0,9,92
2024-01-15,SKU0171,43,0,9,100
2024-01-22,SKU0171,13,0,9,64
2024-01-29,SKU0171,0,0,9,59
2024-02-05,SKU0171,79,7,9,86
2024-02-12,SKU0171,44,0,9,93
2024-02-19,SKU0171,58,18,9,83
2024-02-26,SKU0171,29,0,9,92
2024-03-04,SKU0171,0,69,9,80
2024-03-11,SKU0171,0,89,9,89
2024-03-18,SKU0171,0,0,9,73
2024-03-25,SKU0171,29,7,9,93
2024-04-01,SKU0171,55,22,9,135
2024-04-08,SKU0171,14,0,9,93
2024-04-15,SKU0171,0,0,9,82
2024-04-22,SKU0171,0,0,9,84
2024-04-29,SKU0171,0,0,9,115
2024-05-06,SKU0171,0,0,9,115
2024-05-13,SKU0171,0,87,9,115
2024-05-20,SKU0171,0,0,9,83
2024-05-27,SKU0171,0,0,9,90
2024-06-03,SKU0171,0,0,9,89
2024-06-10,SKU0171,0,0,9,72
2024-06-17,SKU0171,0,0,9,99
2024-06-24,SKU0171,0,0,9,77
2024-07-01,SKU0171,0,77,9,105
2024-07-08,SKU0171,0,82,9,106
2024-07-15,SKU0171,0,0,9,96
2024-07-22,SKU0171,0,0,9,93
2024-07-29,SKU0171,0,0,9,114
2024-08-05,SKU0171,0,0,9,130
2024-08-12,SKU0171,104,15,9,107
2024-08-19,SKU0171,61,0,9,96
2024-08-26,SKU0171,96,10,9,91
2024-09-02,SKU0171,66,0,9,86
2024-09-09,SKU0171,21,0,9,102
2024-09-16,SKU0171,0,0,9,99
2024-09-23,SKU0171,0,0,9,76
2024-09-30,SKU0171,0,91,9,101
2024-10-07,SKU0171,0,0,9,105
2024-10-14,SKU0171,0,0,9,110
2024-10-21,SKU0171,108,46,9,125
2024-10-28,SKU0171,39,0,9,204
2024-11-04,SKU0171,63,9,9,99
2024-11-11,SKU0171,9,0,9,148
2024-11-18,SKU0171,0,0,9,90
2024-11-25,SKU0171,0,129,9,154
2024-12-02,SKU0171,0,0,9,145
2024-12-09,SKU0171,0,71,9,120
2024-12-16,SKU0171,0,0,9,93
2024-12-23,SKU0171,60,2,9,123
2024-12-30,SKU0171,21,77,9,113
2025-01-06,SKU0171,0,60,9,74
2025-01-13,SKU0171,0,0,9,87
2025-01-20,SKU0171,76,19,9,73
2025-01-27,SKU0171,29,0,9,117
2025-02-03,SKU0171,0,0,9,76
2025-02-10,SKU0171,0,68,9,70
2025-02-17,SKU0171,0,0,9,84
2025-02-24,SKU0171,0,0,9,70
2025-03-03,SKU0171,102,7,9,111
2025-03-10,SKU0171,131,18,9,100
2025-03-17,SKU0171,81,0,9,114
2025-03-24,SKU0171,38,0,9,105
2025-03-31,SKU0171,0,0,9,97
2025-04-07,SKU0171,86,11,9,98
2025-04-14,SKU0171,93,11,9,107
2025-04-21,SKU0171,40,0,9,133
2025-04-28,SKU0171,0,127,9,117
2025-05-05,SKU0171,0,77,9,99
2025-05-12,SKU0171,0,0,9,101
2025-05-19,SKU0171,0,0,9,122
2025-05-26,SKU0171,0,0,9,120
2025-06-02,SKU0171,0,0,9,65
2025-06-09,SKU0171,0,0,9,104
2025-06-16,SKU0171,0,0,9,122
2025-06-23,SKU0171,0,0,9,100
2025-06-30,SKU0171,77,24,9,156
2025-07-07,SKU0171,123,25,9,116
2025-07-14,SKU0171,79,79,9,137
2025-07-21,SKU0171,37,0,9,135
2025-07-28,SKU0171,0,0,9,98
2025-08-04,SKU0171,77,10,9,83
2025-08-11,SKU0171,33,0,9,112
2025-08-18,SKU0171,0,0,9,112
2025-08-25,SKU0171,0,0,9,102
2025-09-01,SKU0171,0,59,9,87
2025-09-08,SKU0171,0,119,9,112
2025-09-15,SKU0171,0,0,9,102
2025-09-22,SKU0171,46,11,9,89
2025-09-29,SKU0171,136,14,9,115
2025-10-06,SKU0171,92,134,9,108
2025-10-13,SKU0171,44,0,9,125
2025-10-20,SKU0171,4,0,9,91
2025-10-27,SKU0171,0,0,9,177
2025-11-03,SKU0171,0,73,9,136
2025-11-10,SKU0171,0,0,9,116
2025-11-17,SKU0171,0,0,9,156
2025-11-24,SKU0171,114,40,9,183
2025-12-01,SKU0171,47,0,9,167
2025-12-08,SKU0171,0,0,9,147
2025-12-15,SKU0171,0,0,9,168
2025-12-22,SKU0171,0,0,9,148
2025-12-29,SKU0171,0,53,9,69
2024-01-01,SKU0172,92,0,4,63
2024-01-08,SKU0172,67,0,4,41
2024-01-15,SKU0172,77,7,4,46
2024-01-22,SKU0172,48,85,4,52
2024-01-29,SKU0172,28,0,4,38
2024-02-05,SKU0172,1,0,4,46
2024-02-12,SKU0172,0,0,4,55
2024-02-19,SKU0172,31,8,4,45
2024-02-26,SKU0172,0,93,4,54
2024-03-04,SKU0172,0,0,4,61
2024-03-11,SKU0172,0,0,4,55
2024-03-18,SKU0172,0,0,4,69
2024-03-25,SKU0172,0,0,4,48
2024-04-01,SKU0172,0,0,4,54
2024-04-08,SKU0172,0,0,4,48
2024-04-15,SKU0172,0,0,4,54
2024-04-22,SKU0172,0,83,4,45
2024-04-29,SKU0172,0,0,4,63
2024-05-06,SKU0172,0,0,4,56
2024-05-13,SKU0172,80,19,4,70
2024-05-20,SKU0172,42,0,4,66
2024-05-27,SKU0172,5,101,4,64
2024-06-03,SKU0172,55,6,4,69
2024-06-10,SKU0172,12,0,4,65
2024-06-17,SKU0172,0,0,4,58
2024-06-24,SKU0172,0,53,4,57
2024-07-01,SKU0172,0,0,4,84
2024-07-08,SKU0172,0,0,4,62
2024-07-15,SKU0172,0,0,4,52
2024-07-22,SKU0172,62,10,4,64
2024-07-29,SKU0172,23,127,4,61
2024-08-05,SKU0172,0,0,4,73
2024-08-12,SKU0172,0,0,4,63
2024-08-19,SKU0172,0,0,4,46
2024-08-26,SKU0172,0,0,4,63
2024-09-02,SKU0172,0,0,4,70
2024-09-09,SKU0172,0,0,4,69
2024-09-16,SKU0172,71,10,4,69
2024-09-23,SKU0172,48,0,4,48
2024-09-30,SKU0172,88,26,4,74
2024-10-07,SKU0172,107,10,4,75
2024-10-14,SKU0172,61,0,4,68
2024-10-21,SKU0172,8,0,4,83
2024-10-28,SKU0172,0,0,4,127
2024-11-04,SKU0172,0,0,4,104
2024-11-11,SKU0172,0,0,4,59
2024-11-18,SKU0172,0,0,4,61
2024-11-25,SKU0172,0,94,4,90
2024-12-02,SKU0172,0,0,4,91
2024-12-09,SKU0172,0,0,4,62
2024-12-16,SKU0172,79,8,4,74
2024-12-23,SKU0172,36,0,4,77
2024-12-30,SKU0172,88,19,4,88
2025-01-06,SKU0172,103,11,4,32
2025-01-13,SKU0172,76,0,4,51
2025-01-20,SKU0172,36,0,4,61
2025-01-27,SKU0172,0,0,4,57
2025-02-03,SKU0172,0,0,4,47
2025-02-10,SKU0172,0,0,4,52
2025-02-17,SKU0172,0,113,4,63
2025-02-24,SKU0172,0,0,4,62
2025-03-03,SKU0172,0,0,4,64
2025-03-10,SKU0172,0,0,4,55
2025-03-17,SKU0172,111,1,4,83
2025-03-24,SKU0172,136,19,4,78
2025-03-31,SKU0172,97,0,4,73
2025-04-07,SKU0172,53,0,4,80
2025-04-14,SKU0172,16,0,4,76
2025-04-21,SKU0172,0,0,4,74
2025-04-28,SKU0172,0,0,4,59
2025-05-05,SKU0172,0,0,4,62
2025-05-12,SKU0172,0,0,4,103
2025-05-19,SKU0172,0,0,4,70
2025-05-26,SKU0172,0,55,4,75
2025-06-02,SKU0172,0,0,4,65
2025-06-09,SKU0172,0,0,4,67
2025-06-16,SKU0172,36,3,4,53
2025-06-23,SKU0172,1,60,4,63
2025-06-30,SKU0172,0,0,4,104
2025-07-07,SKU0172,0,0,4,65
2025-07-14,SKU0172,0,0,4,62
2025-07-21,SKU0172,0,0,4,63
2025-07-28,SKU0172,0,0,4,82
2025-08-04,SKU0172,94,3,4,58
2025-08-11,SKU0172,64,0,4,53
2025-08-18,SKU0172,31,0,4,65
2025-08-25,SKU0172,0,0,4,78
2025-09-01,SKU0172,0,0,4,105
2025-09-08,SKU0172,54,16,4,75
2025-09-15,SKU0172,16,0,4,79
2025-09-22,SKU0172,0,124,4,74
2025-09-29,SKU0172,0,0,4,53
2025-10-06,SKU0172,0,0,4,90
2025-10-13,SKU0172,0,0,4,77
2025-10-20,SKU0172,0,0,4,121
2025-10-27,SKU0172,0,0,4,119
2025-11-03,SKU0172,0,0,4,85
2025-11-10,SKU0172,0,123,4,105
2025-11-17,SKU0172,0,0,4,58
2025-11-24,SKU0172,0,0,4,94
2025-12-01,SKU0172,0,0,4,96
2025-12-08,SKU0172,0,0,4,119
2025-12-15,SKU0172,141,32,4,90
2025-12-22,SKU0172,82,0,4,89
2025-12-29,SKU0172,88,8,4,37
2024-01-01,SKU0173,334,82,13,120
2024-01-08,SKU0173,305,52,13,100
2024-01-15,SKU0173,308,2,13,92
2024-01-22,SKU0173,264,0,13,123
2024-01-29,SKU0173,229,0,13,135
2024-02-05,SKU0173,308,5,13,136
2024-02-12,SKU0173,278,0,13,93
2024-02-19,SKU0173,251,55,13,94
2024-02-26,SKU0173,229,0,13,73
2024-03-04,SKU0173,200,0,13,92
2024-03-11,SKU0173,156,0,13,168
2024-03-18,SKU0173,245,21,13,188
2024-03-25,SKU0173,210,0,13,134
2024-04-01,SKU0173,173,0,13,124
2024-04-08,SKU0173,136,0,13,113
2024-04-15,SKU0173,185,1,13,89
2024-04-22,SKU0173,153,89,13,95
2024-04-29,SKU0173,108,0,13,146
2024-05-06,SKU0173,73,93,13,120
2024-05-13,SKU0173,33,0,13,113
2024-05-20,SKU0173,0,0,13,163
2024-05-27,SKU0173,0,0,13,141
2024-06-03,SKU0173,0,68,13,131
2024-06-10,SKU0173,0,0,13,142
2024-06-17,SKU0173,0,0,13,106
2024-06-24,SKU0173,0,0,13,136
2024-07-01,SKU0173,0,0,13,157
2024-07-08,SKU0173,52,16,13,147
2024-07-15,SKU0173,18,0,13,98
2024-07-22,SKU0173,0,65,13,109
2024-07-29,SKU0173,83,23,13,158
2024-08-05,SKU0173,42,0,13,119
2024-08-12,SKU0173,68,25,13,115
2024-08-19,SKU0173,38,0,13,106
2024-08-26,SKU0173,0,0,13,157
2024-09-02,SKU0173,0,0,13,107
2024-09-09,SKU0173,72,20,13,133
2024-09-16,SKU0173,21,0,13,172
2024-09-23,SKU0173,0,0,13,110
2024-09-30,SKU0173,86,20,13,153
2024-10-07,SKU0173,51,0,13,126
2024-10-14,SKU0173,93,1,13,152
2024-10-21,SKU0173,42,0,13,155
2024-10-28,SKU0173,58,9,13,194
2024-11-04,SKU0173,128,39,13,180
2024-11-11,SKU0173,78,0,13,147
2024-11-18,SKU0173,36,0,13,141
2024-11-25,SKU0173,159,13,13,251
2024-12-02,SKU0173,116,0,13,138
2024-12-09,SKU0173,72,0,13,137
2024-12-16,SKU0173,25,0,13,157
2024-12-23,SKU0173,0,0,13,131
2024-12-30,SKU0173,0,0,13,107
2025-01-06,SKU0173,0,0,13,105
2025-01-13,SKU0173,0,0,13,93
2025-01-20,SKU0173,0,0,13,123
2025-01-27,SKU0173,0,0,13,116
2025-02-03,SKU0173,0,0,13,104
2025-02-10,SKU0173,0,0,13,123
2025-02-17,SKU0173,0,90,13,106
2025-02-24,SKU0173,0,132,13,119
2025-03-03,SKU0173,0,0,13,132
2025-03-10,SKU0173,0,100,13,155
2025-03-17,SKU0173,0,0,13,142
2025-03-24,SKU0173,125,23,13,141
2025-03-31,SKU0173,93,81,13,117
2025-04-07,SKU0173,57,54,13,106
2025-04-14,SKU0173,15,0,13,161
2025-04-21,SKU0173,85,35,13,169
2025-04-28,SKU0173,46,0,13,125
2025-05-05,SKU0173,114,18,13,138
2025-05-12,SKU0173,140,10,13,114
2025-05-19,SKU0173,99,120,13,130
2025-05-26,SKU0173,60,0,13,131
2025-06-02,SKU0173,17,0,13,111
2025-06-09,SKU0173,0,0,13,137
2025-06-16,SKU0173,0,56,13,124
2025-06-23,SKU0173,59,6,13,80
2025-06-30,SKU0173,1,65,13,168
2025-07-07,SKU0173,0,0,13,225
2025-07-14,SKU0173,62,9,13,112
2025-07-21,SKU0173,100,2,13,145
2025-07-28,SKU0173,49,0,13,149
2025-08-04,SKU0173,4,0,13,177
2025-08-11,SKU0173,0,0,13,113
2025-08-18,SKU0173,0,136,13,147
2025-08-25,SKU0173,101,26,13,132
2025-09-01,SKU0173,53,111,13,157
2025-09-08,SKU0173,17,0,13,121
2025-09-15,SKU0173,0,0,13,152
2025-09-22,SKU0173,0,0,13,140
2025-09-29,SKU0173,0,0,13,178
2025-10-06,SKU0173,0,0,13,149
2025-10-13,SKU0173,0,0,13,185
2025-10-20,SKU0173,130,16,13,193
2025-10-27,SKU0173,56,0,13,236
2025-11-03,SKU0173,141,16,13,164
2025-11-10,SKU0173,142,20,13,143
2025-11-17,SKU0173,206,18,13,144
2025-11-24,SKU0173,154,0,13,189
2025-12-01,SKU0173,92,0,13,156
2025-12-08,SKU0173,154,9,13,150
2025-12-15,SKU0173,94,0,13,196
2025-12-22,SKU0173,25,82,13,249
2025-12-29,SKU0173,7,0,13,62
2024-01-01,SKU0174,203,0,10,86
2024-01-08,SKU0174,212,14,10,95
2024-01-15,SKU0174,179,101,10,87
2024-01-22,SKU0174,131,0,10,138
2024-01-29,SKU0174,97,0,10,90
2024-02-05,SKU0174,60,0,10,102
2024-02-12,SKU0174,32,0,10,94
2024-02-19,SKU0174,0,0,10,107
2024-02-26,SKU0174,0,0,10,69
2024-03-04,SKU0174,94,29,10,135
2024-03-11,SKU0174,41,57,10,133
2024-03-18,SKU0174,0,0,10,111
2024-03-25,SKU0174,0,0,10,149
2024-04-01,SKU0174,0,0,10,122
2024-04-08,SKU0174,70,30,10,110
2024-04-15,SKU0174,43,0,10,63
2024-04-22,SKU0174,75,32,10,114
2024-04-29,SKU0174,38,0,10,111
2024-05-06,SKU0174,5,0,10,101
2024-05-13,SKU0174,0,39,10,71
2024-05-20,SKU0174,0,0,10,141
2024-05-27,SKU0174,0,0,10,105
2024-06-03,SKU0174,0,70,10,89
2024-06-10,SKU0174,0,0,10,132
2024-06-17,SKU0174,97,3,10,108
2024-06-24,SKU0174,51,83,10,104
2024-07-01,SKU0174,0,0,10,175
2024-07-08,SKU0174,0,0,10,178
2024-07-15,SKU0174,89,19,10,130
2024-07-22,SKU0174,138,17,10,80
2024-07-29,SKU0174,97,0,10,118
2024-08-05,SKU0174,58,0,10,101
2024-08-12,SKU0174,13,0,10,117
2024-08-19,SKU0174,85,9,10,107
2024-08-26,SKU0174,37,0,10,153
2024-09-02,SKU0174,67,5,10,95
2024-09-09,SKU0174,27,0,10,97
2024-09-16,SKU0174,0,55,10,109
2024-09-23,SKU0174,55,15,10,100
2024-09-30,SKU0174,17,117,10,121
2024-10-07,SKU0174,0,65,10,107
2024-10-14,SKU0174,100,12,10,84
2024-10-21,SKU0174,28,219,10,215
2024-10-28,SKU0174,0,65,10,185
2024-11-04,SKU0174,116,19,10,152
2024-11-11,SKU0174,67,130,10,136
2024-11-18,SKU0174,12,0,10,127
2024-11-25,SKU0174,126,49,10,178
2024-12-02,SKU0174,65,0,10,137
2024-12-09,SKU0174,3,115,10,168
2024-12-16,SKU0174,0,0,10,137
2024-12-23,SKU0174,0,0,10,135
2024-12-30,SKU0174,87,28,10,124
2025-01-06,SKU0174,42,0,10,128
2025-01-13,SKU0174,4,106,10,118
2025-01-20,SKU0174,0,0,10,102
2025-01-27,SKU0174,0,0,10,141
2025-02-03,SKU0174,76,6,10,126
2025-02-10,SKU0174,38,68,10,98
2025-02-17,SKU0174,0,0,10,112
2025-02-24,SKU0174,0,0,10,120
2025-03-03,SKU0174,0,83,10,86
2025-03-10,SKU0174,0,0,10,104
2025-03-17,SKU0174,142,33,10,159
2025-03-24,SKU0174,104,0,10,112
2025-03-31,SKU0174,110,13,10,87
2025-04-07,SKU0174,64,111,10,104
2025-04-14,SKU0174,11,0,10,159
2025-04-21,SKU0174,0,105,10,173
2025-04-28,SKU0174,0,0,10,124
2025-05-05,SKU0174,0,0,10,113
2025-05-12,SKU0174,0,0,10,101
2025-05-19,SKU0174,70,9,10,141
2025-05-26,SKU0174,8,0,10,154
2025-06-02,SKU0174,0,0,10,87
2025-06-09,SKU0174,0,121,10,125
2025-06-16,SKU0174,0,0,10,151
2025-06-23,SKU0174,0,0,10,121
2025-06-30,SKU0174,0,0,10,129
2025-07-07,SKU0174,143,32,10,208
2025-07-14,SKU0174,90,0,10,156
2025-07-21,SKU0174,30,0,10,158
2025-07-28,SKU0174,0,0,10,138
2025-08-04,SKU0174,0,0,10,116
2025-08-11,SKU0174,0,0,10,133
2025-08-18,SKU0174,0,0,10,103
2025-08-25,SKU0174,0,0,10,96
2025-09-01,SKU0174,0,0,10,139
2025-09-08,SKU0174,0,0,10,120
2025-09-15,SKU0174,0,0,10,120
2025-09-22,SKU0174,0,143,10,161
2025-09-29,SKU0174,0,0,10,115
2025-10-06,SKU0174,0,0,10,160
2025-10-13,SKU0174,0,0,10,149
2025-10-20,SKU0174,0,0,10,164
2025-10-27,SKU0174,0,0,10,223
2025-11-03,SKU0174,114,1,10,184
2025-11-10,SKU0174,59,0,10,168
2025-11-17,SKU0174,78,26,10,153
2025-11-24,SKU0174,7,0,10,210
2025-12-01,SKU0174,162,68,10,209
2025-12-08,SKU0174,103,0,10,184
2025-12-15,SKU0174,50,0,10,135
2025-12-22,SKU0174,0,0,10,151
2025-12-29,SKU0174,49,3,10,46
2024-01-01,SKU0175,168,0,6,66
2024-01-08,SKU0175,135,0,6,66
2024-01-15,SKU0175,100,63,6,73
2024-01-22,SKU0175,73,0,6,56
2024-01-29,SKU0175,42,0,6,72
2024-02-05,SKU0175,18,0,6,55
2024-02-12,SKU0175,0,0,6,74
2024-02-19,SKU0175,0,0,6,67
2024-02-26,SKU0175,28,12,6,52
2024-03-04,SKU0175,69,21,6,65
2024-03-11,SKU0175,28,0,6,80
2024-03-18,SKU0175,0,0,6,87
2024-03-25,SKU0175,0,0,6,69
2024-04-01,SKU0175,34,9,6,55
2024-04-08,SKU0175,0,0,6,77
2024-04-15,SKU0175,0,0,6,77
2024-04-22,SKU0175,0,0,6,87
2024-04-29,SKU0175,0,60,6,68
2024-05-06,SKU0175,0,0,6,104
2024-05-13,SKU0175,0,0,6,83
2024-05-20,SKU0175,0,0,6,99
2024-05-27,SKU0175,0,0,6,93
2024-06-03,SKU0175,0,70,6,67
2024-06-10,SKU0175,0,122,6,84
2024-06-17,SKU0175,0,0,6,67
2024-06-24,SKU0175,111,14,6,70
2024-07-01,SKU0175,71,0,6,88
2024-07-08,SKU0175,22,0,6,119
2024-07-15,SKU0175,0,75,6,53
2024-07-22,SKU0175,0,0,6,61
2024-07-29,SKU0175,0,0,6,66
2024-08-05,SKU0175,0,90,6,61
2024-08-12,SKU0175,0,0,6,71
2024-08-19,SKU0175,0,0,6,102
2024-08-26,SKU0175,0,85,6,75
2024-09-02,SKU0175,0,0,6,64
2024-09-09,SKU0175,49,4,6,66
2024-09-16,SKU0175,11,0,6,74
2024-09-23,SKU0175,0,0,6,67
2024-09-30,SKU0175,63,6,6,77
2024-10-07,SKU0175,22,0,6,84
2024-10-14,SKU0175,59,2,6,72
2024-10-21,SKU0175,0,0,6,112
2024-10-28,SKU0175,0,91,6,91
2024-11-04,SKU0175,98,24,6,91
2024-11-11,SKU0175,124,1,6,108
2024-11-18,SKU0175,63,0,6,115
2024-11-25,SKU0175,0,0,6,118
2024-12-02,SKU0175,0,161,6,107
2024-12-09,SKU0175,0,0,6,93
2024-12-16,SKU0175,73,16,6,93
2024-12-23,SKU0175,16,0,6,128
2024-12-30,SKU0175,0,0,6,62
2025-01-06,SKU0175,0,0,6,89
2025-01-13,SKU0175,0,0,6,52
2025-01-20,SKU0175,0,0,6,50
2025-01-27,SKU0175,57,12,6,81
2025-02-03,SKU0175,27,0,6,64
2025-02-10,SKU0175,5,0,6,48
2025-02-17,SKU0175,64,14,6,61
2025-02-24,SKU0175,89,16,6,61
2025-03-03,SKU0175,46,87,6,75
2025-03-10,SKU0175,0,0,6,119
2025-03-17,SKU0175,46,20,6,96
2025-03-24,SKU0175,60,9,6,92
2025-03-31,SKU0175,33,0,6,55
2025-04-07,SKU0175,78,15,6,74
2025-04-14,SKU0175,42,0,6,72
2025-04-21,SKU0175,10,0,6,66
2025-04-28,SKU0175,70,7,6,88
2025-05-05,SKU0175,31,0,6,79
2025-05-12,SKU0175,0,0,6,82
2025-05-19,SKU0175,0,95,6,62
2025-05-26,SKU0175,0,0,6,75
2025-06-02,SKU0175,35,15,6,83
2025-06-09,SKU0175,2,95,6,73
2025-06-16,SKU0175,0,0,6,56
2025-06-23,SKU0175,78,2,6,87
2025-06-30,SKU0175,31,0,6,88
2025-07-07,SKU0175,72,4,6,105
2025-07-14,SKU0175,90,9,6,81
2025-07-21,SKU0175,53,0,6,68
2025-07-28,SKU0175,25,0,6,55
2025-08-04,SKU0175,95,30,6,77
2025-08-11,SKU0175,52,0,6,94
2025-08-18,SKU0175,116,2,6,68
2025-08-25,SKU0175,81,0,6,64
2025-09-01,SKU0175,97,5,6,95
2025-09-08,SKU0175,62,0,6,74
2025-09-15,SKU0175,15,0,6,103
2025-09-22,SKU0175,0,33,6,56
2025-09-29,SKU0175,0,0,6,82
2025-10-06,SKU0175,0,0,6,99
2025-10-13,SKU0175,91,15,6,104
2025-10-20,SKU0175,31,103,6,127
2025-10-27,SKU0175,0,0,6,100
2025-11-03,SKU0175,0,0,6,98
2025-11-10,SKU0175,0,0,6,134
2025-11-17,SKU0175,0,0,6,113
2025-11-24,SKU0175,0,0,6,105
2025-12-01,SKU0175,0,77,6,89
2025-12-08,SKU0175,0,0,6,104
2025-12-15,SKU0175,0,0,6,101
2025-12-22,SKU0175,0,0,6,130
2025-12-29,SKU0175,64,7,6,59
2024-01-01,SKU0176,209,0,10,158
2024-01-08,SKU0176,307,5,10,170
2024-01-15,SKU0176,247,0,10,181
2024-01-22,SKU0176,178,0,10,191
2024-01-29,SKU0176,121,104,10,160
2024-02-05,SKU0176,71,0,10,160
2024-02-12,SKU0176,0,0,10,194
2024-02-19,SKU0176,0,0,10,200
2024-02-26,SKU0176,0,123,10,144
2024-03-04,SKU0176,0,126,10,209
2024-03-11,SKU0176,0,0,10,232
2024-03-18,SKU0176,0,305,10,274
2024-03-25,SKU0176,0,0,10,183
2024-04-01,SKU0176,137,7,10,169
2024-04-08,SKU0176,183,22,10,194
2024-04-15,SKU0176,109,107,10,216
2024-04-22,SKU0176,47,0,10,154
2024-04-29,SKU0176,0,0,10,247
2024-05-06,SKU0176,0,0,10,260
2024-05-13,SKU0176,0,0,10,249
2024-05-20,SKU0176,0,0,10,196
2024-05-27,SKU0176,0,0,10,213
2024-06-03,SKU0176,0,0,10,208
2024-06-10,SKU0176,0,0,10,230
2024-06-17,SKU0176,0,0,10,154
2024-06-24,SKU0176,0,0,10,261
2024-07-01,SKU0176,0,0,10,242
2024-07-08,SKU0176,0,113,10,208
2024-07-15,SKU0176,0,110,10,206
2024-07-22,SKU0176,0,0,10,201
2024-07-29,SKU0176,0,0,10,226
2024-08-05,SKU0176,0,0,10,175
2024-08-12,SKU0176,0,0,10,239
2024-08-19,SKU0176,0,0,10,194
2024-08-26,SKU0176,179,33,10,210
2024-09-02,SKU0176,171,10,10,194
2024-09-09,SKU0176,85,0,10,252
2024-09-16,SKU0176,36,0,10,132
2024-09-23,SKU0176,0,0,10,239
2024-09-30,SKU0176,0,0,10,223
2024-10-07,SKU0176,0,83,10,140
2024-10-14,SKU0176,0,0,10,209
2024-10-21,SKU0176,79,24,10,267
2024-10-28,SKU0176,0,276,10,362
2024-11-04,SKU0176,0,0,10,289
2024-11-11,SKU0176,0,0,10,306
2024-11-18,SKU0176,0,0,10,292
2024-11-25,SKU0176,0,0,10,334
2024-12-02,SKU0176,0,0,10,265
2024-12-09,SKU0176,0,261,10,249
2024-12-16,SKU0176,0,0,10,239
2024-12-23,SKU0176,0,0,10,314
2024-12-30,SKU0176,0,0,10,221
2025-01-06,SKU0176,0,0,10,211
2025-01-13,SKU0176,0,0,10,210
2025-01-20,SKU0176,0,0,10,223
2025-01-27,SKU0176,0,95,10,153
2025-02-03,SKU0176,0,0,10,167
2025-02-10,SKU0176,0,0,10,129
2025-02-17,SKU0176,0,0,10,196
2025-02-24,SKU0176,0,176,10,183
2025-03-03,SKU0176,0,0,10,194
2025-03-10,SKU0176,0,0,10,216
2025-03-17,SKU0176,239,70,10,314
2025-03-24,SKU0176,367,2,10,246
2025-03-31,SKU0176,293,0,10,238
2025-04-07,SKU0176,206,0,10,201
2025-04-14,SKU0176,120,0,10,238
2025-04-21,SKU0176,167,40,10,228
2025-04-28,SKU0176,77,0,10,264
2025-05-05,SKU0176,12,0,10,180
2025-05-12,SKU0176,0,125,10,189
2025-05-19,SKU0176,0,260,10,227
2025-05-26,SKU0176,0,0,10,207
2025-06-02,SKU0176,0,79,10,148
2025-06-09,SKU0176,0,0,10,171
2025-06-16,SKU0176,0,0,10,202
2025-06-23,SKU0176,0,0,10,164
2025-06-30,SKU0176,0,0,10,318
2025-07-07,SKU0176,256,3,10,246
2025-07-14,SKU0176,161,222,10,267
2025-07-21,SKU0176,254,60,10,178
2025-07-28,SKU0176,405,5,10,230
2025-08-04,SKU0176,331,0,10,192
2025-08-11,SKU0176,248,234,10,202
2025-08-18,SKU0176,147,0,10,238
2025-08-25,SKU0176,50,137,10,256
2025-09-01,SKU0176,0,0,10,212
2025-09-08,SKU0176,0,201,10,190
2025-09-15,SKU0176,137,51,10,220
2025-09-22,SKU0176,44,0,10,246
2025-09-29,SKU0176,0,241,10,233
2025-10-06,SKU0176,0,0,10,217
2025-10-13,SKU0176,0,0,10,275
2025-10-20,SKU0176,0,0,10,329
2025-10-27,SKU0176,0,0,10,314
2025-11-03,SKU0176,0,0,10,362
2025-11-10,SKU0176,0,0,10,216
2025-11-17,SKU0176,0,0,10,241
2025-11-24,SKU0176,0,0,10,304
2025-12-01,SKU0176,0,0,10,270
2025-12-08,SKU0176,0,0,10,305
2025-12-15,SKU0176,0,0,10,255
2025-12-22,SKU0176,261,29,10,277
2025-12-29,SKU0176,320,31,10,149
2024-01-01,SKU0177,389,0,7,116
2024-01-08,SKU0177,348,0,7,73
2024-01-15,SKU0177,350,5,7,92
2024-01-22,SKU0177,310,0,7,73
2024-01-29,SKU0177,260,0,7,86
2024-02-05,SKU0177,216,0,7,93
2024-02-12,SKU0177,182,0,7,90
2024-02-19,SKU0177,126,0,7,106
2024-02-26,SKU0177,89,0,7,83
2024-03-04,SKU0177,23,0,7,134
2024-03-11,SKU0177,0,0,7,78
2024-03-18,SKU0177,0,0,7,147
2024-03-25,SKU0177,0,158,7,123
2024-04-01,SKU0177,0,0,7,115
2024-04-08,SKU0177,0,0,7,119
2024-04-15,SKU0177,98,27,7,127
2024-04-22,SKU0177,174,22,7,110
2024-04-29,SKU0177,128,0,7,119
2024-05-06,SKU0177,68,115,7,123
2024-05-13,SKU0177,17,0,7,121
2024-05-20,SKU0177,0,0,7,119
2024-05-27,SKU0177,121,4,7,121
2024-06-03,SKU0177,69,145,7,111
2024-06-10,SKU0177,15,0,7,136
2024-06-17,SKU0177,54,14,7,133
2024-06-24,SKU0177,45,16,7,116
2024-07-01,SKU0177,0,0,7,186
2024-07-08,SKU0177,0,127,7,144
2024-07-15,SKU0177,0,0,7,105
2024-07-22,SKU0177,111,12,7,162
2024-07-29,SKU0177,56,0,7,130
2024-08-05,SKU0177,0,0,7,125
2024-08-12,SKU0177,79,19,7,132
2024-08-19,SKU0177,31,0,7,103
2024-08-26,SKU0177,0,142,7,125
2024-09-02,SKU0177,0,0,7,94
2024-09-09,SKU0177,0,0,7,92
2024-09-16,SKU0177,0,0,7,131
2024-09-23,SKU0177,0,0,7,114
2024-09-30,SKU0177,62,26,7,119
2024-10-07,SKU0177,153,5,7,101
2024-10-14,SKU0177,83,0,7,164
2024-10-21,SKU0177,16,0,7,157
2024-10-28,SKU0177,0,0,7,170
2024-11-04,SKU0177,0,0,7,149
2024-11-11,SKU0177,0,0,7,139
2024-11-18,SKU0177,0,227,7,157
2024-11-25,SKU0177,0,0,7,171
2024-12-02,SKU0177,0,0,7,180
2024-12-09,SKU0177,0,0,7,198
2024-12-16,SKU0177,0,0,7,117
2024-12-23,SKU0177,0,172,7,164
2024-12-30,SKU0177,0,0,7,110
2025-01-06,SKU0177,0,0,7,85
2025-01-13,SKU0177,0,0,7,122
2025-01-20,SKU0177,0,0,7,97
2025-01-27,SKU0177,0,0,7,87
2025-02-03,SKU0177,0,0,7,98
2025-02-10,SKU0177,0,0,7,94
2025-02-17,SKU0177,0,0,7,131
2025-02-24,SKU0177,0,0,7,108
2025-03-03,SKU0177,0,0,7,121
2025-03-10,SKU0177,0,0,7,121
2025-03-17,SKU0177,0,0,7,169
2025-03-24,SKU0177,0,83,7,111
2025-03-31,SKU0177,0,0,7,95
2025-04-07,SKU0177,0,178,7,136
2025-04-14,SKU0177,0,155,7,104
2025-04-21,SKU0177,0,165,7,123
2025-04-28,SKU0177,83,10,7,167
2025-05-05,SKU0177,16,0,7,146
2025-05-12,SKU0177,0,0,7,125
2025-05-19,SKU0177,101,31,7,106
2025-05-26,SKU0177,34,167,7,158
2025-06-02,SKU0177,0,0,7,114
2025-06-09,SKU0177,0,0,7,118
2025-06-16,SKU0177,0,0,7,114
2025-06-23,SKU0177,0,0,7,108
2025-06-30,SKU0177,0,209,7,132
2025-07-07,SKU0177,0,201,7,147
2025-07-14,SKU0177,0,86,7,90
2025-07-21,SKU0177,0,49,7,77
2025-07-28,SKU0177,0,0,7,96
2025-08-04,SKU0177,0,0,7,120
2025-08-11,SKU0177,0,0,7,179
2025-08-18,SKU0177,0,0,7,118
2025-08-25,SKU0177,0,0,7,117
2025-09-01,SKU0177,0,0,7,140
2025-09-08,SKU0177,0,136,7,145
2025-09-15,SKU0177,69,1,7,115
2025-09-22,SKU0177,8,156,7,139
2025-09-29,SKU0177,0,0,7,135
2025-10-06,SKU0177,0,0,7,111
2025-10-13,SKU0177,228,33,7,214
2025-10-20,SKU0177,129,0,7,191
2025-10-27,SKU0177,36,0,7,173
2025-11-03,SKU0177,0,0,7,204
2025-11-10,SKU0177,0,0,7,163
2025-11-17,SKU0177,0,0,7,184
2025-11-24,SKU0177,0,0,7,238
2025-12-01,SKU0177,0,0,7,152
2025-12-08,SKU0177,0,0,7,183
2025-12-15,SKU0177,0,0,7,143
2025-12-22,SKU0177,0,0,7,154
2025-12-29,SKU0177,0,0,7,44
2024-01-01,SKU0178,53,0,4,24
2024-01-08,SKU0178,62,9,4,34
2024-01-15,SKU0178,69,1,4,24
2024-01-22,SKU0178,55,0,4,19
2024-01-29,SKU0178,35,0,4,34
2024-02-05,SKU0178,17,0,4,31
2024-02-12,SKU0178,1,0,4,33
2024-02-19,SKU0178,0,0,4,42
2024-02-26,SKU0178,0,35,4,34
2024-03-04,SKU0178,0,0,4,39
2024-03-11,SKU0178,27,11,4,40
2024-03-18,SKU0178,0,0,4,70
2024-03-25,SKU0178,0,0,4,38
2024-04-01,SKU0178,0,77,4,47
2024-04-08,SKU0178,0,0,4,35
2024-04-15,SKU0178,0,74,4,46
2024-04-22,SKU0178,51,15,4,39
2024-04-29,SKU0178,26,0,4,49
2024-05-06,SKU0178,8,0,4,25
2024-05-13,SKU0178,0,0,4,61
2024-05-20,SKU0178,0,0,4,22
2024-05-27,SKU0178,0,0,4,46
2024-06-03,SKU0178,0,0,4,34
2024-06-10,SKU0178,0,50,4,29
2024-06-17,SKU0178,0,37,4,54
2024-06-24,SKU0178,0,0,4,24
2024-07-01,SKU0178,0,0,4,48
2024-07-08,SKU0178,0,0,4,41
2024-07-15,SKU0178,0,0,4,30
2024-07-22,SKU0178,0,0,4,46
2024-07-29,SKU0178,0,0,4,50
2024-08-05,SKU0178,0,0,4,43
2024-08-12,SKU0178,0,0,4,43
2024-08-19,SKU0178,0,0,4,33
2024-08-26,SKU0178,0,33,4,36
2024-09-02,SKU0178,56,1,4,38
2024-09-09,SKU0178,36,0,4,38
2024-09-16,SKU0178,10,66,4,46
2024-09-23,SKU0178,0,0,4,29
2024-09-30,SKU0178,15,3,4,25
2024-10-07,SKU0178,57,18,4,41
2024-10-14,SKU0178,21,64,4,56
2024-10-21,SKU0178,46,18,4,47
2024-10-28,SKU0178,11,0,4,55
2024-11-04,SKU0178,0,0,4,68
2024-11-11,SKU0178,0,0,4,56
2024-11-18,SKU0178,0,0,4,59
2024-11-25,SKU0178,0,101,4,76
2024-12-02,SKU0178,46,12,4,39
2024-12-09,SKU0178,14,0,4,51
2024-12-16,SKU0178,0,0,4,77
2024-12-23,SKU0178,0,0,4,35
2024-12-30,SKU0178,0,0,4,32
2025-01-06,SKU0178,0,0,4,39
2025-01-13,SKU0178,0,0,4,41
2025-01-20,SKU0178,0,0,4,36
2025-01-27,SKU0178,50,4,4,35
2025-02-03,SKU0178,22,65,4,42
2025-02-10,SKU0178,3,0,4,40
2025-02-17,SKU0178,0,35,4,45
2025-02-24,SKU0178,0,0,4,46
2025-03-03,SKU0178,0,49,4,37
2025-03-10,SKU0178,56,4,4,55
2025-03-17,SKU0178,28,0,4,58
2025-03-24,SKU0178,0,0,4,54
2025-03-31,SKU0178,37,3,4,40
2025-04-07,SKU0178,18,0,4,37
2025-04-14,SKU0178,1,0,4,25
2025-04-21,SKU0178,0,0,4,31
2025-04-28,SKU0178,0,0,4,32
2025-05-05,SKU0178,0,0,4,55
2025-05-12,SKU0178,24,1,4,27
2025-05-19,SKU0178,0,0,4,48
2025-05-26,SKU0178,51,7,4,59
2025-06-02,SKU0178,75,14,4,31
2025-06-09,SKU0178,47,0,4,48
2025-06-16,SKU0178,18,0,4,47
2025-06-23,SKU0178,0,0,4,36
2025-06-30,SKU0178,0,91,4,52
2025-07-07,SKU0178,0,0,4,48
2025-07-14,SKU0178,61,13,4,41
2025-07-21,SKU0178,39,0,4,40
2025-07-28,SKU0178,14,0,4,47
2025-08-04,SKU0178,0,0,4,31
2025-08-11,SKU0178,0,55,4,42
2025-08-18,SKU0178,19,6,4,35
2025-08-25,SKU0178,0,0,4,62
2025-09-01,SKU0178,0,0,4,49
2025-09-08,SKU0178,0,0,4,41
2025-09-15,SKU0178,0,0,4,42
2025-09-22,SKU0178,27,1,4,41
2025-09-29,SKU0178,0,77,4,51
2025-10-06,SKU0178,0,0,4,66
2025-10-13,SKU0178,0,0,4,54
2025-10-20,SKU0178,0,0,4,46
2025-10-27,SKU0178,0,62,4,88
2025-11-03,SKU0178,0,0,4,39
2025-11-10,SKU0178,0,0,4,45
2025-11-17,SKU0178,0,0,4,40
2025-11-24,SKU0178,0,0,4,84
2025-12-01,SKU0178,0,0,4,59
2025-12-08,SKU0178,0,0,4,73
2025-12-15,SKU0178,0,0,4,55
2025-12-22,SKU0178,0,0,4,66
2025-12-29,SKU0178,0,0,4,33
2024-01-01,SKU0179,324,26,7,118
2024-01-08,SKU0179,276,0,7,126
2024-01-15,SKU0179,215,0,7,123
2024-01-22,SKU0179,232,20,7,106
2024-01-29,SKU0179,185,0,7,123
2024-02-05,SKU0179,128,0,7,153
2024-02-12,SKU0179,72,0,7,137
2024-02-19,SKU0179,17,0,7,95
2024-02-26,SKU0179,104,22,7,103
2024-03-04,SKU0179,172,2,7,95
2024-03-11,SKU0179,114,0,7,110
2024-03-18,SKU0179,25,0,7,182
2024-03-25,SKU0179,67,13,7,129
2024-04-01,SKU0179,8,0,7,124
2024-04-08,SKU0179,0,0,7,119
2024-04-15,SKU0179,0,181,7,172
2024-04-22,SKU0179,0,0,7,135
2024-04-29,SKU0179,0,0,7,118
2024-05-06,SKU0179,0,0,7,124
2024-05-13,SKU0179,0,119,7,114
2024-05-20,SKU0179,62,23,7,172
2024-05-27,SKU0179,136,25,7,130
2024-06-03,SKU0179,92,0,7,79
2024-06-10,SKU0179,22,0,7,135
2024-06-17,SKU0179,0,98,7,140
2024-06-24,SKU0179,0,0,7,93
2024-07-01,SKU0179,125,53,7,171
2024-07-08,SKU0179,67,0,7,126
2024-07-15,SKU0179,7,0,7,139
2024-07-22,SKU0179,0,0,7,127
2024-07-29,SKU0179,89,18,7,150
2024-08-05,SKU0179,12,0,7,177
2024-08-12,SKU0179,0,0,7,108
2024-08-19,SKU0179,0,0,7,147
2024-08-26,SKU0179,0,0,7,148
2024-09-02,SKU0179,0,0,7,116
2024-09-09,SKU0179,0,0,7,121
2024-09-16,SKU0179,0,0,7,119
2024-09-23,SKU0179,0,154,7,150
2024-09-30,SKU0179,129,42,7,120
2024-10-07,SKU0179,71,88,7,145
2024-10-14,SKU0179,80,12,7,125
2024-10-21,SKU0179,0,0,7,220
2024-10-28,SKU0179,0,0,7,229
2024-11-04,SKU0179,243,37,7,220
2024-11-11,SKU0179,162,102,7,163
2024-11-18,SKU0179,87,0,7,166
2024-11-25,SKU0179,45,0,7,91
2024-12-02,SKU0179,0,0,7,221
2024-12-09,SKU0179,0,0,7,157
2024-12-16,SKU0179,0,132,7,187
2024-12-23,SKU0179,0,0,7,215
2024-12-30,SKU0179,0,0,7,189
2025-01-06,SKU0179,0,66,7,108
2025-01-13,SKU0179,0,118,7,124
2025-01-20,SKU0179,0,0,7,123
2025-01-27,SKU0179,0,0,7,125
2025-02-03,SKU0179,0,0,7,126
2025-02-10,SKU0179,0,0,7,137
2025-02-17,SKU0179,0,147,7,113
2025-02-24,SKU0179,65,9,7,153
2025-03-03,SKU0179,6,0,7,120
2025-03-10,SKU0179,0,0,7,120
2025-03-17,SKU0179,0,0,7,169
2025-03-24,SKU0179,0,162,7,169
2025-03-31,SKU0179,48,10,7,109
2025-04-07,SKU0179,0,0,7,148
2025-04-14,SKU0179,0,0,7,130
2025-04-21,SKU0179,0,134,7,120
2025-04-28,SKU0179,0,130,7,134
2025-05-05,SKU0179,0,0,7,149
2025-05-12,SKU0179,0,0,7,115
2025-05-19,SKU0179,87,24,7,138
2025-05-26,SKU0179,39,0,7,112
2025-06-02,SKU0179,0,0,7,161
2025-06-09,SKU0179,0,0,7,169
2025-06-16,SKU0179,0,0,7,130
2025-06-23,SKU0179,0,0,7,135
2025-06-30,SKU0179,0,0,7,183
2025-07-07,SKU0179,0,0,7,216
2025-07-14,SKU0179,0,0,7,120
2025-07-21,SKU0179,166,31,7,132
2025-07-28,SKU0179,89,0,7,166
2025-08-04,SKU0179,95,10,7,130
2025-08-11,SKU0179,44,0,7,106
2025-08-18,SKU0179,0,149,7,156
2025-08-25,SKU0179,0,0,7,132
2025-09-01,SKU0179,0,0,7,75
2025-09-08,SKU0179,80,16,7,155
2025-09-15,SKU0179,16,109,7,151
2025-09-22,SKU0179,0,0,7,159
2025-09-29,SKU0179,103,25,7,164
2025-10-06,SKU0179,41,0,7,143
2025-10-13,SKU0179,0,137,7,164
2025-10-20,SKU0179,0,0,7,254
2025-10-27,SKU0179,0,0,7,189
2025-11-03,SKU0179,0,0,7,241
2025-11-10,SKU0179,0,0,7,212
2025-11-17,SKU0179,0,0,7,214
2025-11-24,SKU0179,237,80,7,253
2025-12-01,SKU0179,130,0,7,190
2025-12-08,SKU0179,38,0,7,207
2025-12-15,SKU0179,0,0,7,192
2025-12-22,SKU0179,211,2,7,195
2025-12-29,SKU0179,182,0,7,77
2024-01-01,SKU0180,136,0,9,114
2024-01-08,SKU0180,95,68,9,123
2024-01-15,SKU0180,58,0,9,102
2024-01-22,SKU0180,21,0,9,96
2024-01-29,SKU0180,0,0,9,70
2024-02-05,SKU0180,0,0,9,85
2024-02-12,SKU0180,0,0,9,77
2024-02-19,SKU0180,0,0,9,112
2024-02-26,SKU0180,0,0,9,101
2024-03-04,SKU0180,0,53,9,99
2024-03-11,SKU0180,0,0,9,133
2024-03-18,SKU0180,0,0,9,162
2024-03-25,SKU0180,27,3,9,66
2024-04-01,SKU0180,0,0,9,110
2024-04-08,SKU0180,0,0,9,121
2024-04-15,SKU0180,0,0,9,106
2024-04-22,SKU0180,0,0,9,128
2024-04-29,SKU0180,0,0,9,125
2024-05-06,SKU0180,0,0,9,144
2024-05-13,SKU0180,0,0,9,132
2024-05-20,SKU0180,0,0,9,113
2024-05-27,SKU0180,0,0,9,126
2024-06-03,SKU0180,55,20,9,83
2024-06-10,SKU0180,20,0,9,90
2024-06-17,SKU0180,0,0,9,124
2024-06-24,SKU0180,0,0,9,144
2024-07-01,SKU0180,0,0,9,169
2024-07-08,SKU0180,141,6,9,152
2024-07-15,SKU0180,93,49,9,99
2024-07-22,SKU0180,46,137,9,129
2024-07-29,SKU0180,5,0,9,106
2024-08-05,SKU0180,0,0,9,120
2024-08-12,SKU0180,0,0,9,113
2024-08-19,SKU0180,0,0,9,152
2024-08-26,SKU0180,114,3,9,141
2024-09-02,SKU0180,68,85,9,109
2024-09-09,SKU0180,99,22,9,107
2024-09-16,SKU0180,60,0,9,115
2024-09-23,SKU0180,16,97,9,114
2024-09-30,SKU0180,0,0,9,130
2024-10-07,SKU0180,0,0,9,136
2024-10-14,SKU0180,0,94,9,152
2024-10-21,SKU0180,0,77,9,125
2024-10-28,SKU0180,0,0,9,157
2024-11-04,SKU0180,0,0,9,161
2024-11-11,SKU0180,66,6,9,116
2024-11-18,SKU0180,90,10,9,140
2024-11-25,SKU0180,22,0,9,169
2024-12-02,SKU0180,100,6,9,199
2024-12-09,SKU0180,177,39,9,174
2024-12-16,SKU0180,124,82,9,131
2024-12-23,SKU0180,63,0,9,163
2024-12-30,SKU0180,25,0,9,120
2025-01-06,SKU0180,91,15,9,99
2025-01-13,SKU0180,49,0,9,103
2025-01-20,SKU0180,0,0,9,117
2025-01-27,SKU0180,58,1,9,69
2025-02-03,SKU0180,26,0,9,75
2025-02-10,SKU0180,0,0,9,73
2025-02-17,SKU0180,0,0,9,100
2025-02-24,SKU0180,0,0,9,95
2025-03-03,SKU0180,0,0,9,117
2025-03-10,SKU0180,0,0,9,137
2025-03-17,SKU0180,0,0,9,183
2025-03-24,SKU0180,0,103,9,111
2025-03-31,SKU0180,0,0,9,95
2025-04-07,SKU0180,0,0,9,120
2025-04-14,SKU0180,0,0,9,130
2025-04-21,SKU0180,0,0,9,140
2025-04-28,SKU0180,0,66,9,114
2025-05-05,SKU0180,0,0,9,106
2025-05-12,SKU0180,0,0,9,126
2025-05-19,SKU0180,0,76,9,104
2025-05-26,SKU0180,0,0,9,112
2025-06-02,SKU0180,87,20,9,111
2025-06-09,SKU0180,47,0,9,111
2025-06-16,SKU0180,0,0,9,152
2025-06-23,SKU0180,0,64,9,91
2025-06-30,SKU0180,0,66,9,136
2025-07-07,SKU0180,99,5,9,193
2025-07-14,SKU0180,35,0,9,157
2025-07-21,SKU0180,0,0,9,148
2025-07-28,SKU0180,0,0,9,105
2025-08-04,SKU0180,69,2,9,136
2025-08-11,SKU0180,13,90,9,131
2025-08-18,SKU0180,0,0,9,93
2025-08-25,SKU0180,0,0,9,108
2025-09-01,SKU0180,0,0,9,116
2025-09-08,SKU0180,0,57,9,99
2025-09-15,SKU0180,0,0,9,113
2025-09-22,SKU0180,53,21,9,143
2025-09-29,SKU0180,9,0,9,129
2025-10-06,SKU0180,0,0,9,130
2025-10-13,SKU0180,0,150,9,167
2025-10-20,SKU0180,0,0,9,244
2025-10-27,SKU0180,82,8,9,205
2025-11-03,SKU0180,11,0,9,150
2025-11-10,SKU0180,88,22,9,181
2025-11-17,SKU0180,5,0,9,230
2025-11-24,SKU0180,0,0,9,185
2025-12-01,SKU0180,0,0,9,165
2025-12-08,SKU0180,0,0,9,162
2025-12-15,SKU0180,0,0,9,149
2025-12-22,SKU0180,193,37,9,175
2025-12-29,SKU0180,171,0,9,49
2024-01-01,SKU0181,427,101,9,133
2024-01-08,SKU0181,377,0,9,110
2024-01-15,SKU0181,334,0,9,110
2024-01-22,SKU0181,296,0,9,88
2024-01-29,SKU0181,316,3,9,104
2024-02-05,SKU0181,391,4,9,120
2024-02-12,SKU0181,330,0,9,162
2024-02-19,SKU0181,357,5,9,101
2024-02-26,SKU0181,301,0,9,152
2024-03-04,SKU0181,321,2,9,179
2024-03-11,SKU0181,256,74,9,165
2024-03-18,SKU0181,162,152,9,250
2024-03-25,SKU0181,176,18,9,155
2024-04-01,SKU0181,132,0,9,130
2024-04-08,SKU0181,72,64,9,132
2024-04-15,SKU0181,2,0,9,186
2024-04-22,SKU0181,0,0,9,124
2024-04-29,SKU0181,84,29,9,144
2024-05-06,SKU0181,23,0,9,162
2024-05-13,SKU0181,0,0,9,121
2024-05-20,SKU0181,170,48,9,174
2024-05-27,SKU0181,107,0,9,167
2024-06-03,SKU0181,56,158,9,126
2024-06-10,SKU0181,89,8,9,123
2024-06-17,SKU0181,42,0,9,110
2024-06-24,SKU0181,0,0,9,122
2024-07-01,SKU0181,0,80,9,169
2024-07-08,SKU0181,0,181,9,159
2024-07-15,SKU0181,168,25,9,145
2024-07-22,SKU0181,121,0,9,137
2024-07-29,SKU0181,126,9,9,125
2024-08-05,SKU0181,72,0,9,139
2024-08-12,SKU0181,72,2,9,121
2024-08-19,SKU0181,7,0,9,141
2024-08-26,SKU0181,0,0,9,165
2024-09-02,SKU0181,0,0,9,153
2024-09-09,SKU0181,0,0,9,173
2024-09-16,SKU0181,0,0,9,107
2024-09-23,SKU0181,0,0,9,136
2024-09-30,SKU0181,0,0,9,150
2024-10-07,SKU0181,0,125,9,164
2024-10-14,SKU0181,0,226,9,196
2024-10-21,SKU0181,0,0,9,216
2024-10-28,SKU0181,161,26,9,249
2024-11-04,SKU0181,77,250,9,197
2024-11-11,SKU0181,5,0,9,173
2024-11-18,SKU0181,0,91,9,189
2024-11-25,SKU0181,0,209,9,242
2024-12-02,SKU0181,152,6,9,162
2024-12-09,SKU0181,215,7,9,112
2024-12-16,SKU0181,113,0,9,258
2024-12-23,SKU0181,44,0,9,195
2024-12-30,SKU0181,127,6,9,146
2025-01-06,SKU0181,60,187,9,148
2025-01-13,SKU0181,11,100,9,122
2025-01-20,SKU0181,0,105,9,129
2025-01-27,SKU0181,0,146,9,137
2025-02-03,SKU0181,0,0,9,133
2025-02-10,SKU0181,0,0,9,153
2025-02-17,SKU0181,0,0,9,110
2025-02-24,SKU0181,0,0,9,182
2025-03-03,SKU0181,0,0,9,180
2025-03-10,SKU0181,0,0,9,178
2025-03-17,SKU0181,0,0,9,203
2025-03-24,SKU0181,0,0,9,172
2025-03-31,SKU0181,0,123,9,117
2025-04-07,SKU0181,106,1,9,151
2025-04-14,SKU0181,58,0,9,119
2025-04-21,SKU0181,0,0,9,214
2025-04-28,SKU0181,205,1,9,183
2025-05-05,SKU0181,137,81,9,166
2025-05-12,SKU0181,256,18,9,177
2025-05-19,SKU0181,193,0,9,175
2025-05-26,SKU0181,127,0,9,198
2025-06-02,SKU0181,68,0,9,159
2025-06-09,SKU0181,18,0,9,140
2025-06-16,SKU0181,0,0,9,146
2025-06-23,SKU0181,0,0,9,145
2025-06-30,SKU0181,101,43,9,223
2025-07-07,SKU0181,21,0,9,188
2025-07-14,SKU0181,0,0,9,167
2025-07-21,SKU0181,166,18,9,141
2025-07-28,SKU0181,112,0,9,149
2025-08-04,SKU0181,48,0,9,154
2025-08-11,SKU0181,0,137,9,171
2025-08-18,SKU0181,114,4,9,154
2025-08-25,SKU0181,58,0,9,146
2025-09-01,SKU0181,12,0,9,128
2025-09-08,SKU0181,0,0,9,148
2025-09-15,SKU0181,0,0,9,189
2025-09-22,SKU0181,67,11,9,128
2025-09-29,SKU0181,124,34,9,166
2025-10-06,SKU0181,247,14,9,185
2025-10-13,SKU0181,168,0,9,175
2025-10-20,SKU0181,60,309,9,284
2025-10-27,SKU0181,112,25,9,285
2025-11-03,SKU0181,46,0,9,193
2025-11-10,SKU0181,0,0,9,199
2025-11-17,SKU0181,0,195,9,193
2025-11-24,SKU0181,0,0,9,218
2025-12-01,SKU0181,0,0,9,180
2025-12-08,SKU0181,0,0,9,185
2025-12-15,SKU0181,0,0,9,199
2025-12-22,SKU0181,0,0,9,200
2025-12-29,SKU0181,0,0,9,105
2024-01-01,SKU0182,533,186,8,141
2024-01-08,SKU0182,472,0,8,151
2024-01-15,SKU0182,476,28,8,127
2024-01-22,SKU0182,429,0,8,100
2024-01-29,SKU0182,460,5,8,124
2024-02-05,SKU0182,471,3,8,115
2024-02-12,SKU0182,439,109,8,83
2024-02-19,SKU0182,390,0,8,133
2024-02-26,SKU0182,324,0,8,181
2024-03-04,SKU0182,268,0,8,146
2024-03-11,SKU0182,212,0,8,150
2024-03-18,SKU0182,151,136,8,166
2024-03-25,SKU0182,92,148,8,142
2024-04-01,SKU0182,31,0,8,122
2024-04-08,SKU0182,0,0,8,144
2024-04-15,SKU0182,0,129,8,126
2024-04-22,SKU0182,0,0,8,139
2024-04-29,SKU0182,0,0,8,162
2024-05-06,SKU0182,0,0,8,127
2024-05-13,SKU0182,0,0,8,119
2024-05-20,SKU0182,0,0,8,140
2024-05-27,SKU0182,0,0,8,134
2024-06-03,SKU0182,0,0,8,155
2024-06-10,SKU0182,115,41,8,143
2024-06-17,SKU0182,48,88,8,140
2024-06-24,SKU0182,0,0,8,157
2024-07-01,SKU0182,0,0,8,236
2024-07-08,SKU0182,0,0,8,131
2024-07-15,SKU0182,0,146,8,140
2024-07-22,SKU0182,0,0,8,125
2024-07-29,SKU0182,0,0,8,184
2024-08-05,SKU0182,0,0,8,132
2024-08-12,SKU0182,0,0,8,163
2024-08-19,SKU0182,0,0,8,124
2024-08-26,SKU0182,0,0,8,115
2024-09-02,SKU0182,81,33,8,150
2024-09-09,SKU0182,19,161,8,133
2024-09-16,SKU0182,0,0,8,128
2024-09-23,SKU0182,0,0,8,128
2024-09-30,SKU0182,0,0,8,227
2024-10-07,SKU0182,0,0,8,211
2024-10-14,SKU0182,0,0,8,139
2024-10-21,SKU0182,0,0,8,175
2024-10-28,SKU0182,161,37,8,226
2024-11-04,SKU0182,82,223,8,189
2024-11-11,SKU0182,0,201,8,195
2024-11-18,SKU0182,0,222,8,220
2024-11-25,SKU0182,0,0,8,278
2024-12-02,SKU0182,0,0,8,159
2024-12-09,SKU0182,0,0,8,251
2024-12-16,SKU0182,0,0,8,202
2024-12-23,SKU0182,0,98,8,229
2024-12-30,SKU0182,66,17,8,172
2025-01-06,SKU0182,8,122,8,154
2025-01-13,SKU0182,0,0,8,74
2025-01-20,SKU0182,0,0,8,105
2025-01-27,SKU0182,40,14,8,126
2025-02-03,SKU0182,0,98,8,138
2025-02-10,SKU0182,148,9,8,164
2025-02-17,SKU0182,108,0,8,100
2025-02-24,SKU0182,54,87,8,146
2025-03-03,SKU0182,0,138,8,190
2025-03-10,SKU0182,193,21,8,218
2025-03-17,SKU0182,110,0,8,204
2025-03-24,SKU0182,129,16,8,127
2025-03-31,SKU0182,63,0,8,159
2025-04-07,SKU0182,10,174,8,133
2025-04-14,SKU0182,0,0,8,134
2025-04-21,SKU0182,0,0,8,167
2025-04-28,SKU0182,66,28,8,143
2025-05-05,SKU0182,11,169,8,141
2025-05-12,SKU0182,0,0,8,115
2025-05-19,SKU0182,74,17,8,172
2025-05-26,SKU0182,0,0,8,177
2025-06-02,SKU0182,0,0,8,149
2025-06-09,SKU0182,0,0,8,190
2025-06-16,SKU0182,0,62,8,134
2025-06-23,SKU0182,0,165,8,170
2025-06-30,SKU0182,0,0,8,241
2025-07-07,SKU0182,120,7,8,182
2025-07-14,SKU0182,55,0,8,149
2025-07-21,SKU0182,0,0,8,158
2025-07-28,SKU0182,0,131,8,150
2025-08-04,SKU0182,0,0,8,205
2025-08-11,SKU0182,0,0,8,164
2025-08-18,SKU0182,143,36,8,142
2025-08-25,SKU0182,173,15,8,115
2025-09-01,SKU0182,103,0,8,158
2025-09-08,SKU0182,23,0,8,203
2025-09-15,SKU0182,173,1,8,146
2025-09-22,SKU0182,124,80,8,135
2025-09-29,SKU0182,252,3,8,177
2025-10-06,SKU0182,184,0,8,144
2025-10-13,SKU0182,93,190,8,262
2025-10-20,SKU0182,0,0,8,225
2025-10-27,SKU0182,0,0,8,219
2025-11-03,SKU0182,0,0,8,252
2025-11-10,SKU0182,0,0,8,173
2025-11-17,SKU0182,0,0,8,198
2025-11-24,SKU0182,0,0,8,182
2025-12-01,SKU0182,0,0,8,201
2025-12-08,SKU0182,0,0,8,200
2025-12-15,SKU0182,90,22,8,204
2025-12-22,SKU0182,0,0,8,238
2025-12-29,SKU0182,0,77,8,83
2024-01-01,SKU0183,276,19,10,115
2024-01-08,SKU0183,252,0,10,68
2024-01-15,SKU0183,299,2,10,81
2024-01-22,SKU0183,261,0,10,94
2024-01-29,SKU0183,212,78,10,120
2024-02-05,SKU0183,163,0,10,149
2024-02-12,SKU0183,122,0,10,105
2024-02-19,SKU0183,89,0,10,86
2024-02-26,SKU0183,116,12,10,94
2024-03-04,SKU0183,73,0,10,122
2024-03-11,SKU0183,27,0,10,114
2024-03-18,SKU0183,0,0,10,140
2024-03-25,SKU0183,0,0,10,104
2024-04-01,SKU0183,0,0,10,107
2024-04-08,SKU0183,106,5,10,156
2024-04-15,SKU0183,61,132,10,131
2024-04-22,SKU0183,26,114,10,96
2024-04-29,SKU0183,0,0,10,158
2024-05-06,SKU0183,0,89,10,123
2024-05-13,SKU0183,0,0,10,113
2024-05-20,SKU0183,115,37,10,139
2024-05-27,SKU0183,79,0,10,108
2024-06-03,SKU0183,39,0,10,103
2024-06-10,SKU0183,0,71,10,91
2024-06-17,SKU0183,0,0,10,113
2024-06-24,SKU0183,65,14,10,102
2024-07-01,SKU0183,0,0,10,199
2024-07-08,SKU0183,42,3,10,123
2024-07-15,SKU0183,4,0,10,90
2024-07-22,SKU0183,0,0,10,145
2024-07-29,SKU0183,0,92,10,136
2024-08-05,SKU0183,0,109,10,124
2024-08-12,SKU0183,0,0,10,110
2024-08-19,SKU0183,0,0,10,96
2024-08-26,SKU0183,0,0,10,120
2024-09-02,SKU0183,0,0,10,108
2024-09-09,SKU0183,0,0,10,124
2024-09-16,SKU0183,0,0,10,163
2024-09-23,SKU0183,0,0,10,146
2024-09-30,SKU0183,0,0,10,114
2024-10-07,SKU0183,0,0,10,130
2024-10-14,SKU0183,97,27,10,142
2024-10-21,SKU0183,20,96,10,201
2024-10-28,SKU0183,0,126,10,161
2024-11-04,SKU0183,0,0,10,167
2024-11-11,SKU0183,161,58,10,170
2024-11-18,SKU0183,98,0,10,178
2024-11-25,SKU0183,223,29,10,225
2024-12-02,SKU0183,146,99,10,187
2024-12-09,SKU0183,93,0,10,132
2024-12-16,SKU0183,35,0,10,136
2024-12-23,SKU0183,0,139,10,145
2024-12-30,SKU0183,0,0,10,113
2025-01-06,SKU0183,0,0,10,110
2025-01-13,SKU0183,0,75,10,99
2025-01-20,SKU0183,0,85,10,144
2025-01-27,SKU0183,0,103,10,101
2025-02-03,SKU0183,0,0,10,107
2025-02-10,SKU0183,0,88,10,110
2025-02-17,SKU0183,0,0,10,135
2025-02-24,SKU0183,0,0,10,100
2025-03-03,SKU0183,0,0,10,89
2025-03-10,SKU0183,142,14,10,161
2025-03-17,SKU0183,88,0,10,135
2025-03-24,SKU0183,45,0,10,115
2025-03-31,SKU0183,7,0,10,93
2025-04-07,SKU0183,63,18,10,139
2025-04-14,SKU0183,20,68,10,119
2025-04-21,SKU0183,0,0,10,142
2025-04-28,SKU0183,0,0,10,90
2025-05-05,SKU0183,0,0,10,104
2025-05-12,SKU0183,66,12,10,109
2025-05-19,SKU0183,33,40,10,88
2025-05-26,SKU0183,65,9,10,125
2025-06-02,SKU0183,24,0,10,108
2025-06-09,SKU0183,0,0,10,157
2025-06-16,SKU0183,0,0,10,135
2025-06-23,SKU0183,0,0,10,113
2025-06-30,SKU0183,0,0,10,204
2025-07-07,SKU0183,0,0,10,191
2025-07-14,SKU0183,0,0,10,112
2025-07-21,SKU0183,0,0,10,118
2025-07-28,SKU0183,101,10,10,150
2025-08-04,SKU0183,45,0,10,158
2025-08-11,SKU0183,0,0,10,139
2025-08-18,SKU0183,0,0,10,122
2025-08-25,SKU0183,0,0,10,162
2025-09-01,SKU0183,125,6,10,158
2025-09-08,SKU0183,79,66,10,118
2025-09-15,SKU0183,29,107,10,145
2025-09-22,SKU0183,0,101,10,123
2025-09-29,SKU0183,48,15,10,122
2025-10-06,SKU0183,109,8,10,167
2025-10-13,SKU0183,44,0,10,186
2025-10-20,SKU0183,0,0,10,242
2025-10-27,SKU0183,0,0,10,162
2025-11-03,SKU0183,0,0,10,202
2025-11-10,SKU0183,0,0,10,150
2025-11-17,SKU0183,0,0,10,147
2025-11-24,SKU0183,0,100,10,199
2025-12-01,SKU0183,0,0,10,172
2025-12-08,SKU0183,0,0,10,160
2025-12-15,SKU0183,61,8,10,170
2025-12-22,SKU0183,0,0,10,169
2025-12-29,SKU0183,0,0,10,71
2024-01-01,SKU0184,240,0,14,149
2024-01-08,SKU0184,200,0,14,146
2024-01-15,SKU0184,191,15,14,162
2024-01-22,SKU0184,191,18,14,167
2024-01-29,SKU0184,146,0,14,139
2024-02-05,SKU0184,105,0,14,163
2024-02-12,SKU0184,62,0,14,174
2024-02-19,SKU0184,14,0,14,179
2024-02-26,SKU0184,0,0,14,168
2024-03-04,SKU0184,0,0,14,182
2024-03-11,SKU0184,116,22,14,168
2024-03-18,SKU0184,54,0,14,209
2024-03-25,SKU0184,0,0,14,202
2024-04-01,SKU0184,0,0,14,109
2024-04-08,SKU0184,0,137,14,124
2024-04-15,SKU0184,0,0,14,158
2024-04-22,SKU0184,0,0,14,153
2024-04-29,SKU0184,0,0,14,169
2024-05-06,SKU0184,0,107,14,189
2024-05-13,SKU0184,110,34,14,203
2024-05-20,SKU0184,54,0,14,179
2024-05-27,SKU0184,6,0,14,149
2024-06-03,SKU0184,86,28,14,156
2024-06-10,SKU0184,33,0,14,152
2024-06-17,SKU0184,0,0,14,204
2024-06-24,SKU0184,0,0,14,154
2024-07-01,SKU0184,0,0,14,216
2024-07-08,SKU0184,0,0,14,174
2024-07-15,SKU0184,0,0,14,189
2024-07-22,SKU0184,0,0,14,124
2024-07-29,SKU0184,0,0,14,158
2024-08-05,SKU0184,163,34,14,229
2024-08-12,SKU0184,108,57,14,157
2024-08-19,SKU0184,69,118,14,111
2024-08-26,SKU0184,16,0,14,214
2024-09-02,SKU0184,90,19,14,167
2024-09-09,SKU0184,154,11,14,170
2024-09-16,SKU0184,107,0,14,130
2024-09-23,SKU0184,133,23,14,193
2024-09-30,SKU0184,148,11,14,191
2024-10-07,SKU0184,100,0,14,142
2024-10-14,SKU0184,40,0,14,197
2024-10-21,SKU0184,76,10,14,265
2024-10-28,SKU0184,0,0,14,269
2024-11-04,SKU0184,0,0,14,246
2024-11-11,SKU0184,60,3,14,208
2024-11-18,SKU0184,0,0,14,236
2024-11-25,SKU0184,0,134,14,256
2024-12-02,SKU0184,0,0,14,230
2024-12-09,SKU0184,0,0,14,142
2024-12-16,SKU0184,0,0,14,237
2024-12-23,SKU0184,0,73,14,228
2024-12-30,SKU0184,0,0,14,191
2025-01-06,SKU0184,0,0,14,144
2025-01-13,SKU0184,134,2,14,173
2025-01-20,SKU0184,91,0,14,169
2025-01-27,SKU0184,42,0,14,164
2025-02-03,SKU0184,8,0,14,126
2025-02-10,SKU0184,0,0,14,121
2025-02-17,SKU0184,0,137,14,156
2025-02-24,SKU0184,0,0,14,169
2025-03-03,SKU0184,105,13,14,222
2025-03-10,SKU0184,38,0,14,193
2025-03-17,SKU0184,185,43,14,225
2025-03-24,SKU0184,136,0,14,175
2025-03-31,SKU0184,131,13,14,195
2025-04-07,SKU0184,159,23,14,160
2025-04-14,SKU0184,220,40,14,194
2025-04-21,SKU0184,277,10,14,155
2025-04-28,SKU0184,230,0,14,154
2025-05-05,SKU0184,187,0,14,160
2025-05-12,SKU0184,130,0,14,197
2025-05-19,SKU0184,77,0,14,209
2025-05-26,SKU0184,26,0,14,183
2025-06-02,SKU0184,0,0,14,175
2025-06-09,SKU0184,0,0,14,183
2025-06-16,SKU0184,0,0,14,151
2025-06-23,SKU0184,0,0,14,184
2025-06-30,SKU0184,0,0,14,249
2025-07-07,SKU0184,0,193,14,218
2025-07-14,SKU0184,0,153,14,162
2025-07-21,SKU0184,0,0,14,200
2025-07-28,SKU0184,0,123,14,194
2025-08-04,SKU0184,0,0,14,156
2025-08-11,SKU0184,0,0,14,189
2025-08-18,SKU0184,101,35,14,187
2025-08-25,SKU0184,139,21,14,166
2025-09-01,SKU0184,79,0,14,200
2025-09-08,SKU0184,135,44,14,175
2025-09-15,SKU0184,97,0,14,154
2025-09-22,SKU0184,39,0,14,193
2025-09-29,SKU0184,71,27,14,207
2025-10-06,SKU0184,4,95,14,190
2025-10-13,SKU0184,0,0,14,213
2025-10-20,SKU0184,125,49,14,330
2025-10-27,SKU0184,53,0,14,269
2025-11-03,SKU0184,0,0,14,253
2025-11-10,SKU0184,0,0,14,146
2025-11-17,SKU0184,0,0,14,205
2025-11-24,SKU0184,138,42,14,249
2025-12-01,SKU0184,47,0,14,280
2025-12-08,SKU0184,0,0,14,242
2025-12-15,SKU0184,0,0,14,281
2025-12-22,SKU0184,0,0,14,263
2025-12-29,SKU0184,0,67,14,96
2024-01-01,SKU0185,20,2,8,16
2024-01-08,SKU0185,18,0,8,15
2024-01-15,SKU0185,25,1,8,16
2024-01-22,SKU0185,18,0,8,19
2024-01-29,SKU0185,14,0,8,15
2024-02-05,SKU0185,8,0,8,16
2024-02-12,SKU0185,4,0,8,16
2024-02-19,SKU0185,1,0,8,15
2024-02-26,SKU0185,0,0,8,16
2024-03-04,SKU0185,0,3,8,15
2024-03-11,SKU0185,0,0,8,17
2024-03-18,SKU0185,0,0,8,17
2024-03-25,SKU0185,0,0,8,17
2024-04-01,SKU0185,24,1,8,19
2024-04-08,SKU0185,20,12,8,16
2024-04-15,SKU0185,24,2,8,16
2024-04-22,SKU0185,22,0,8,15
2024-04-29,SKU0185,16,0,8,13
2024-05-06,SKU0185,14,0,8,15
2024-05-13,SKU0185,11,0,8,13
2024-05-20,SKU0185,12,2,8,15
2024-05-27,SKU0185,27,6,8,25
2024-06-03,SKU0185,21,0,8,15
2024-06-10,SKU0185,22,1,8,15
2024-06-17,SKU0185,20,0,8,15
2024-06-24,SKU0185,13,0,8,18
2024-07-01,SKU0185,10,7,8,15
2024-07-08,SKU0185,6,0,8,17
2024-07-15,SKU0185,1,0,8,17
2024-07-22,SKU0185,0,0,8,15
2024-07-29,SKU0185,0,0,8,14
2024-08-05,SKU0185,5,1,8,15
2024-08-12,SKU0185,4,3,8,16
2024-08-19,SKU0185,2,0,8,14
2024-08-26,SKU0185,0,0,8,14
2024-09-02,SKU0185,0,0,8,15
2024-09-09,SKU0185,0,0,8,15
2024-09-16,SKU0185,0,5,8,15
2024-09-23,SKU0185,0,0,8,13
2024-09-30,SKU0185,0,0,8,17
2024-10-07,SKU0185,0,0,8,15
2024-10-14,SKU0185,0,0,8,18
2024-10-21,SKU0185,0,0,8,21
2024-10-28,SKU0185,0,0,8,21
2024-11-04,SKU0185,0,13,8,15
2024-11-11,SKU0185,13,2,8,15
2024-11-18,SKU0185,6,0,8,22
2024-11-25,SKU0185,0,19,8,19
2024-12-02,SKU0185,0,13,8,25
2024-12-09,SKU0185,15,2,8,25
2024-12-16,SKU0185,7,0,8,20
2024-12-23,SKU0185,2,14,8,15
2024-12-30,SKU0185,0,0,8,16
2025-01-06,SKU0185,0,0,8,16
2025-01-13,SKU0185,7,3,8,15
2025-01-20,SKU0185,2,0,8,17
2025-01-27,SKU0185,0,0,8,20
2025-02-03,SKU0185,0,0,8,17
2025-02-10,SKU0185,0,0,8,16
2025-02-17,SKU0185,0,0,8,14
2025-02-24,SKU0185,7,1,8,16
2025-03-03,SKU0185,1,0,8,16
2025-03-10,SKU0185,0,12,8,15
2025-03-17,SKU0185,0,11,8,20
2025-03-24,SKU0185,12,5,8,15
2025-03-31,SKU0185,8,0,8,15
2025-04-07,SKU0185,8,0,8,13
2025-04-14,SKU0185,4,0,8,17
2025-04-21,SKU0185,0,0,8,22
2025-04-28,SKU0185,0,0,8,13
2025-05-05,SKU0185,0,0,8,17
2025-05-12,SKU0185,0,0,8,13
2025-05-19,SKU0185,0,0,8,17
2025-05-26,SKU0185,13,2,8,15
2025-06-02,SKU0185,14,1,8,13
2025-06-09,SKU0185,14,0,8,14
2025-06-16,SKU0185,13,0,8,14
2025-06-23,SKU0185,9,0,8,16
2025-06-30,SKU0185,5,0,8,15
2025-07-07,SKU0185,0,0,8,15
2025-07-14,SKU0185,0,0,8,22
2025-07-21,SKU0185,0,0,8,17
2025-07-28,SKU0185,0,0,8,17
2025-08-04,SKU0185,2,1,8,16
2025-08-11,SKU0185,0,32,8,30
2025-08-18,SKU0185,0,1,8,16
2025-08-25,SKU0185,0,0,8,16
2025-09-01,SKU0185,0,0,8,17
2025-09-08,SKU0185,11,1,8,15
2025-09-15,SKU0185,3,0,8,20
2025-09-22,SKU0185,8,1,8,17
2025-09-29,SKU0185,0,0,8,22
2025-10-06,SKU0185,0,9,8,16
2025-10-13,SKU0185,0,0,8,19
2025-10-20,SKU0185,0,0,8,33
2025-10-27,SKU0185,0,14,8,17
2025-11-03,SKU0185,18,2,8,16
2025-11-10,SKU0185,12,15,8,16
2025-11-17,SKU0185,9,0,8,17
2025-11-24,SKU0185,10,2,8,17
2025-12-01,SKU0185,5,0,8,16
2025-12-08,SKU0185,0,0,8,16
2025-12-15,SKU0185,0,0,8,23
2025-12-22,SKU0185,18,4,8,19
2025-12-29,SKU0185,21,2,8,16
2024-01-01,SKU0186,68,0,14,232
2024-01-08,SKU0186,21,81,14,158
2024-01-15,SKU0186,0,0,14,158
2024-01-22,SKU0186,75,5,14,159
2024-01-29,SKU0186,24,0,14,158
2024-02-05,SKU0186,0,0,14,228
2024-02-12,SKU0186,0,214,14,253
2024-02-19,SKU0186,0,152,14,220
2024-02-26,SKU0186,70,26,14,225
2024-03-04,SKU0186,75,24,14,197
2024-03-11,SKU0186,148,2,14,255
2024-03-18,SKU0186,188,24,14,281
2024-03-25,SKU0186,107,0,14,239
2024-04-01,SKU0186,132,7,14,244
2024-04-08,SKU0186,76,0,14,212
2024-04-15,SKU0186,22,0,14,196
2024-04-22,SKU0186,0,0,14,170
2024-04-29,SKU0186,0,0,14,158
2024-05-06,SKU0186,0,0,14,203
2024-05-13,SKU0186,0,0,14,213
2024-05-20,SKU0186,99,5,14,160
2024-05-27,SKU0186,35,0,14,248
2024-06-03,SKU0186,85,15,14,230
2024-06-10,SKU0186,36,0,14,163
2024-06-17,SKU0186,0,0,14,261
2024-06-24,SKU0186,0,150,14,268
2024-07-01,SKU0186,0,0,14,251
2024-07-08,SKU0186,0,0,14,289
2024-07-15,SKU0186,0,0,14,180
2024-07-22,SKU0186,87,29,14,173
2024-07-29,SKU0186,25,0,14,232
2024-08-05,SKU0186,0,0,14,272
2024-08-12,SKU0186,95,20,14,228
2024-08-19,SKU0186,27,0,14,226
2024-08-26,SKU0186,0,0,14,274
2024-09-02,SKU0186,0,0,14,268
2024-09-09,SKU0186,0,123,14,225
2024-09-16,SKU0186,0,0,14,233
2024-09-23,SKU0186,0,0,14,177
2024-09-30,SKU0186,57,2,14,199
2024-10-07,SKU0186,0,0,14,227
2024-10-14,SKU0186,89,19,14,210
2024-10-21,SKU0186,0,0,14,296
2024-10-28,SKU0186,0,0,14,409
2024-11-04,SKU0186,0,0,14,265
2024-11-11,SKU0186,0,0,14,177
2024-11-18,SKU0186,0,0,14,257
2024-11-25,SKU0186,0,0,14,360
2024-12-02,SKU0186,0,0,14,314
2024-12-09,SKU0186,0,0,14,268
2024-12-16,SKU0186,188,17,14,309
2024-12-23,SKU0186,97,209,14,316
2024-12-30,SKU0186,5,0,14,282
2025-01-06,SKU0186,0,0,14,172
2025-01-13,SKU0186,0,0,14,221
2025-01-20,SKU0186,0,0,14,189
2025-01-27,SKU0186,184,38,14,217
2025-02-03,SKU0186,124,0,14,250
2025-02-10,SKU0186,60,0,14,227
2025-02-17,SKU0186,0,144,14,199
2025-02-24,SKU0186,0,0,14,205
2025-03-03,SKU0186,0,0,14,237
2025-03-10,SKU0186,0,0,14,358
2025-03-17,SKU0186,0,0,14,273
2025-03-24,SKU0186,141,35,14,200
2025-03-31,SKU0186,72,0,14,258
2025-04-07,SKU0186,0,0,14,220
2025-04-14,SKU0186,206,34,14,250
2025-04-21,SKU0186,147,105,14,218
2025-04-28,SKU0186,67,93,14,286
2025-05-05,SKU0186,2,0,14,212
2025-05-12,SKU0186,0,0,14,227
2025-05-19,SKU0186,0,0,14,267
2025-05-26,SKU0186,0,0,14,216
2025-06-02,SKU0186,225,15,14,236
2025-06-09,SKU0186,320,57,14,305
2025-06-16,SKU0186,224,0,14,268
2025-06-23,SKU0186,152,0,14,250
2025-06-30,SKU0186,48,0,14,398
2025-07-07,SKU0186,129,33,14,242
2025-07-14,SKU0186,52,0,14,277
2025-07-21,SKU0186,0,0,14,267
2025-07-28,SKU0186,0,0,14,268
2025-08-04,SKU0186,0,127,14,225
2025-08-11,SKU0186,0,0,14,208
2025-08-18,SKU0186,0,116,14,223
2025-08-25,SKU0186,0,0,14,259
2025-09-01,SKU0186,0,98,14,220
2025-09-08,SKU0186,0,0,14,280
2025-09-15,SKU0186,0,0,14,216
2025-09-22,SKU0186,0,0,14,190
2025-09-29,SKU0186,203,24,14,330
2025-10-06,SKU0186,129,0,14,277
2025-10-13,SKU0186,32,126,14,356
2025-10-20,SKU0186,0,0,14,351
2025-10-27,SKU0186,160,60,14,451
2025-11-03,SKU0186,68,0,14,301
2025-11-10,SKU0186,0,0,14,275
2025-11-17,SKU0186,0,0,14,262
2025-11-24,SKU0186,0,0,14,451
2025-12-01,SKU0186,119,51,14,295
2025-12-08,SKU0186,126,7,14,235
2025-12-15,SKU0186,31,235,14,343
2025-12-22,SKU0186,0,216,14,307
2025-12-29,SKU0186,39,3,14,125
2024-01-01,SKU0187,62,0,11,66
2024-01-08,SKU0187,41,0,11,56
2024-01-15,SKU0187,26,51,11,54
2024-01-22,SKU0187,9,0,11,49
2024-01-29,SKU0187,0,0,11,70
2024-02-05,SKU0187,43,8,11,62
2024-02-12,SKU0187,34,29,11,25
2024-02-19,SKU0187,12,0,11,51
2024-02-26,SKU0187,0,0,11,46
2024-03-04,SKU0187,0,0,11,67
2024-03-11,SKU0187,0,0,11,80
2024-03-18,SKU0187,0,0,11,93
2024-03-25,SKU0187,0,0,11,78
2024-04-01,SKU0187,0,0,11,57
2024-04-08,SKU0187,0,0,11,49
2024-04-15,SKU0187,0,0,11,57
2024-04-22,SKU0187,22,3,11,55
2024-04-29,SKU0187,5,0,11,50
2024-05-06,SKU0187,0,0,11,67
2024-05-13,SKU0187,0,0,11,40
2024-05-20,SKU0187,0,0,11,64
2024-05-27,SKU0187,0,0,11,73
2024-06-03,SKU0187,28,1,11,45
2024-06-10,SKU0187,10,0,11,53
2024-06-17,SKU0187,50,5,11,66
2024-06-24,SKU0187,26,0,11,81
2024-07-01,SKU0187,69,5,11,72
2024-07-08,SKU0187,114,9,11,70
2024-07-15,SKU0187,93,0,11,57
2024-07-22,SKU0187,75,0,11,56
2024-07-29,SKU0187,116,9,11,59
2024-08-05,SKU0187,119,5,11,70
2024-08-12,SKU0187,106,0,11,46
2024-08-19,SKU0187,89,0,11,57
2024-08-26,SKU0187,72,0,11,45
2024-09-02,SKU0187,101,21,11,85
2024-09-09,SKU0187,81,20,11,54
2024-09-16,SKU0187,67,0,11,37
2024-09-23,SKU0187,45,0,11,65
2024-09-30,SKU0187,15,0,11,87
2024-10-07,SKU0187,0,0,11,70
2024-10-14,SKU0187,0,0,11,95
2024-10-21,SKU0187,0,0,11,75
2024-10-28,SKU0187,0,0,11,100
2024-11-04,SKU0187,0,0,11,78
2024-11-11,SKU0187,0,66,11,71
2024-11-18,SKU0187,56,21,11,85
2024-11-25,SKU0187,22,0,11,109
2024-12-02,SKU0187,0,104,11,99
2024-12-09,SKU0187,0,57,11,68
2024-12-16,SKU0187,0,0,11,71
2024-12-23,SKU0187,0,0,11,97
2024-12-30,SKU0187,0,0,11,106
2025-01-06,SKU0187,44,3,11,55
2025-01-13,SKU0187,31,0,11,39
2025-01-20,SKU0187,11,0,11,58
2025-01-27,SKU0187,0,0,11,63
2025-02-03,SKU0187,0,89,11,95
2025-02-10,SKU0187,36,13,11,53
2025-02-17,SKU0187,17,0,11,57
2025-02-24,SKU0187,0,0,11,73
2025-03-03,SKU0187,0,0,11,80
2025-03-10,SKU0187,50,2,11,60
2025-03-17,SKU0187,30,0,11,67
2025-03-24,SKU0187,7,0,11,67
2025-03-31,SKU0187,0,0,11,85
2025-04-07,SKU0187,0,0,11,49
2025-04-14,SKU0187,0,0,11,67
2025-04-21,SKU0187,0,0,11,80
2025-04-28,SKU0187,0,0,11,61
2025-05-05,SKU0187,0,0,11,63
2025-05-12,SKU0187,0,58,11,80
2025-05-19,SKU0187,0,0,11,72
2025-05-26,SKU0187,0,0,11,72
2025-06-02,SKU0187,0,0,11,55
2025-06-09,SKU0187,23,5,11,64
2025-06-16,SKU0187,44,6,11,66
2025-06-23,SKU0187,25,0,11,62
2025-06-30,SKU0187,24,5,11,57
2025-07-07,SKU0187,0,89,11,93
2025-07-14,SKU0187,0,0,11,76
2025-07-21,SKU0187,0,0,11,84
2025-07-28,SKU0187,52,21,11,63
2025-08-04,SKU0187,26,0,11,72
2025-08-11,SKU0187,69,26,11,98
2025-08-18,SKU0187,41,61,11,88
2025-08-25,SKU0187,17,0,11,60
2025-09-01,SKU0187,0,0,11,70
2025-09-08,SKU0187,0,21,11,50
2025-09-15,SKU0187,0,0,11,56
2025-09-22,SKU0187,0,0,11,71
2025-09-29,SKU0187,0,0,11,60
2025-10-06,SKU0187,0,0,11,101
2025-10-13,SKU0187,60,13,11,104
2025-10-20,SKU0187,27,0,11,103
2025-10-27,SKU0187,51,8,11,104
2025-11-03,SKU0187,89,4,11,86
2025-11-10,SKU0187,66,0,11,82
2025-11-17,SKU0187,42,0,11,72
2025-11-24,SKU0187,6,0,11,98
2025-12-01,SKU0187,56,15,11,71
2025-12-08,SKU0187,63,10,11,113
2025-12-15,SKU0187,16,0,11,117
2025-12-22,SKU0187,0,0,11,76
2025-12-29,SKU0187,14,7,11,44
2024-01-01,SKU0188,88,46,14,88
2024-01-08,SKU0188,61,0,14,89
2024-01-15,SKU0188,35,0,14,104
2024-01-22,SKU0188,9,0,14,87
2024-01-29,SKU0188,0,0,14,88
2024-02-05,SKU0188,0,0,14,78
2024-02-12,SKU0188,0,0,14,77
2024-02-19,SKU0188,0,0,14,100
2024-02-26,SKU0188,0,0,14,111
2024-03-04,SKU0188,0,0,14,75
2024-03-11,SKU0188,0,0,14,136
2024-03-18,SKU0188,71,22,14,113
2024-03-25,SKU0188,39,0,14,105
2024-04-01,SKU0188,56,18,14,76
2024-04-08,SKU0188,29,0,14,96
2024-04-15,SKU0188,0,0,14,97
2024-04-22,SKU0188,0,0,14,96
2024-04-29,SKU0188,0,0,14,84
2024-05-06,SKU0188,0,0,14,126
2024-05-13,SKU0188,0,59,14,96
2024-05-20,SKU0188,0,0,14,106
2024-05-27,SKU0188,0,0,14,69
2024-06-03,SKU0188,0,0,14,78
2024-06-10,SKU0188,0,0,14,84
2024-06-17,SKU0188,0,0,14,94
2024-06-24,SKU0188,52,12,14,115
2024-07-01,SKU0188,79,9,14,95
2024-07-08,SKU0188,28,0,14,154
2024-07-15,SKU0188,0,0,14,136
2024-07-22,SKU0188,0,0,14,126
2024-07-29,SKU0188,0,0,14,77
2024-08-05,SKU0188,0,0,14,108
2024-08-12,SKU0188,0,0,14,129
2024-08-19,SKU0188,0,89,14,110
2024-08-26,SKU0188,44,15,14,123
2024-09-02,SKU0188,79,1,14,93
2024-09-09,SKU0188,52,0,14,89
2024-09-16,SKU0188,15,0,14,123
2024-09-23,SKU0188,0,0,14,107
2024-09-30,SKU0188,26,4,14,85
2024-10-07,SKU0188,0,0,14,91
2024-10-14,SKU0188,0,62,14,100
2024-10-21,SKU0188,0,0,14,183
2024-10-28,SKU0188,0,86,14,150
2024-11-04,SKU0188,0,78,14,139
2024-11-11,SKU0188,0,98,14,104
2024-11-18,SKU0188,0,0,14,113
2024-11-25,SKU0188,0,0,14,138
2024-12-02,SKU0188,58,2,14,123
2024-12-09,SKU0188,17,80,14,127
2024-12-16,SKU0188,0,85,14,120
2024-12-23,SKU0188,0,114,14,138
2024-12-30,SKU0188,0,0,14,126
2025-01-06,SKU0188,0,0,14,65
2025-01-13,SKU0188,0,0,14,88
2025-01-20,SKU0188,0,0,14,83
2025-01-27,SKU0188,44,5,14,111
2025-02-03,SKU0188,21,0,14,85
2025-02-10,SKU0188,0,0,14,73
2025-02-17,SKU0188,0,0,14,120
2025-02-24,SKU0188,0,0,14,73
2025-03-03,SKU0188,0,0,14,82
2025-03-10,SKU0188,0,0,14,65
2025-03-17,SKU0188,0,0,14,157
2025-03-24,SKU0188,56,12,14,103
2025-03-31,SKU0188,84,19,14,84
2025-04-07,SKU0188,63,0,14,65
2025-04-14,SKU0188,28,0,14,106
2025-04-21,SKU0188,0,0,14,107
2025-04-28,SKU0188,0,0,14,111
2025-05-05,SKU0188,64,4,14,120
2025-05-12,SKU0188,21,0,14,167
2025-05-19,SKU0188,74,11,14,111
2025-05-26,SKU0188,40,75,14,123
2025-06-02,SKU0188,6,0,14,119
2025-06-09,SKU0188,30,3,14,82
2025-06-16,SKU0188,0,0,14,98
2025-06-23,SKU0188,0,0,14,101
2025-06-30,SKU0188,47,12,14,106
2025-07-07,SKU0188,15,77,14,105
2025-07-14,SKU0188,0,83,14,101
2025-07-21,SKU0188,0,0,14,121
2025-07-28,SKU0188,0,0,14,101
2025-08-04,SKU0188,0,103,14,115
2025-08-11,SKU0188,66,25,14,143
2025-08-18,SKU0188,43,28,14,75
2025-08-25,SKU0188,11,0,14,95
2025-09-01,SKU0188,0,0,14,100
2025-09-08,SKU0188,0,0,14,131
2025-09-15,SKU0188,0,0,14,111
2025-09-22,SKU0188,0,0,14,79
2025-09-29,SKU0188,0,0,14,105
2025-10-06,SKU0188,0,0,14,103
2025-10-13,SKU0188,40,14,14,160
2025-10-20,SKU0188,0,116,14,206
2025-10-27,SKU0188,0,0,14,182
2025-11-03,SKU0188,0,0,14,178
2025-11-10,SKU0188,0,0,14,138
2025-11-17,SKU0188,79,35,14,133
2025-11-24,SKU0188,24,0,14,217
2025-12-01,SKU0188,0,0,14,148
2025-12-08,SKU0188,0,0,14,119
2025-12-15,SKU0188,0,164,14,178
2025-12-22,SKU0188,0,0,14,108
2025-12-29,SKU0188,0,0,14,74
2024-01-01,SKU0189,110,0,10,74
2024-01-08,SKU0189,73,0,10,93
2024-01-15,SKU0189,35,0,10,121
2024-01-22,SKU0189,11,46,10,77
2024-01-29,SKU0189,0,0,10,98
2024-02-05,SKU0189,0,0,10,106
2024-02-12,SKU0189,0,0,10,105
2024-02-19,SKU0189,0,0,10,78
2024-02-26,SKU0189,0,78,10,95
2024-03-04,SKU0189,0,0,10,122
2024-03-11,SKU0189,0,0,10,148
2024-03-18,SKU0189,0,0,10,117
2024-03-25,SKU0189,0,0,10,70
2024-04-01,SKU0189,0,0,10,109
2024-04-08,SKU0189,0,97,10,93
2024-04-15,SKU0189,0,0,10,152
2024-04-22,SKU0189,0,0,10,107
2024-04-29,SKU0189,53,3,10,143
2024-05-06,SKU0189,105,28,10,160
2024-05-13,SKU0189,127,22,10,75
2024-05-20,SKU0189,80,0,10,105
2024-05-27,SKU0189,49,0,10,82
2024-06-03,SKU0189,96,1,10,111
2024-06-10,SKU0189,54,0,10,105
2024-06-17,SKU0189,8,118,10,101
2024-06-24,SKU0189,0,0,10,155
2024-07-01,SKU0189,101,29,10,102
2024-07-08,SKU0189,140,22,10,135
2024-07-15,SKU0189,177,25,10,156
2024-07-22,SKU0189,175,13,10,119
2024-07-29,SKU0189,133,0,10,109
2024-08-05,SKU0189,84,117,10,115
2024-08-12,SKU0189,48,0,10,121
2024-08-19,SKU0189,0,67,10,121
2024-08-26,SKU0189,0,0,10,115
2024-09-02,SKU0189,73,23,10,92
2024-09-09,SKU0189,74,9,10,91
2024-09-16,SKU0189,117,2,10,121
2024-09-23,SKU0189,61,127,10,172
2024-09-30,SKU0189,18,71,10,126
2024-10-07,SKU0189,0,0,10,164
2024-10-14,SKU0189,0,0,10,86
2024-10-21,SKU0189,0,0,10,179
2024-10-28,SKU0189,71,30,10,219
2024-11-04,SKU0189,33,90,10,121
2024-11-11,SKU0189,0,0,10,153
2024-11-18,SKU0189,0,0,10,153
2024-11-25,SKU0189,0,0,10,260
2024-12-02,SKU0189,0,0,10,199
2024-12-09,SKU0189,0,131,10,123
2024-12-16,SKU0189,0,0,10,172
2024-12-23,SKU0189,0,151,10,135
2024-12-30,SKU0189,0,148,10,128
2025-01-06,SKU0189,0,0,10,103
2025-01-13,SKU0189,84,12,10,90
2025-01-20,SKU0189,114,4,10,112
2025-01-27,SKU0189,73,0,10,122
2025-02-03,SKU0189,44,0,10,74
2025-02-10,SKU0189,5,0,10,100
2025-02-17,SKU0189,0,0,10,97
2025-02-24,SKU0189,74,22,10,107
2025-03-03,SKU0189,47,0,10,63
2025-03-10,SKU0189,0,0,10,179
2025-03-17,SKU0189,86,23,10,175
2025-03-24,SKU0189,153,25,10,120
2025-03-31,SKU0189,109,110,10,107
2025-04-07,SKU0189,69,0,10,109
2025-04-14,SKU0189,13,0,10,150
2025-04-21,SKU0189,0,93,10,132
2025-04-28,SKU0189,0,0,10,142
2025-05-05,SKU0189,133,7,10,137
2025-05-12,SKU0189,80,0,10,129
2025-05-19,SKU0189,31,0,10,135
2025-05-26,SKU0189,0,0,10,109
2025-06-02,SKU0189,0,0,10,91
2025-06-09,SKU0189,76,19,10,137
2025-06-16,SKU0189,30,0,10,127
2025-06-23,SKU0189,0,0,10,100
2025-06-30,SKU0189,0,0,10,168
2025-07-07,SKU0189,0,0,10,134
2025-07-14,SKU0189,86,21,10,89
2025-07-21,SKU0189,43,0,10,141
2025-07-28,SKU0189,0,0,10,112
2025-08-04,SKU0189,89,13,10,182
2025-08-11,SKU0189,121,6,10,112
2025-08-18,SKU0189,76,0,10,111
2025-08-25,SKU0189,28,100,10,129
2025-09-01,SKU0189,59,15,10,122
2025-09-08,SKU0189,6,0,10,123
2025-09-15,SKU0189,0,75,10,142
2025-09-22,SKU0189,0,0,10,110
2025-09-29,SKU0189,0,0,10,154
2025-10-06,SKU0189,0,0,10,161
2025-10-13,SKU0189,0,0,10,197
2025-10-20,SKU0189,0,0,10,245
2025-10-27,SKU0189,0,0,10,239
2025-11-03,SKU0189,0,0,10,178
2025-11-10,SKU0189,0,0,10,142
2025-11-17,SKU0189,0,0,10,201
2025-11-24,SKU0189,0,120,10,174
2025-12-01,SKU0189,0,0,10,203
2025-12-08,SKU0189,0,0,10,170
2025-12-15,SKU0189,93,5,10,191
2025-12-22,SKU0189,116,18,10,165
2025-12-29,SKU0189,88,0,10,86
2024-01-01,SKU0190,342,0,3,166
2024-01-08,SKU0190,249,0,3,163
2024-01-15,SKU0190,148,268,3,192
2024-01-22,SKU0190,43,0,3,167
2024-01-29,SKU0190,0,0,3,154
2024-02-05,SKU0190,135,9,3,173
2024-02-12,SKU0190,47,0,3,159
2024-02-19,SKU0190,0,0,3,156
2024-02-26,SKU0190,0,0,3,140
2024-03-04,SKU0190,0,0,3,185
2024-03-11,SKU0190,0,0,3,218
2024-03-18,SKU0190,264,4,3,243
2024-03-25,SKU0190,142,0,3,201
2024-04-01,SKU0190,22,0,3,188
2024-04-08,SKU0190,0,0,3,206
2024-04-15,SKU0190,0,287,3,173
2024-04-22,SKU0190,0,0,3,189
2024-04-29,SKU0190,300,20,3,167
2024-05-06,SKU0190,168,0,3,203
2024-05-13,SKU0190,65,0,3,145
2024-05-20,SKU0190,0,0,3,227
2024-05-27,SKU0190,0,0,3,172
2024-06-03,SKU0190,0,0,3,199
2024-06-10,SKU0190,0,0,3,205
2024-06-17,SKU0190,0,0,3,164
2024-06-24,SKU0190,0,0,3,200
2024-07-01,SKU0190,0,0,3,307
2024-07-08,SKU0190,0,0,3,215
2024-07-15,SKU0190,0,0,3,193
2024-07-22,SKU0190,0,0,3,144
2024-07-29,SKU0190,0,266,3,217
2024-08-05,SKU0190,0,0,3,219
2024-08-12,SKU0190,0,0,3,216
2024-08-19,SKU0190,0,0,3,233
2024-08-26,SKU0190,0,0,3,161
2024-09-02,SKU0190,0,245,3,150
2024-09-09,SKU0190,0,0,3,174
2024-09-16,SKU0190,0,0,3,202
2024-09-23,SKU0190,215,60,3,153
2024-09-30,SKU0190,101,0,3,213
2024-10-07,SKU0190,253,40,3,191
2024-10-14,SKU0190,141,338,3,207
2024-10-21,SKU0190,0,0,3,249
2024-10-28,SKU0190,204,54,3,350
2024-11-04,SKU0190,36,197,3,269
2024-11-11,SKU0190,0,0,3,249
2024-11-18,SKU0190,0,0,3,258
2024-11-25,SKU0190,0,0,3,381
2024-12-02,SKU0190,0,0,3,277
2024-12-09,SKU0190,208,62,3,256
2024-12-16,SKU0190,24,0,3,272
2024-12-23,SKU0190,0,0,3,265
2024-12-30,SKU0190,0,0,3,203
2025-01-06,SKU0190,0,0,3,182
2025-01-13,SKU0190,0,0,3,147
2025-01-20,SKU0190,0,0,3,160
2025-01-27,SKU0190,0,0,3,174
2025-02-03,SKU0190,185,40,3,195
2025-02-10,SKU0190,275,16,3,151
2025-02-17,SKU0190,147,328,3,168
2025-02-24,SKU0190,147,16,3,148
2025-03-03,SKU0190,44,0,3,145
2025-03-10,SKU0190,0,276,3,231
2025-03-17,SKU0190,0,0,3,189
2025-03-24,SKU0190,0,0,3,231
2025-03-31,SKU0190,0,0,3,214
2025-04-07,SKU0190,0,233,3,221
2025-04-14,SKU0190,0,0,3,203
2025-04-21,SKU0190,0,0,3,206
2025-04-28,SKU0190,0,0,3,200
2025-05-05,SKU0190,0,0,3,178
2025-05-12,SKU0190,0,0,3,257
2025-05-19,SKU0190,0,259,3,251
2025-05-26,SKU0190,0,0,3,209
2025-06-02,SKU0190,259,25,3,206
2025-06-09,SKU0190,151,0,3,199
2025-06-16,SKU0190,38,141,3,199
2025-06-23,SKU0190,282,45,3,167
2025-06-30,SKU0190,316,82,3,256
2025-07-07,SKU0190,160,0,3,257
2025-07-14,SKU0190,224,1,3,233
2025-07-21,SKU0190,350,95,3,220
2025-07-28,SKU0190,232,0,3,156
2025-08-04,SKU0190,106,0,3,212
2025-08-11,SKU0190,0,0,3,211
2025-08-18,SKU0190,0,0,3,210
2025-08-25,SKU0190,0,0,3,244
2025-09-01,SKU0190,0,0,3,166
2025-09-08,SKU0190,0,0,3,197
2025-09-15,SKU0190,0,0,3,172
2025-09-22,SKU0190,0,0,3,180
2025-09-29,SKU0190,135,50,3,218
2025-10-06,SKU0190,0,0,3,274
2025-10-13,SKU0190,0,0,3,300
2025-10-20,SKU0190,0,0,3,306
2025-10-27,SKU0190,0,365,3,329
2025-11-03,SKU0190,0,0,3,302
2025-11-10,SKU0190,0,0,3,233
2025-11-17,SKU0190,0,0,3,289
2025-11-24,SKU0190,0,0,3,434
2025-12-01,SKU0190,0,0,3,259
2025-12-08,SKU0190,0,0,3,280
2025-12-15,SKU0190,167,42,3,267
2025-12-22,SKU0190,0,0,3,322
2025-12-29,SKU0190,0,85,3,114
2024-01-01,SKU0191,113,0,11,37
2024-01-08,SKU0191,111,4,11,36
2024-01-15,SKU0191,119,1,11,27
2024-01-22,SKU0191,109,0,11,36
2024-01-29,SKU0191,95,0,11,37
2024-02-05,SKU0191,83,0,11,40
2024-02-12,SKU0191,68,29,11,37
2024-02-19,SKU0191,47,55,11,63
2024-02-26,SKU0191,66,11,11,63
2024-03-04,SKU0191,51,0,11,37
2024-03-11,SKU0191,35,22,11,51
2024-03-18,SKU0191,10,0,11,67
2024-03-25,SKU0191,0,35,11,47
2024-04-01,SKU0191,0,0,11,84
2024-04-08,SKU0191,0,0,11,57
2024-04-15,SKU0191,0,0,11,43
2024-04-22,SKU0191,0,0,11,47
2024-04-29,SKU0191,0,0,11,31
2024-05-06,SKU0191,0,0,11,45
2024-05-13,SKU0191,0,0,11,38
2024-05-20,SKU0191,0,0,11,68
2024-05-27,SKU0191,0,0,11,61
2024-06-03,SKU0191,0,0,11,47
2024-06-10,SKU0191,0,0,11,65
2024-06-17,SKU0191,0,0,11,42
2024-06-24,SKU0191,27,5,11,36
2024-07-01,SKU0191,6,0,11,61
2024-07-08,SKU0191,19,6,11,58
2024-07-15,SKU0191,0,0,11,50
2024-07-22,SKU0191,0,0,11,32
2024-07-29,SKU0191,0,0,11,70
2024-08-05,SKU0191,0,0,11,32
2024-08-12,SKU0191,30,10,11,40
2024-08-19,SKU0191,3,0,11,70
2024-08-26,SKU0191,0,0,11,91
2024-09-02,SKU0191,0,0,11,46
2024-09-09,SKU0191,0,0,11,60
2024-09-16,SKU0191,0,0,11,58
2024-09-23,SKU0191,0,39,11,75
2024-09-30,SKU0191,29,10,11,45
2024-10-07,SKU0191,8,0,11,53
2024-10-14,SKU0191,0,46,11,66
2024-10-21,SKU0191,0,0,11,69
2024-10-28,SKU0191,0,0,11,58
2024-11-04,SKU0191,0,75,11,96
2024-11-11,SKU0191,34,4,11,63
2024-11-18,SKU0191,14,68,11,69
2024-11-25,SKU0191,0,0,11,76
2024-12-02,SKU0191,0,0,11,71
2024-12-09,SKU0191,0,0,11,67
2024-12-16,SKU0191,39,14,11,77
2024-12-23,SKU0191,57,7,11,43
2024-12-30,SKU0191,41,0,11,54
2025-01-06,SKU0191,23,0,11,43
2025-01-13,SKU0191,7,0,11,48
2025-01-20,SKU0191,0,0,11,48
2025-01-27,SKU0191,0,0,11,61
2025-02-03,SKU0191,0,31,11,35
2025-02-10,SKU0191,39,14,11,45
2025-02-17,SKU0191,34,7,11,64
2025-02-24,SKU0191,17,0,11,51
2025-03-03,SKU0191,4,0,11,47
2025-03-10,SKU0191,0,0,11,48
2025-03-17,SKU0191,0,0,11,92
2025-03-24,SKU0191,21,2,11,54
2025-03-31,SKU0191,3,0,11,42
2025-04-07,SKU0191,13,4,11,24
2025-04-14,SKU0191,0,0,11,49
2025-04-21,SKU0191,20,2,11,54
2025-04-28,SKU0191,0,0,11,53
2025-05-05,SKU0191,0,42,11,37
2025-05-12,SKU0191,0,53,11,50
2025-05-19,SKU0191,0,0,11,56
2025-05-26,SKU0191,0,0,11,41
2025-06-02,SKU0191,0,0,11,62
2025-06-09,SKU0191,0,0,11,39
2025-06-16,SKU0191,0,0,11,51
2025-06-23,SKU0191,14,5,11,46
2025-06-30,SKU0191,0,0,11,70
2025-07-07,SKU0191,0,0,11,68
2025-07-14,SKU0191,0,0,11,71
2025-07-21,SKU0191,0,0,11,87
2025-07-28,SKU0191,0,0,11,43
2025-08-04,SKU0191,29,2,11,71
2025-08-11,SKU0191,14,0,11,38
2025-08-18,SKU0191,23,6,11,64
2025-08-25,SKU0191,23,1,11,30
2025-09-01,SKU0191,0,0,11,73
2025-09-08,SKU0191,0,0,11,48
2025-09-15,SKU0191,0,0,11,41
2025-09-22,SKU0191,36,13,11,65
2025-09-29,SKU0191,13,35,11,68
2025-10-06,SKU0191,0,0,11,47
2025-10-13,SKU0191,0,0,11,81
2025-10-20,SKU0191,0,0,11,85
2025-10-27,SKU0191,0,0,11,107
2025-11-03,SKU0191,0,0,11,113
2025-11-10,SKU0191,0,0,11,75
2025-11-17,SKU0191,0,0,11,72
2025-11-24,SKU0191,0,0,11,127
2025-12-01,SKU0191,0,0,11,94
2025-12-08,SKU0191,68,2,11,81
2025-12-15,SKU0191,44,0,11,78
2025-12-22,SKU0191,25,0,11,60
2025-12-29,SKU0191,18,0,11,23
2024-01-01,SKU0192,107,0,13,153
2024-01-08,SKU0192,106,9,13,106
2024-01-15,SKU0192,71,57,13,121
2024-01-22,SKU0192,94,11,13,110
2024-01-29,SKU0192,68,0,13,91
2024-02-05,SKU0192,27,0,13,139
2024-02-12,SKU0192,0,0,13,117
2024-02-19,SKU0192,32,12,13,96
2024-02-26,SKU0192,0,0,13,99
2024-03-04,SKU0192,62,18,13,83
2024-03-11,SKU0192,100,7,13,155
2024-03-18,SKU0192,60,0,13,104
2024-03-25,SKU0192,34,0,13,95
2024-04-01,SKU0192,0,0,13,172
2024-04-08,SKU0192,0,0,13,87
2024-04-15,SKU0192,93,7,13,152
2024-04-22,SKU0192,39,57,13,138
2024-04-29,SKU0192,3,0,13,114
2024-05-06,SKU0192,0,0,13,102
2024-05-13,SKU0192,0,0,13,97
2024-05-20,SKU0192,0,0,13,147
2024-05-27,SKU0192,91,10,13,91
2024-06-03,SKU0192,115,11,13,150
2024-06-10,SKU0192,73,0,13,126
2024-06-17,SKU0192,35,0,13,101
2024-06-24,SKU0192,98,32,13,137
2024-07-01,SKU0192,47,67,13,164
2024-07-08,SKU0192,6,133,13,139
2024-07-15,SKU0192,0,0,13,88
2024-07-22,SKU0192,0,0,13,144
2024-07-29,SKU0192,0,0,13,97
2024-08-05,SKU0192,0,0,13,110
2024-08-12,SKU0192,106,5,13,123
2024-08-19,SKU0192,63,0,13,135
2024-08-26,SKU0192,22,72,13,116
2024-09-02,SKU0192,0,0,13,119
2024-09-09,SKU0192,0,0,13,134
2024-09-16,SKU0192,0,0,13,106
2024-09-23,SKU0192,0,0,13,107
2024-09-30,SKU0192,0,0,13,137
2024-10-07,SKU0192,0,93,13,161
2024-10-14,SKU0192,0,0,13,171
2024-10-21,SKU0192,0,108,13,166
2024-10-28,SKU0192,0,0,13,249
2024-11-04,SKU0192,56,11,13,137
2024-11-11,SKU0192,20,0,13,101
2024-11-18,SKU0192,0,0,13,133
2024-11-25,SKU0192,0,82,13,192
2024-12-02,SKU0192,0,86,13,162
2024-12-09,SKU0192,0,0,13,168
2024-12-16,SKU0192,0,92,13,190
2024-12-23,SKU0192,53,10,13,182
2024-12-30,SKU0192,7,0,13,159
2025-01-06,SKU0192,0,0,13,127
2025-01-13,SKU0192,0,60,13,110
2025-01-20,SKU0192,0,0,13,90
2025-01-27,SKU0192,0,0,13,102
2025-02-03,SKU0192,0,0,13,145
2025-02-10,SKU0192,0,0,13,125
2025-02-17,SKU0192,0,0,13,104
2025-02-24,SKU0192,0,0,13,119
2025-03-03,SKU0192,53,4,13,119
2025-03-10,SKU0192,8,0,13,147
2025-03-17,SKU0192,0,0,13,209
2025-03-24,SKU0192,117,5,13,148
2025-03-31,SKU0192,71,0,13,150
2025-04-07,SKU0192,29,0,13,131
2025-04-14,SKU0192,0,56,13,146
2025-04-21,SKU0192,0,0,13,149
2025-04-28,SKU0192,78,19,13,130
2025-05-05,SKU0192,37,68,13,142
2025-05-12,SKU0192,54,10,13,145
2025-05-19,SKU0192,7,0,13,141
2025-05-26,SKU0192,0,110,13,189
2025-06-02,SKU0192,124,18,13,176
2025-06-09,SKU0192,161,13,13,128
2025-06-16,SKU0192,121,0,13,136
2025-06-23,SKU0192,80,60,13,127
2025-06-30,SKU0192,143,5,13,159
2025-07-07,SKU0192,90,0,13,198
2025-07-14,SKU0192,31,0,13,171
2025-07-21,SKU0192,0,0,13,161
2025-07-28,SKU0192,52,23,13,109
2025-08-04,SKU0192,0,0,13,141
2025-08-11,SKU0192,0,0,13,130
2025-08-18,SKU0192,0,0,13,132
2025-08-25,SKU0192,0,0,13,169
2025-09-01,SKU0192,0,0,13,113
2025-09-08,SKU0192,72,12,13,116
2025-09-15,SKU0192,13,0,13,216
2025-09-22,SKU0192,0,0,13,148
2025-09-29,SKU0192,0,0,13,138
2025-10-06,SKU0192,0,81,13,86
2025-10-13,SKU0192,0,64,13,154
2025-10-20,SKU0192,0,128,13,235
2025-10-27,SKU0192,105,7,13,187
2025-11-03,SKU0192,40,0,13,201
2025-11-10,SKU0192,0,0,13,179
2025-11-17,SKU0192,0,132,13,148
2025-11-24,SKU0192,0,0,13,258
2025-12-01,SKU0192,0,0,13,207
2025-12-08,SKU0192,159,26,13,200
2025-12-15,SKU0192,110,0,13,148
2025-12-22,SKU0192,207,4,13,170
2025-12-29,SKU0192,218,10,13,89
2024-01-01,SKU0193,258,0,5,45
2024-01-08,SKU0193,230,0,5,52
2024-01-15,SKU0193,206,0,5,47
2024-01-22,SKU0193,184,0,5,49
2024-01-29,SKU0193,148,0,5,64
2024-02-05,SKU0193,106,0,5,75
2024-02-12,SKU0193,75,0,5,59
2024-02-19,SKU0193,47,76,5,50
2024-02-26,SKU0193,13,0,5,69
2024-03-04,SKU0193,0,0,5,41
2024-03-11,SKU0193,0,0,5,71
2024-03-18,SKU0193,0,0,5,53
2024-03-25,SKU0193,0,0,5,73
2024-04-01,SKU0193,104,29,5,84
2024-04-08,SKU0193,129,14,5,60
2024-04-15,SKU0193,157,12,5,72
2024-04-22,SKU0193,122,0,5,62
2024-04-29,SKU0193,90,0,5,65
2024-05-06,SKU0193,61,0,5,45
2024-05-13,SKU0193,17,0,5,77
2024-05-20,SKU0193,0,0,5,73
2024-05-27,SKU0193,0,0,5,64
2024-06-03,SKU0193,0,0,5,97
2024-06-10,SKU0193,59,23,5,72
2024-06-17,SKU0193,30,89,5,58
2024-06-24,SKU0193,0,0,5,67
2024-07-01,SKU0193,69,8,5,74
2024-07-08,SKU0193,93,14,5,93
2024-07-15,SKU0193,59,0,5,56
2024-07-22,SKU0193,28,0,5,50
2024-07-29,SKU0193,0,0,5,51
2024-08-05,SKU0193,60,7,5,94
2024-08-12,SKU0193,5,0,5,114
2024-08-19,SKU0193,0,0,5,76
2024-08-26,SKU0193,0,0,5,104
2024-09-02,SKU0193,0,0,5,64
2024-09-09,SKU0193,0,0,5,61
2024-09-16,SKU0193,0,0,5,85
2024-09-23,SKU0193,0,76,5,69
2024-09-30,SKU0193,0,0,5,95
2024-10-07,SKU0193,74,8,5,80
2024-10-14,SKU0193,36,0,5,66
2024-10-21,SKU0193,0,182,5,122
2024-10-28,SKU0193,0,0,5,100
2024-11-04,SKU0193,0,0,5,107
2024-11-11,SKU0193,55,19,5,73
2024-11-18,SKU0193,4,0,5,90
2024-11-25,SKU0193,0,0,5,134
2024-12-02,SKU0193,73,1,5,130
2024-12-09,SKU0193,126,41,5,79
2024-12-16,SKU0193,70,0,5,115
2024-12-23,SKU0193,26,0,5,84
2024-12-30,SKU0193,0,65,5,56
2025-01-06,SKU0193,0,60,5,83
2025-01-13,SKU0193,43,6,5,50
2025-01-20,SKU0193,11,0,5,61
2025-01-27,SKU0193,0,0,5,58
2025-02-03,SKU0193,29,3,5,59
2025-02-10,SKU0193,0,0,5,51
2025-02-17,SKU0193,0,50,5,72
2025-02-24,SKU0193,79,8,5,71
2025-03-03,SKU0193,50,0,5,55
2025-03-10,SKU0193,16,0,5,60
2025-03-17,SKU0193,0,0,5,94
2025-03-24,SKU0193,0,0,5,65
2025-03-31,SKU0193,0,0,5,81
2025-04-07,SKU0193,0,0,5,57
2025-04-14,SKU0193,0,0,5,59
2025-04-21,SKU0193,0,0,5,64
2025-04-28,SKU0193,0,0,5,71
2025-05-05,SKU0193,0,0,5,69
2025-05-12,SKU0193,34,3,5,60
2025-05-19,SKU0193,0,0,5,78
2025-05-26,SKU0193,0,0,5,85
2025-06-02,SKU0193,0,0,5,59
2025-06-09,SKU0193,0,0,5,56
2025-06-16,SKU0193,0,0,5,80
2025-06-23,SKU0193,68,1,5,63
2025-06-30,SKU0193,8,93,5,105
2025-07-07,SKU0193,0,112,5,66
2025-07-14,SKU0193,0,64,5,97
2025-07-21,SKU0193,0,0,5,63
2025-07-28,SKU0193,0,0,5,80
2025-08-04,SKU0193,0,0,5,98
2025-08-11,SKU0193,0,0,5,107
2025-08-18,SKU0193,0,0,5,92
2025-08-25,SKU0193,0,112,5,77
2025-09-01,SKU0193,0,0,5,73
2025-09-08,SKU0193,0,0,5,74
2025-09-15,SKU0193,78,2,5,75
2025-09-22,SKU0193,40,0,5,81
2025-09-29,SKU0193,0,0,5,95
2025-10-06,SKU0193,0,129,5,94
2025-10-13,SKU0193,0,0,5,88
2025-10-20,SKU0193,0,106,5,111
2025-10-27,SKU0193,0,0,5,99
2025-11-03,SKU0193,0,0,5,87
2025-11-10,SKU0193,0,0,5,88
2025-11-17,SKU0193,0,0,5,83
2025-11-24,SKU0193,0,127,5,105
2025-12-01,SKU0193,0,0,5,121
2025-12-08,SKU0193,0,0,5,91
2025-12-15,SKU0193,0,0,5,112
2025-12-22,SKU0193,0,0,5,116
2025-12-29,SKU0193,0,45,5,48
2024-01-01,SKU0194,637,0,14,189
2024-01-08,SKU0194,569,0,14,227
2024-01-15,SKU0194,500,0,14,244
2024-01-22,SKU0194,439,0,14,220
2024-01-29,SKU0194,377,104,14,166
2024-02-05,SKU0194,322,0,14,217
2024-02-12,SKU0194,332,3,14,196
2024-02-19,SKU0194,253,0,14,219
2024-02-26,SKU0194,161,0,14,295
2024-03-04,SKU0194,84,99,14,247
2024-03-11,SKU0194,0,0,14,331
2024-03-18,SKU0194,0,0,14,317
2024-03-25,SKU0194,0,0,14,247
2024-04-01,SKU0194,0,0,14,296
2024-04-08,SKU0194,0,79,14,200
2024-04-15,SKU0194,164,54,14,331
2024-04-22,SKU0194,86,187,14,273
2024-04-29,SKU0194,8,0,14,245
2024-05-06,SKU0194,102,13,14,245
2024-05-13,SKU0194,141,3,14,299
2024-05-20,SKU0194,237,2,14,230
2024-05-27,SKU0194,161,0,14,232
2024-06-03,SKU0194,75,253,14,280
2024-06-10,SKU0194,0,232,14,280
2024-06-17,SKU0194,0,0,14,205
2024-06-24,SKU0194,0,0,14,278
2024-07-01,SKU0194,0,161,14,420
2024-07-08,SKU0194,174,59,14,331
2024-07-15,SKU0194,90,0,14,268
2024-07-22,SKU0194,0,0,14,273
2024-07-29,SKU0194,0,134,14,313
2024-08-05,SKU0194,0,0,14,272
2024-08-12,SKU0194,0,0,14,338
2024-08-19,SKU0194,0,0,14,288
2024-08-26,SKU0194,288,51,14,325
2024-09-02,SKU0194,356,33,14,274
2024-09-09,SKU0194,283,0,14,270
2024-09-16,SKU0194,198,0,14,298
2024-09-23,SKU0194,265,51,14,340
2024-09-30,SKU0194,321,9,14,376
2024-10-07,SKU0194,237,138,14,303
2024-10-14,SKU0194,142,0,14,288
2024-10-21,SKU0194,22,0,14,432
2024-10-28,SKU0194,0,0,14,451
2024-11-04,SKU0194,0,211,14,405
2024-11-11,SKU0194,0,119,14,355
2024-11-18,SKU0194,0,0,14,299
2024-11-25,SKU0194,0,0,14,429
2024-12-02,SKU0194,0,0,14,414
2024-12-09,SKU0194,0,0,14,371
2024-12-16,SKU0194,0,134,14,414
2024-12-23,SKU0194,0,0,14,488
2024-12-30,SKU0194,0,0,14,262
2025-01-06,SKU0194,0,0,14,282
2025-01-13,SKU0194,0,202,14,256
2025-01-20,SKU0194,0,0,14,342
2025-01-27,SKU0194,0,0,14,165
2025-02-03,SKU0194,121,1,14,295
2025-02-10,SKU0194,56,0,14,233
2025-02-17,SKU0194,0,0,14,286
2025-02-24,SKU0194,0,0,14,296
2025-03-03,SKU0194,0,0,14,286
2025-03-10,SKU0194,0,0,14,303
2025-03-17,SKU0194,257,77,14,438
2025-03-24,SKU0194,159,0,14,304
2025-03-31,SKU0194,54,0,14,392
2025-04-07,SKU0194,0,0,14,372
2025-04-14,SKU0194,231,12,14,313
2025-04-21,SKU0194,141,0,14,251
2025-04-28,SKU0194,47,0,14,313
2025-05-05,SKU0194,0,0,14,340
2025-05-12,SKU0194,0,0,14,230
2025-05-19,SKU0194,0,0,14,315
2025-05-26,SKU0194,0,0,14,346
2025-06-02,SKU0194,0,175,14,287
2025-06-09,SKU0194,0,152,14,246
2025-06-16,SKU0194,0,0,14,284
2025-06-23,SKU0194,0,0,14,295
2025-06-30,SKU0194,0,0,14,467
2025-07-07,SKU0194,0,0,14,300
2025-07-14,SKU0194,0,161,14,284
2025-07-21,SKU0194,0,0,14,259
2025-07-28,SKU0194,0,0,14,304
2025-08-04,SKU0194,171,44,14,373
2025-08-11,SKU0194,76,0,14,277
2025-08-18,SKU0194,0,0,14,350
2025-08-25,SKU0194,0,0,14,349
2025-09-01,SKU0194,0,0,14,304
2025-09-08,SKU0194,0,232,14,255
2025-09-15,SKU0194,0,0,14,334
2025-09-22,SKU0194,0,0,14,316
2025-09-29,SKU0194,0,0,14,360
2025-10-06,SKU0194,0,0,14,268
2025-10-13,SKU0194,0,0,14,363
2025-10-20,SKU0194,0,183,14,409
2025-10-27,SKU0194,0,0,14,626
2025-11-03,SKU0194,0,0,14,423
2025-11-10,SKU0194,0,0,14,402
2025-11-17,SKU0194,0,0,14,356
2025-11-24,SKU0194,0,0,14,602
2025-12-01,SKU0194,0,355,14,489
2025-12-08,SKU0194,0,277,14,365
2025-12-15,SKU0194,0,0,14,433
2025-12-22,SKU0194,0,0,14,382
2025-12-29,SKU0194,0,181,14,185
2024-01-01,SKU0195,82,0,5,52
2024-01-08,SKU0195,51,0,5,62
2024-01-15,SKU0195,69,6,5,28
2024-01-22,SKU0195,42,0,5,51
2024-01-29,SKU0195,15,0,5,53
2024-02-05,SKU0195,0,0,5,40
2024-02-12,SKU0195,0,0,5,35
2024-02-19,SKU0195,0,0,5,43
2024-02-26,SKU0195,0,0,5,41
2024-03-04,SKU0195,0,0,5,53
2024-03-11,SKU0195,0,0,5,50
2024-03-18,SKU0195,0,0,5,70
2024-03-25,SKU0195,78,6,5,77
2024-04-01,SKU0195,44,0,5,64
2024-04-08,SKU0195,15,0,5,54
2024-04-15,SKU0195,0,0,5,46
2024-04-22,SKU0195,0,0,5,62
2024-04-29,SKU0195,0,0,5,55
2024-05-06,SKU0195,0,0,5,51
2024-05-13,SKU0195,0,0,5,66
2024-05-20,SKU0195,0,0,5,72
2024-05-27,SKU0195,0,0,5,62
2024-06-03,SKU0195,0,86,5,45
2024-06-10,SKU0195,76,4,5,49
2024-06-17,SKU0195,55,0,5,42
2024-06-24,SKU0195,85,3,5,36
2024-07-01,SKU0195,51,0,5,67
2024-07-08,SKU0195,23,0,5,48
2024-07-15,SKU0195,0,0,5,43
2024-07-22,SKU0195,0,0,5,74
2024-07-29,SKU0195,0,91,5,56
2024-08-05,SKU0195,0,0,5,76
2024-08-12,SKU0195,78,8,5,66
2024-08-19,SKU0195,46,0,5,60
2024-08-26,SKU0195,86,3,5,58
2024-09-02,SKU0195,57,0,5,52
2024-09-09,SKU0195,28,0,5,62
2024-09-16,SKU0195,28,1,5,46
2024-09-23,SKU0195,66,5,5,75
2024-09-30,SKU0195,25,0,5,63
2024-10-07,SKU0195,0,0,5,60
2024-10-14,SKU0195,0,69,5,57
2024-10-21,SKU0195,54,10,5,70
2024-10-28,SKU0195,15,0,5,79
2024-11-04,SKU0195,0,0,5,103
2024-11-11,SKU0195,0,0,5,64
2024-11-18,SKU0195,0,0,5,45
2024-11-25,SKU0195,0,0,5,71
2024-12-02,SKU0195,46,11,5,88
2024-12-09,SKU0195,6,0,5,70
2024-12-16,SKU0195,0,127,5,84
2024-12-23,SKU0195,0,0,5,76
2024-12-30,SKU0195,35,1,5,57
2025-01-06,SKU0195,14,0,5,36
2025-01-13,SKU0195,0,0,5,50
2025-01-20,SKU0195,0,0,5,77
2025-01-27,SKU0195,0,0,5,41
2025-02-03,SKU0195,0,0,5,62
2025-02-10,SKU0195,0,0,5,56
2025-02-17,SKU0195,0,0,5,40
2025-02-24,SKU0195,0,0,5,58
2025-03-03,SKU0195,66,8,5,45
2025-03-10,SKU0195,101,5,5,70
2025-03-17,SKU0195,53,0,5,88
2025-03-24,SKU0195,28,78,5,44
2025-03-31,SKU0195,4,0,5,44
2025-04-07,SKU0195,0,0,5,62
2025-04-14,SKU0195,0,0,5,50
2025-04-21,SKU0195,86,1,5,64
2025-04-28,SKU0195,51,0,5,54
2025-05-05,SKU0195,18,0,5,56
2025-05-12,SKU0195,56,15,5,67
2025-05-19,SKU0195,29,54,5,51
2025-05-26,SKU0195,7,0,5,41
2025-06-02,SKU0195,0,74,5,83
2025-06-09,SKU0195,0,30,5,60
2025-06-16,SKU0195,35,8,5,54
2025-06-23,SKU0195,4,0,5,57
2025-06-30,SKU0195,0,0,5,66
2025-07-07,SKU0195,112,2,5,77
2025-07-14,SKU0195,83,0,5,58
2025-07-21,SKU0195,47,0,5,66
2025-07-28,SKU0195,12,0,5,63
2025-08-04,SKU0195,0,0,5,45
2025-08-11,SKU0195,0,0,5,50
2025-08-18,SKU0195,38,10,5,49
2025-08-25,SKU0195,2,0,5,67
2025-09-01,SKU0195,0,67,5,64
2025-09-08,SKU0195,0,0,5,61
2025-09-15,SKU0195,0,0,5,55
2025-09-22,SKU0195,0,0,5,38
2025-09-29,SKU0195,0,68,5,41
2025-10-06,SKU0195,0,65,5,59
2025-10-13,SKU0195,0,113,5,84
2025-10-20,SKU0195,0,0,5,51
2025-10-27,SKU0195,0,0,5,86
2025-11-03,SKU0195,0,0,5,100
2025-11-10,SKU0195,0,0,5,75
2025-11-17,SKU0195,0,0,5,64
2025-11-24,SKU0195,0,0,5,79
2025-12-01,SKU0195,0,0,5,88
2025-12-08,SKU0195,82,18,5,85
2025-12-15,SKU0195,26,0,5,109
2025-12-22,SKU0195,0,0,5,78
2025-12-29,SKU0195,0,40,5,45
2024-01-01,SKU0196,57,0,14,101
2024-01-08,SKU0196,19,0,14,108
2024-01-15,SKU0196,0,52,14,136
2024-01-22,SKU0196,0,0,14,108
2024-01-29,SKU0196,49,21,14,111
2024-02-05,SKU0196,82,15,14,128
2024-02-12,SKU0196,40,0,14,129
2024-02-19,SKU0196,5,0,14,133
2024-02-26,SKU0196,0,88,14,152
2024-03-04,SKU0196,0,0,14,175
2024-03-11,SKU0196,0,0,14,142
2024-03-18,SKU0196,0,0,14,198
2024-03-25,SKU0196,0,0,14,181
2024-04-01,SKU0196,0,81,14,145
2024-04-08,SKU0196,54,6,14,110
2024-04-15,SKU0196,11,0,14,119
2024-04-22,SKU0196,0,79,14,134
2024-04-29,SKU0196,130,1,14,170
2024-05-06,SKU0196,90,130,14,151
2024-05-13,SKU0196,40,75,14,201
2024-05-20,SKU0196,0,0,14,161
2024-05-27,SKU0196,0,0,14,179
2024-06-03,SKU0196,0,0,14,112
2024-06-10,SKU0196,0,0,14,152
2024-06-17,SKU0196,0,0,14,152
2024-06-24,SKU0196,0,0,14,156
2024-07-01,SKU0196,0,176,14,230
2024-07-08,SKU0196,0,0,14,143
2024-07-15,SKU0196,82,32,14,138
2024-07-22,SKU0196,45,0,14,122
2024-07-29,SKU0196,0,184,14,192
2024-08-05,SKU0196,0,0,14,192
2024-08-12,SKU0196,0,140,14,190
2024-08-19,SKU0196,0,97,14,188
2024-08-26,SKU0196,0,0,14,141
2024-09-02,SKU0196,0,0,14,151
2024-09-09,SKU0196,0,0,14,144
2024-09-16,SKU0196,0,111,14,159
2024-09-23,SKU0196,0,70,14,158
2024-09-30,SKU0196,49,6,14,187
2024-10-07,SKU0196,6,0,14,144
2024-10-14,SKU0196,0,63,14,111
2024-10-21,SKU0196,0,167,14,246
2024-10-28,SKU0196,0,0,14,280
2024-11-04,SKU0196,0,0,14,181
2024-11-11,SKU0196,97,40,14,157
2024-11-18,SKU0196,40,0,14,173
2024-11-25,SKU0196,0,0,14,307
2024-12-02,SKU0196,0,0,14,213
2024-12-09,SKU0196,0,123,14,262
2024-12-16,SKU0196,0,0,14,200
2024-12-23,SKU0196,0,0,14,260
2024-12-30,SKU0196,0,0,14,160
2025-01-06,SKU0196,0,0,14,148
2025-01-13,SKU0196,0,0,14,120
2025-01-20,SKU0196,0,0,14,143
2025-01-27,SKU0196,0,146,14,135
2025-02-03,SKU0196,81,33,14,134
2025-02-10,SKU0196,45,60,14,116
2025-02-17,SKU0196,0,0,14,150
2025-02-24,SKU0196,0,120,14,141
2025-03-03,SKU0196,0,52,14,125
2025-03-10,SKU0196,0,0,14,183
2025-03-17,SKU0196,0,110,14,245
2025-03-24,SKU0196,0,0,14,144
2025-03-31,SKU0196,0,0,14,190
2025-04-07,SKU0196,0,0,14,165
2025-04-14,SKU0196,0,0,14,195
2025-04-21,SKU0196,0,0,14,201
2025-04-28,SKU0196,0,0,14,117
2025-05-05,SKU0196,0,0,14,107
2025-05-12,SKU0196,0,0,14,154
2025-05-19,SKU0196,0,0,14,135
2025-05-26,SKU0196,0,0,14,161
2025-06-02,SKU0196,0,130,14,130
2025-06-09,SKU0196,0,0,14,130
2025-06-16,SKU0196,0,69,14,170
2025-06-23,SKU0196,0,0,14,166
2025-06-30,SKU0196,0,0,14,208
2025-07-07,SKU0196,0,0,14,188
2025-07-14,SKU0196,0,138,14,141
2025-07-21,SKU0196,0,0,14,156
2025-07-28,SKU0196,0,0,14,168
2025-08-04,SKU0196,0,0,14,147
2025-08-11,SKU0196,55,19,14,185
2025-08-18,SKU0196,13,89,14,130
2025-08-25,SKU0196,0,0,14,197
2025-09-01,SKU0196,0,79,14,203
2025-09-08,SKU0196,0,0,14,170
2025-09-15,SKU0196,0,0,14,143
2025-09-22,SKU0196,92,11,14,209
2025-09-29,SKU0196,155,25,14,163
2025-10-06,SKU0196,115,0,14,135
2025-10-13,SKU0196,49,0,14,239
2025-10-20,SKU0196,0,202,14,271
2025-10-27,SKU0196,0,0,14,285
2025-11-03,SKU0196,0,0,14,275
2025-11-10,SKU0196,0,0,14,165
2025-11-17,SKU0196,0,134,14,231
2025-11-24,SKU0196,146,17,14,246
2025-12-01,SKU0196,97,0,14,150
2025-12-08,SKU0196,33,0,14,243
2025-12-15,SKU0196,0,154,14,219
2025-12-22,SKU0196,0,0,14,242
2025-12-29,SKU0196,0,0,14,136
2024-01-01,SKU0197,41,0,6,35
2024-01-08,SKU0197,50,9,6,25
2024-01-15,SKU0197,59,6,6,25
2024-01-22,SKU0197,42,0,6,28
2024-01-29,SKU0197,67,1,6,59
2024-02-05,SKU0197,43,0,6,50
2024-02-12,SKU0197,27,0,6,31
2024-02-19,SKU0197,14,0,6,26
2024-02-26,SKU0197,0,0,6,50
2024-03-04,SKU0197,0,0,6,36
2024-03-11,SKU0197,0,0,6,57
2024-03-18,SKU0197,0,0,6,62
2024-03-25,SKU0197,0,0,6,38
2024-04-01,SKU0197,27,9,6,64
2024-04-08,SKU0197,6,0,6,40
2024-04-15,SKU0197,39,5,6,61
2024-04-22,SKU0197,41,4,6,38
2024-04-29,SKU0197,19,55,6,58
2024-05-06,SKU0197,0,0,6,41
2024-05-13,SKU0197,0,0,6,44
2024-05-20,SKU0197,32,4,6,46
2024-05-27,SKU0197,11,0,6,45
2024-06-03,SKU0197,0,0,6,38
2024-06-10,SKU0197,0,0,6,22
2024-06-17,SKU0197,0,0,6,31
2024-06-24,SKU0197,0,0,6,59
2024-07-01,SKU0197,0,0,6,73
2024-07-08,SKU0197,0,0,6,34
2024-07-15,SKU0197,0,0,6,37
2024-07-22,SKU0197,0,26,6,40
2024-07-29,SKU0197,0,0,6,60
2024-08-05,SKU0197,0,0,6,34
2024-08-12,SKU0197,80,5,6,64
2024-08-19,SKU0197,101,9,6,29
2024-08-26,SKU0197,77,0,6,52
2024-09-02,SKU0197,64,0,6,32
2024-09-09,SKU0197,46,0,6,44
2024-09-16,SKU0197,28,0,6,35
2024-09-23,SKU0197,35,6,6,58
2024-09-30,SKU0197,13,67,6,53
2024-10-07,SKU0197,0,0,6,32
2024-10-14,SKU0197,0,0,6,52
2024-10-21,SKU0197,0,0,6,78
2024-10-28,SKU0197,0,0,6,53
2024-11-04,SKU0197,0,0,6,54
2024-11-11,SKU0197,0,0,6,51
2024-11-18,SKU0197,68,5,6,49
2024-11-25,SKU0197,40,0,6,56
2024-12-02,SKU0197,63,2,6,49
2024-12-09,SKU0197,39,57,6,53
2024-12-16,SKU0197,8,87,6,70
2024-12-23,SKU0197,0,0,6,51
2024-12-30,SKU0197,0,63,6,75
2025-01-06,SKU0197,0,0,6,28
2025-01-13,SKU0197,30,3,6,63
2025-01-20,SKU0197,12,0,6,38
2025-01-27,SKU0197,50,5,6,49
2025-02-03,SKU0197,78,5,6,39
2025-02-10,SKU0197,57,0,6,45
2025-02-17,SKU0197,76,1,6,41
2025-02-24,SKU0197,56,0,6,49
2025-03-03,SKU0197,30,0,6,45
2025-03-10,SKU0197,1,0,6,67
2025-03-17,SKU0197,73,13,6,75
2025-03-24,SKU0197,56,53,6,34
2025-03-31,SKU0197,41,27,6,31
2025-04-07,SKU0197,21,50,6,41
2025-04-14,SKU0197,0,0,6,51
2025-04-21,SKU0197,0,28,6,51
2025-04-28,SKU0197,0,27,6,31
2025-05-05,SKU0197,0,0,6,52
2025-05-12,SKU0197,0,0,6,61
2025-05-19,SKU0197,0,0,6,37
2025-05-26,SKU0197,0,0,6,47
2025-06-02,SKU0197,65,13,6,54
2025-06-09,SKU0197,47,49,6,31
2025-06-16,SKU0197,29,0,6,44
2025-06-23,SKU0197,4,0,6,45
2025-06-30,SKU0197,86,15,6,93
2025-07-07,SKU0197,57,0,6,52
2025-07-14,SKU0197,26,0,6,66
2025-07-21,SKU0197,8,35,6,47
2025-07-28,SKU0197,39,8,6,57
2025-08-04,SKU0197,12,0,6,53
2025-08-11,SKU0197,0,0,6,53
2025-08-18,SKU0197,0,0,6,43
2025-08-25,SKU0197,0,0,6,59
2025-09-01,SKU0197,0,0,6,41
2025-09-08,SKU0197,0,0,6,40
2025-09-15,SKU0197,0,0,6,65
2025-09-22,SKU0197,0,0,6,28
2025-09-29,SKU0197,32,14,6,57
2025-10-06,SKU0197,6,0,6,57
2025-10-13,SKU0197,0,0,6,52
2025-10-20,SKU0197,0,0,6,91
2025-10-27,SKU0197,106,19,6,81
2025-11-03,SKU0197,83,31,6,50
2025-11-10,SKU0197,58,0,6,50
2025-11-17,SKU0197,34,0,6,55
2025-11-24,SKU0197,0,0,6,76
2025-12-01,SKU0197,0,0,6,65
2025-12-08,SKU0197,60,8,6,71
2025-12-15,SKU0197,29,0,6,59
2025-12-22,SKU0197,0,0,6,71
2025-12-29,SKU0197,0,0,6,23
2024-01-01,SKU0198,403,0,9,148
2024-01-08,SKU0198,337,0,9,156
2024-01-15,SKU0198,237,0,9,271
2024-01-22,SKU0198,158,0,9,198
2024-01-29,SKU0198,79,0,9,183
2024-02-05,SKU0198,0,0,9,187
2024-02-12,SKU0198,148,11,9,201
2024-02-19,SKU0198,81,0,9,189
2024-02-26,SKU0198,5,0,9,218
2024-03-04,SKU0198,0,151,9,230
2024-03-11,SKU0198,0,0,9,307
2024-03-18,SKU0198,0,0,9,348
2024-03-25,SKU0198,0,0,9,221
2024-04-01,SKU0198,0,0,9,256
2024-04-08,SKU0198,0,0,9,240
2024-04-15,SKU0198,215,69,9,200
2024-04-22,SKU0198,136,0,9,201
2024-04-29,SKU0198,46,207,9,245
2024-05-06,SKU0198,0,0,9,287
2024-05-13,SKU0198,0,0,9,220
2024-05-20,SKU0198,0,0,9,257
2024-05-27,SKU0198,0,0,9,232
2024-06-03,SKU0198,0,0,9,193
2024-06-10,SKU0198,87,13,9,225
2024-06-17,SKU0198,13,0,9,158
2024-06-24,SKU0198,0,0,9,217
2024-07-01,SKU0198,0,0,9,332
2024-07-08,SKU0198,0,0,9,280
2024-07-15,SKU0198,220,29,9,260
2024-07-22,SKU0198,101,0,9,244
2024-07-29,SKU0198,0,277,9,277
2024-08-05,SKU0198,0,0,9,273
2024-08-12,SKU0198,0,0,9,272
2024-08-19,SKU0198,0,0,9,306
2024-08-26,SKU0198,0,0,9,221
2024-09-02,SKU0198,209,78,9,296
2024-09-09,SKU0198,209,29,9,265
2024-09-16,SKU0198,144,0,9,158
2024-09-23,SKU0198,43,217,9,238
2024-09-30,SKU0198,0,0,9,235
2024-10-07,SKU0198,0,255,9,271
2024-10-14,SKU0198,0,0,9,285
2024-10-21,SKU0198,275,4,9,421
2024-10-28,SKU0198,448,125,9,486
2024-11-04,SKU0198,349,0,9,246
2024-11-11,SKU0198,247,0,9,255
2024-11-18,SKU0198,129,0,9,280
2024-11-25,SKU0198,0,0,9,418
2024-12-02,SKU0198,0,0,9,394
2024-12-09,SKU0198,0,0,9,323
2024-12-16,SKU0198,0,0,9,322
2024-12-23,SKU0198,241,55,9,272
2024-12-30,SKU0198,142,0,9,278
2025-01-06,SKU0198,255,33,9,186
2025-01-13,SKU0198,335,49,9,248
2025-01-20,SKU0198,235,211,9,250
2025-01-27,SKU0198,167,218,9,183
2025-02-03,SKU0198,179,28,9,182
2025-02-10,SKU0198,91,0,9,254
2025-02-17,SKU0198,72,27,9,211
2025-02-24,SKU0198,0,0,9,256
2025-03-03,SKU0198,179,42,9,301
2025-03-10,SKU0198,272,10,9,232
2025-03-17,SKU0198,150,0,9,354
2025-03-24,SKU0198,78,0,9,197
2025-03-31,SKU0198,0,0,9,253
2025-04-07,SKU0198,0,0,9,224
2025-04-14,SKU0198,0,245,9,281
2025-04-21,SKU0198,0,0,9,273
2025-04-28,SKU0198,0,0,9,290
2025-05-05,SKU0198,0,0,9,235
2025-05-12,SKU0198,160,26,9,229
2025-05-19,SKU0198,228,19,9,228
2025-05-26,SKU0198,126,0,9,225
2025-06-02,SKU0198,65,134,9,186
2025-06-09,SKU0198,0,0,9,260
2025-06-16,SKU0198,0,0,9,301
2025-06-23,SKU0198,0,0,9,216
2025-06-30,SKU0198,0,357,9,292
2025-07-07,SKU0198,0,0,9,320
2025-07-14,SKU0198,0,0,9,225
2025-07-21,SKU0198,0,293,9,291
2025-07-28,SKU0198,0,0,9,217
2025-08-04,SKU0198,0,0,9,252
2025-08-11,SKU0198,0,307,9,272
2025-08-18,SKU0198,0,0,9,267
2025-08-25,SKU0198,0,270,9,334
2025-09-01,SKU0198,0,0,9,263
2025-09-08,SKU0198,0,0,9,186
2025-09-15,SKU0198,0,0,9,276
2025-09-22,SKU0198,0,0,9,220
2025-09-29,SKU0198,109,8,9,277
2025-10-06,SKU0198,0,207,9,317
2025-10-13,SKU0198,0,226,9,394
2025-10-20,SKU0198,0,0,9,475
2025-10-27,SKU0198,294,85,9,452
2025-11-03,SKU0198,141,0,9,390
2025-11-10,SKU0198,252,87,9,327
2025-11-17,SKU0198,112,0,9,306
2025-11-24,SKU0198,0,0,9,441
2025-12-01,SKU0198,0,291,9,359
2025-12-08,SKU0198,0,0,9,391
2025-12-15,SKU0198,0,427,9,339
2025-12-22,SKU0198,0,0,9,367
2025-12-29,SKU0198,138,48,9,178
2024-01-01,SKU0199,106,0,3,14
2024-01-08,SKU0199,95,12,3,15
2024-01-15,SKU0199,85,0,3,17
2024-01-22,SKU0199,73,0,3,20
2024-01-29,SKU0199,65,0,3,15
2024-02-05,SKU0199,57,24,3,14
2024-02-12,SKU0199,47,0,3,20
2024-02-19,SKU0199,61,4,3,17
2024-02-26,SKU0199,54,13,3,12
2024-03-04,SKU0199,40,25,3,24
2024-03-11,SKU0199,21,0,3,29
2024-03-18,SKU0199,1,0,3,30
2024-03-25,SKU0199,0,0,3,24
2024-04-01,SKU0199,0,0,3,17
2024-04-08,SKU0199,0,0,3,22
2024-04-15,SKU0199,0,0,3,20
2024-04-22,SKU0199,8,4,3,11
2024-04-29,SKU0199,0,0,3,23
2024-05-06,SKU0199,0,0,3,24
2024-05-13,SKU0199,0,0,3,13
2024-05-20,SKU0199,10,2,3,9
2024-05-27,SKU0199,0,0,3,27
2024-06-03,SKU0199,0,0,3,32
2024-06-10,SKU0199,0,0,3,22
2024-06-17,SKU0199,0,0,3,9
2024-06-24,SKU0199,25,4,3,31
2024-07-01,SKU0199,9,0,3,22
2024-07-08,SKU0199,13,4,3,24
2024-07-15,SKU0199,0,0,3,22
2024-07-22,SKU0199,0,0,3,13
2024-07-29,SKU0199,0,0,3,15
2024-08-05,SKU0199,0,27,3,20
2024-08-12,SKU0199,0,0,3,23
2024-08-19,SKU0199,10,5,3,16
2024-08-26,SKU0199,3,0,3,11
2024-09-02,SKU0199,0,0,3,14
2024-09-09,SKU0199,0,0,3,28
2024-09-16,SKU0199,0,0,3,19
2024-09-23,SKU0199,24,7,3,20
2024-09-30,SKU0199,15,0,3,13
2024-10-07,SKU0199,6,0,3,16
2024-10-14,SKU0199,0,0,3,32
2024-10-21,SKU0199,13,5,3,28
2024-10-28,SKU0199,0,0,3,41
2024-11-04,SKU0199,0,32,3,32
2024-11-11,SKU0199,0,0,3,12
2024-11-18,SKU0199,0,0,3,26
2024-11-25,SKU0199,0,21,3,28
2024-12-02,SKU0199,0,40,3,20
2024-12-09,SKU0199,0,0,3,27
2024-12-16,SKU0199,0,0,3,24
2024-12-23,SKU0199,58,14,3,39
2024-12-30,SKU0199,66,6,3,21
2025-01-06,SKU0199,49,0,3,23
2025-01-13,SKU0199,42,0,3,11
2025-01-20,SKU0199,36,0,3,11
2025-01-27,SKU0199,24,26,3,21
2025-02-03,SKU0199,35,4,3,15
2025-02-10,SKU0199,35,3,3,17
2025-02-17,SKU0199,41,4,3,24
2025-02-24,SKU0199,33,0,3,15
2025-03-03,SKU0199,21,0,3,16
2025-03-10,SKU0199,9,0,3,21
2025-03-17,SKU0199,0,0,3,37
2025-03-24,SKU0199,0,0,3,19
2025-03-31,SKU0199,0,10,3,11
2025-04-07,SKU0199,0,0,3,19
2025-04-14,SKU0199,0,0,3,22
2025-04-21,SKU0199,0,0,3,23
2025-04-28,SKU0199,0,16,3,19
2025-05-05,SKU0199,0,0,3,17
2025-05-12,SKU0199,0,0,3,27
2025-05-19,SKU0199,0,0,3,22
2025-05-26,SKU0199,0,0,3,23
2025-06-02,SKU0199,0,0,3,22
2025-06-09,SKU0199,16,4,3,20
2025-06-16,SKU0199,0,0,3,29
2025-06-23,SKU0199,12,1,3,11
2025-06-30,SKU0199,3,0,3,12
2025-07-07,SKU0199,0,30,3,23
2025-07-14,SKU0199,42,1,3,30
2025-07-21,SKU0199,25,0,3,28
2025-07-28,SKU0199,13,0,3,18
2025-08-04,SKU0199,18,4,3,13
2025-08-11,SKU0199,8,0,3,18
2025-08-18,SKU0199,24,11,3,18
2025-08-25,SKU0199,25,2,3,17
2025-09-01,SKU0199,10,25,3,26
2025-09-08,SKU0199,0,0,3,22
2025-09-15,SKU0199,0,0,3,20
2025-09-22,SKU0199,16,1,3,22
2025-09-29,SKU0199,3,30,3,19
2025-10-06,SKU0199,0,0,3,25
2025-10-13,SKU0199,0,0,3,28
2025-10-20,SKU0199,0,0,3,37
2025-10-27,SKU0199,0,31,3,28
2025-11-03,SKU0199,56,8,3,44
2025-11-10,SKU0199,40,0,3,27
2025-11-17,SKU0199,65,6,3,35
2025-11-24,SKU0199,42,0,3,31
2025-12-01,SKU0199,28,0,3,23
2025-12-08,SKU0199,13,0,3,20
2025-12-15,SKU0199,0,0,3,24
2025-12-22,SKU0199,0,0,3,28
2025-12-29,SKU0199,7,3,3,10
2024-01-01,SKU0200,99,23,4,36
2024-01-08,SKU0200,76,0,4,34
2024-01-15,SKU0200,62,40,4,25
2024-01-22,SKU0200,46,0,4,30
2024-01-29,SKU0200,32,44,4,25
2024-02-05,SKU0200,4,0,4,49
2024-02-12,SKU0200,0,23,4,27
2024-02-19,SKU0200,0,21,4,22
2024-02-26,SKU0200,0,28,4,38
2024-03-04,SKU0200,0,0,4,28
2024-03-11,SKU0200,0,80,4,54
2024-03-18,SKU0200,75,25,4,67
2024-03-25,SKU0200,55,0,4,30
2024-04-01,SKU0200,37,0,4,31
2024-04-08,SKU0200,14,0,4,46
2024-04-15,SKU0200,0,0,4,25
2024-04-22,SKU0200,0,0,4,45
2024-04-29,SKU0200,0,0,4,37
2024-05-06,SKU0200,0,0,4,35
2024-05-13,SKU0200,0,0,4,45
2024-05-20,SKU0200,0,0,4,40
2024-05-27,SKU0200,0,42,4,50
2024-06-03,SKU0200,0,48,4,48
2024-06-10,SKU0200,0,26,4,22
2024-06-17,SKU0200,0,0,4,36
2024-06-24,SKU0200,0,25,4,35
2024-07-01,SKU0200,0,0,4,57
2024-07-08,SKU0200,0,0,4,40
2024-07-15,SKU0200,0,0,4,40
2024-07-22,SKU0200,0,77,4,47
2024-07-29,SKU0200,25,10,4,37
2024-08-05,SKU0200,0,0,4,47
2024-08-12,SKU0200,0,0,4,34
2024-08-19,SKU0200,0,0,4,54
2024-08-26,SKU0200,0,0,4,51
2024-09-02,SKU0200,0,0,4,32
2024-09-09,SKU0200,0,0,4,39
2024-09-16,SKU0200,0,0,4,49
2024-09-23,SKU0200,0,0,4,39
2024-09-30,SKU0200,0,0,4,33
2024-10-07,SKU0200,0,0,4,47
2024-10-14,SKU0200,0,0,4,47
2024-10-21,SKU0200,0,0,4,55
2024-10-28,SKU0200,0,0,4,59
2024-11-04,SKU0200,0,0,4,65
2024-11-11,SKU0200,0,0,4,50
2024-11-18,SKU0200,30,9,4,38
2024-11-25,SKU0200,42,13,4,70
2024-12-02,SKU0200,6,0,4,70
2024-12-09,SKU0200,0,0,4,66
2024-12-16,SKU0200,0,68,4,43
2024-12-23,SKU0200,47,21,4,80
2024-12-30,SKU0200,22,0,4,40
2025-01-06,SKU0200,3,0,4,27
2025-01-13,SKU0200,0,0,4,41
2025-01-20,SKU0200,46,8,4,51
2025-01-27,SKU0200,23,74,4,36
2025-02-03,SKU0200,0,48,4,47
2025-02-10,SKU0200,0,40,4,44
2025-02-17,SKU0200,0,0,4,37
2025-02-24,SKU0200,0,39,4,31
2025-03-03,SKU0200,0,0,4,40
2025-03-10,SKU0200,0,89,4,56
2025-03-17,SKU0200,45,19,4,45
2025-03-24,SKU0200,18,0,4,45
2025-03-31,SKU0200,0,0,4,38
2025-04-07,SKU0200,0,0,4,21
2025-04-14,SKU0200,63,7,4,37
2025-04-21,SKU0200,71,13,4,50
2025-04-28,SKU0200,68,5,4,40
2025-05-05,SKU0200,36,0,4,46
2025-05-12,SKU0200,56,3,4,21
2025-05-19,SKU0200,25,0,4,49
2025-05-26,SKU0200,26,12,4,55
2025-06-02,SKU0200,3,28,4,43
2025-06-09,SKU0200,25,10,4,37
2025-06-16,SKU0200,11,47,4,25
2025-06-23,SKU0200,0,37,4,37
2025-06-30,SKU0200,0,0,4,78
2025-07-07,SKU0200,0,0,4,70
2025-07-14,SKU0200,0,0,4,35
2025-07-21,SKU0200,0,0,4,52
2025-07-28,SKU0200,36,10,4,54
2025-08-04,SKU0200,19,0,4,31
2025-08-11,SKU0200,1,0,4,28
2025-08-18,SKU0200,0,0,4,43
2025-08-25,SKU0200,0,36,4,62
2025-09-01,SKU0200,0,26,4,43
2025-09-08,SKU0200,0,0,4,48
2025-09-15,SKU0200,0,0,4,33
2025-09-22,SKU0200,0,0,4,38
2025-09-29,SKU0200,0,0,4,62
2025-10-06,SKU0200,0,0,4,43
2025-10-13,SKU0200,0,27,4,39
2025-10-20,SKU0200,39,17,4,69
2025-10-27,SKU0200,86,18,4,66
2025-11-03,SKU0200,42,0,4,71
2025-11-10,SKU0200,3,0,4,59
2025-11-17,SKU0200,54,23,4,59
2025-11-24,SKU0200,20,0,4,66
2025-12-01,SKU0200,0,0,4,68
2025-12-08,SKU0200,0,95,4,84
2025-12-15,SKU0200,0,0,4,52
2025-12-22,SKU0200,0,0,4,62
2025-12-29,SKU0200,0,0,4,23
